-- phpMyAdmin SQL Dump
-- version 5.2.2
-- https://www.phpmyadmin.net/
--
-- Host: 127.0.0.1:3306
-- Tempo de geração: 07/03/2026 às 01:36
-- Versão do servidor: 11.8.3-MariaDB-log
-- Versão do PHP: 7.2.34

SET SQL_MODE = "NO_AUTO_VALUE_ON_ZERO";
START TRANSACTION;
SET time_zone = "+00:00";


/*!40101 SET @OLD_CHARACTER_SET_CLIENT=@@CHARACTER_SET_CLIENT */;
/*!40101 SET @OLD_CHARACTER_SET_RESULTS=@@CHARACTER_SET_RESULTS */;
/*!40101 SET @OLD_COLLATION_CONNECTION=@@COLLATION_CONNECTION */;
/*!40101 SET NAMES utf8mb4 */;

--
-- Banco de dados: `u268549871_saas`
--

-- --------------------------------------------------------

--
-- Estrutura para tabela `apontamentos`
--

CREATE TABLE `apontamentos` (
  `id` int(11) NOT NULL,
  `funcionario_id` int(11) NOT NULL,
  `funcionario_nome_snapshot` varchar(200) DEFAULT NULL,
  `funcionario_passaporte_snapshot` varchar(50) DEFAULT NULL,
  `obra_id` int(11) NOT NULL,
  `obra_nome_snapshot` varchar(200) DEFAULT NULL,
  `obra_numero_snapshot` varchar(50) DEFAULT NULL,
  `semana_inicio` date NOT NULL COMMENT 'Segunda-feira da semana',
  `horas_diarias` longtext CHARACTER SET utf8mb4 COLLATE utf8mb4_bin NOT NULL COMMENT '{"mon": 8, "tue": 8, ...}' CHECK (json_valid(`horas_diarias`)),
  `total_horas` decimal(6,2) DEFAULT 0.00,
  `horas_normais` decimal(5,1) DEFAULT 0.0,
  `horas_extra` decimal(5,1) DEFAULT 0.0,
  `horas_noturna` decimal(5,1) DEFAULT 0.0,
  `status` enum('rascunho','enviado','aprovado_encarregado','aprovado','rejeitado') NOT NULL DEFAULT 'rascunho',
  `observacao_rejeicao` text DEFAULT NULL,
  `enviado_em` datetime DEFAULT NULL,
  `aprovado_em` datetime DEFAULT NULL,
  `aprovado_admin_em` datetime DEFAULT NULL,
  `aprovado_por` int(11) DEFAULT NULL,
  `aprovado_admin_por` int(11) DEFAULT NULL,
  `assinatura_base64` longtext DEFAULT NULL,
  `assinatura_admin_base64` longtext DEFAULT NULL,
  `criado_em` timestamp NULL DEFAULT current_timestamp(),
  `atualizado_em` timestamp NULL DEFAULT current_timestamp() ON UPDATE current_timestamp(),
  `deletado_em` datetime DEFAULT NULL
) ENGINE=InnoDB DEFAULT CHARSET=utf8mb4 COLLATE=utf8mb4_unicode_ci;

--
-- Despejando dados para a tabela `apontamentos`
--

INSERT INTO `apontamentos` (`id`, `funcionario_id`, `funcionario_nome_snapshot`, `funcionario_passaporte_snapshot`, `obra_id`, `obra_nome_snapshot`, `obra_numero_snapshot`, `semana_inicio`, `horas_diarias`, `total_horas`, `horas_normais`, `horas_extra`, `horas_noturna`, `status`, `observacao_rejeicao`, `enviado_em`, `aprovado_em`, `aprovado_admin_em`, `aprovado_por`, `aprovado_admin_por`, `assinatura_base64`, `assinatura_admin_base64`, `criado_em`, `atualizado_em`, `deletado_em`) VALUES
(1, 2, 'Juan García', 'FUNC001', 1, 'Edificio Central', 'OB-001', '2026-02-02', '{\"mon\":1,\"tue\":1,\"wed\":1,\"thu\":1,\"fri\":1,\"sat\":1}', 0.00, 0.0, 0.0, 0.0, 'aprovado', NULL, '2026-02-02 21:47:47', '2026-02-02 21:49:30', NULL, 1, NULL, 'data:image/png;base64,iVBORw0KGgoAAAANSUhEUgAAAUAAAACWCAYAAACvgFEsAAAQAElEQVR4AeydX4gcx53HO8GgA4EFDhFngcwFbPDDHjYng4LmIrCOHCfI3mmf3MLmbGKQYIP05PFLJG6NFS6oA4ZeIpDBDwo5PHrSHjIxXEAGg4QXpANjHcjIkEMTZFC4gEIMJxDc1adnf7M1Pb2zs7sz3TXdX6Hf1p/uqvrVt6q+9auq7p5v//nP3/yfRBioD6gPNLEPfDvSPyEgBIRAQxEQATa04VVtISAEoqjRBKgOIASEQLMREAE2u/1VeyHQaAREgI1uflVeCDQbARFgU9tf9RYCQkB7gOoDQkAINBcBWYDNbXvVXAg0HgERYOO7QBMBUJ2FQA8BEWAPB/0VAkKggQiIABvY6KqyEBACPQREgD0c9FcINAUB1dNDQATogSGvEBACzUJABNis9lZthYAQ8BAQAXpgyCsEhEC9EcjXTgSYR0RhISAEGoOACLAxTa2KCgEhkEdABJhHRGEhIAQag0CjCLAxraqKCgEhMBYCIsCxYNJNQkAI1BEBEWAdW1V1EgJCYCwERIBjwVSDm1QFISAEhhAQAQ5BogghIASagoAIsCktrXoKASEwhIAIcAgSRdQPAdVICBQjIAIsxkWxQkAINAABEWADGllVFAJCoBgBEWAxLooVAnVBQPUYgYAIcAQ4uiQEhEC9ERAB1rt9VTshIARGICACHAGOLgkBITDbCGymvQhwM4R0XQgIgdoiIAKsbdOqYkJACGyGgAhwM4R0XQgIgdoiUGsCrKLVDhw4ECHXr1+voniVKQSEwBYQEAFuAazNboX4ut17UU+6m92u60JACFSMgAhwQg2wsHAsIz6y27//majVOoRXIgSEQMAIiAAn0DiQny15Ib80TSPcCWS9/SyUUggIgU0REAFuCtHoG3zy407Ir9Vq4ZUIASEQOAIiwG02EPt8efJrt9tu6Svy2yakSiYESkdABLgNyFnuHjlyJMK15Fh97fbbFpRbKQIqXAiMh4AIcDyc+neZ5ffw4cN+HB6WvrgSISAEZgcBEeAW2gry41GXfJIjR/5Ohx55UBQWAjOAgAhwC4107NhC4d1Jcr4wXpFCYCsIMLki/tbKVtKv3StnCwiIAMcEiwMPLMD87VeurMj6y4Oi8JYQoF9BfLg90UP0WwJwBzeLAMcAD/IrmpUhPw4/xshCtwiBQgQgPCM/buD50ZYeogeKUkQEuAnMLG+LyE+PvGwCnC5vigD9CvKzGyG/W7duaUVhgGzD3WoSEeAIxOigSZIM3RHHxyM98jIEiyK2gECn04lYWViSVqsVQX4WllsOAiLADXBmaeJ3ULuNjqpHXgyN2XJpU19WVq5EEBFCfFm1YWI9ffpUvzj6FNsp/Qh5SkNABLgB1HEcD11RRx2CJPgIiC1xp/RMZiw3fTlx4kQEESEWf/r06ejChV9mxEhak0lVFPJDF8tPfcqQqMatFQFOCkIGwd27dweyU0cdgCPoAKQF6RmpJW4bA+LZTGnSdTofRktLSxkxWnrcvXu/m33nEfJKHKFy72b55a+ThvQWz56fLD9DoxpXBJjDHfJjEPjRIj8fjXD9EAzkBGEljvQIT1Jb8oNIyZtnQt9888fR6upnYxVBWtLYzU8+uSdacUtwC8utBgERoIc7s3Oe/FgmaZb2QArUmzirzIgvryKWVpwdXLWjNF3OhAMHhLYljkkun25UuNu9F129ejWan5931uLp/rcgN0oD+ZHGrn/yyTWd9hoYFboiwDXwIT9m97Vg5vCoy7lzP8v8wf9pqIKQShHxPfXUd6LY7eNCckiaptnJPXEIpIhAfIQhwgcP/pCR2tLSOy7t8bG/7MOkCcFBwkXNQN9CT7uWpssiPwOjYlcE6BrgzJmfDnzZxUVlnV+PuoBEuHLlypVsX67rrDHTElKDYO7cuZNZeoTt2jjuwYPfjxYXF13aNDJShEAR8o2dJVmUDzp0OpeH+lGn0xmIY1KNHTEX5aG48hFoPAFi9b3//vsDyNPR6fwDkQoEhQDtdvLkiQGdIBeIatIEA4ki5Js6S5Iyjh49OlA2AUiQPWT8SC+8/rhL7MhTkyrIhCONJkAGEcsTvzkgvlgztA9JcP7hdosya60scoEML136VfbgMqTrAwTpYfURZy5+0kCe+CXhINBoAsyTH5Yge0LhNI80ySOAheW32759+zLyq6LdIDUmy3zZP//5v2aHIok7iTb980Rp8XKrRaCxBHjkyMsDyKfpcsRG9kCkAsEg0HX7fBAfBw6mFATESWyegOx6GS46vPVWe6Co+/fvR2+88UY/bm5uzh2qxJH+hYdAIwkwSc5Ht2/f7rcGA4iZvB8hT3AIYPmx9DXFIB6eo8O1uKpc+s+ePXsGiv/iiy/64UuXLvX9U/Aoyx0g0DgCxJJIvKXJrl1/kZ347QBDJZ0yAlh+PvlBOBxEhEB+VvX8TyRYPEvfkPQ0veT2EGgcAeaXuZChOmivM4T4N3HWep78OKgKSVd0LNKHflXWwUxR+YrbHIFGESDLKCxAg4UOqqWvoRGeC/ElnrWO5Rca+YFap3MZZ0ji+JWhOEVMFoGd5tYYAoT4/A10gGMZhSsJDwHIj6WvaRYq+fEuMH3L9DSXyVXWn6ERrtsYAuR1Kb8ZOPX1w/KHgwCE8sYbr/cVCpX8UPDTTz/FGRJZf0OQBBnRCAI8dWr9aXxagQGlpS9IhCeQH1sVdqhw8ODB7Dm/8DTtaeQv0XsxUfT00/uy944tLDdcBGaaAMeBlQF1+XJn4NY0TQfCCoSDAOTH8heNmKiuXv0Ib5DiL9F9BQ8fPuwH5Q8YgVoTIOSXX/rqsYRwe6NPfuyhhTxRFX1Aw5DV6sKQCN+tNQEyoPwmYFBpY9pHJBx/p9OJ/EMqyI/2CkfDdU3Qldcm12PWfeiM5boeI1/ICNSWAOmktpSyBmBQmX/m3RpVAEud3+WwKmGlh0oiSXI+8nVFZ151w0V0+AEKsyO1JcDEe36M5gh5UKFfk4XJyuqPBRWilQ5Js52S71csd/3XKg8dallV5M4AArUkQDorYviHOqhMvya7WOk+qYRopWPxQX5+n6LN0nTZnfaufwiBfhaq5Yq+kmEEakmAZ86cGagp1t9AhALBIPCLX6z/8DwfGR2PQMpRH3KG+HwLlZLRkc/nY/3du9clSjKjCNSSAD/++ON+c+zatUufIuqjEZYHgkFMq3Pnzpm3Urfbvef2+U5HPOaC35Thd0aw+vzX8R48eGCXoxdffLHvl2c2EKgdAfoDiibInwQTJwkDAd/6i+Pjlf9QEGSXuEOOntX34QBI8/P/GPE7I3Hua+FffbX++9FPP/2XA2kUCB+B2hHgjRvXB1BnX2YgokYBBiyDFckTf+jVZFnp69xuv1WZyuBo+3xJ7vCM/oPV98EHHxTq1+3+vh8/N/fXff8UPcp6ggjUjgA7uS9z5GfsCWJXWVYQB6SHMHh7Mlt7Uf7bOXFF1h+4JX2Lb/BtIYiv3W5nv/sR56w+v+HJww/LP1sI1I4A/Q5JJ56t5hitrQ3W/N4U9Wy1Do1OHNBVCBwxldKSX02kjxiWSc7i27t3b3ayy5eCxnkcR4cg1oqz6daOAGezGUZrzcccnn/++YjByuC1uyE+NuQZrPgtPnT38uXLfRVjZ/31A1P2gN2ope6JEyei27f/yxHg21PWRNlvF4FJp6s1AT5+/HjSeJWaHwMWa+/y5U70xz/+T79syM6WZ63W7D1467/y1i5p7y8ZY6l77tzP+hiP6/Hxp73GTaf7wkCgdgT45JPrP07zpz89DAPlbWjBEpE9Plw/OQMOi2+c5ZmfLhR/p7O+14b1B5lPUzdIiUkkyS11eaSlvbbHtxMs247AaRPqspN8polBUd6JmxD27v2uW1WcL7rcmLjaEeC3vrXedrt3714PzJAPkmDQ5lWem5sL+tt4eX2LwlizFv/KK6+Yd+IuxMcgL5pE7JGWSRAWBM42RNn7mDsBrIdN7wH0xE0MhHeS3yynnSkCHAdoSMLu8x9StbjQXciPfSpfTxtk16594kfPnJ+BdvPmzUxvPhqK5ZQFJvgncZZNyx0IQXyJG9x+1objRo+0+PfW2Z9/NhZc6lzfUXWrHQHmK8ugy8eFGn799X+OisgP66I1g3t9eZwh90ePHmXRJ0+eyNxJ/KGNE0d8vSVdEt29u/5wsuUPfmwd4FpcE122VBCre9ttA5i/iW7tCXAWGpUBzJLXf4UPvZmZV1auRHUZtIlnkS0u/oQqbkvAK3GEB2aQXpG1ZxkzwCE+lqkW12Q3b/1NYhtglvGsHQFCGrPUIAxkBrA/K6M/pAf59etD5AwLpGXqQ0rmH9clPVhBeuCVODLNY2Z5gRmPtDx48IfskRbCdq3JbuImDXA0DLbTDpa2Lm7tCDDfMNev38hHBRGmIx448DfuFK63Ge0rxT4mFkudBi7LX6vjuN/Mg+AYtEeOvBwdOHAgw4o4y8d3wYoBDW5YfNt5pMXPb6t+9EM20m+r+U3jfv8r1j283p5GMTOVZ+0I8NChwTcibtwIjwAhv5MnT0bd7uDra3RKBvCsH3YUjYDEWWzEU0esW/xF0u3ec0R3PmJpi7VHutu3bxfdmn08wSc9lnOj8i7MZAKRkDt692SwTSeQ/USySJz1Z7+0R4ZvvvljnMZL7QgwjuNsYFjL8tAtHdPCVbvowj6MnYaaPi+99FLEkreKAWw6TMulzqPy5jqY8LYLVlSyRpbradZ94APpsbzF0quK9NY1itwe7SEnrazftdwJtH8tFH/He0eeE/id7MGGUqdJ6FE7AgSU/O8yMGCID0GOHVuI8suk/fv3R7/5zcfZAApBx0nrcPPmrX6WR4/+Q98PDlh5kB4Tlf+2S/8m58FqtD09LGRIz0UH8x/90AtCxh+MYmuKMMEga8HotddeNW/j3ZoSYDzQsHfvfjVEOgM3lBRgsPsdkWJbrVZ069Z/4q2t+N/M27NnT9YW7OuBByRYVHGIhInLLL2y9/SKdJrVOCZdX/fQJhBft7L9tSRABk+aLvex7Lp9Jf/jm/0LJXvygx09sRxKVqP04vxv5q2srGRfWi7a12MyWFp6JzLS00DNmmpHfxK390f/t0yYVMwvN4pqSYA0bCu3FwP50Bm4VoVcuXJlqNgLF345FFfHCJa3Vq+ih5Tj+Lizgm9lr/ktLi7arXJ3iADE5xsCTLiaVAZBrS0B0th56ypxm+uJmxEHISgn5L+jbCX+7nf/bd7auqurn21YNw5+2DdL07S2+58bVr6ECxwsPXr0v/2SZP31oeh7akuA1PCZZ/Znp3OR9y+piATZh9m3b5+nSRShC7P0QGSNAljd8/PzQzWyyanOBz9DlS45otPpZHutViwnv3E8uDdu10J2p61brQmQgVZkXUA8zI7TBjef/6uvDp6+QX4QI0SRv3fWw9SJQ458PbBCsPpa7vAnf03hySCQuFVO/p3yzz//fDKZ1yyXWhMgbQUJ8nxd7PaZCJuw8kWP5wAACklJREFUL5XvJHZtWm7sZmD08fOHBCEKCBm/f20W/dTh2LF/yg46ivQHg6J4xU0GAb4enrhVjp9bfivIv9Z0f+0JkAaGdNrtt6J4iAQ7EcTDPWUIevCMIm6+PAiZt1gSN3vnr81KGN15pm/U2zfnzw+/+jcr9QtdT/qy/71F9E3T5aFtIOIlPQSCJsCeipP5C+lAgu3c538gHjrOZErZPBdO4dABffJ3P3r0KOp0Lru9wdn7Si9WbJKzPKgfkw4PeuNHRpEj1yXbQwD86ct+asgvdqsOP07+QQQaQ4BUG9KBgJaWlgj2hY5TJgnSKVmWF+2Ddbu8C5usvfx/PiLcVzRAD/ox+Njzy6t38eL7UepOeMHcrnF/x23QW1juzhAAzyL8wZ5+trPc65+6UQRozbm4+BM3MNcflCYeEmT5RociPG2BjNmb4RWvorLQA4vq5ZePRPPzPwqSCCE9MMPN1wErd2FhIYtu5Z7JpF7UL7uoP9tGIHHbJXn8rV8Z9tvOvCEJG0mAtC2zY5oOkmDXWV+cyhY9tEyaaQiveHEqSscdyH8twA87ra6uZhYhVmoR2azdWqqDFbewcKywTMjPt/qoG3F2s+FsYblbQwD8wD7JbTm03Mn6RiuLrZXQnLsbS4A0MSToD0zi6FwnT57I9uHwEzdtgSDouHld8uVipdLxn3322YjPGUFCibMCkHfffdftH3b6QhzXkdXVz7JnwvCbQKQIdUQoC9eEaz/4wd9mn6XitJx48jlz5qdrZHyKJANCPbBqffKzG8Ca6xYmP6wXXIuTuzkC4MUkTfv4d9N3wN7H2L8ufzECjSZAIGGwFllgiZtd6Wh0OO6bttBxTRc6M7P5RmViFV69etWdYJ9yRJ1ksrycZmHICkF/XGR+fj57LAW/CUSKQEII39/DNeHal19+makAaRJPPnxUswgTTrAh8Y30pn5czzJc+0M+P/zh30cXL15ci5EzCgFIj3YAN7sPvOm/9B2Lkzs+Ao0nQKCywfnqq69F/tsadDQ6XOKsLPzcO21BFzozs3mvY7enXeSO84ewV1b+fdPX2agbdcK1QvkE1tmzZxx5n/b2Oe2qXEOASYhJycK44E4/8fEkXjI+AiLANazoRO+9916EZcWsuhadOYmzBtl/K4sEs0LdH3SCDCENOruLmtr/J554Ykt593RrZ19uQcdozH+kwxLE9ZOwvMfixsrx4+WPsu0LLHcfC4hvK7j7aeVfR0AEuI5F5mNg9jpXe8CiYWBiDTITZzeW+Aed6OwQIY83cHgTx8ezB1wha8gR4kbvvJDGF7tucXx6Crl//+uo6ESa8khDGcipU6ezE3TSo9N2YKA+kODRo0cHkjPBYOVUMdkMKBJQgP4GJqYS7U174Vqc3O0jIALcADsGd5oOf6WEmZgOyWDdIOnUoiGOhYWFKI5jR0Jp9vmoHjm9HR08+P0+ITI4TEjjSz7elIV02N+zMC55Ux5pwAM5e/ZsVj7XdyLodOnSryJIFb+fF9Ygkw06MfH41xrgz6p44cKF6MUXX3BbA6eyMH9oB9oEv2QyCIgAR+BIh8PSiZ215Q9SBiUDlNm5CiIcofKWL6H/wsIxd3r84UDaNF3OCHUgcgoBSBVr0MfXioEI0Q3h9Jn77Fod3W73njvQOp+dsi8t/Ut0//79fjXpiyK/PhwT84gAx4AydZYgQif0b8canOV9KyNyXKsXRMRAi52VaXHTdimTiabIGqRs9MM6ZYnOxINlWIfJh7pRj8QdskHy1C1x+80QIdeQ2E2+YEObEJZMFgER4Jh4Qn50QoQBa8norHRelisMVIsP3cWaQm9fT+pVRPT+PdP0Yw0y2NN0eWD/1S+z66wkLEMmHwgDoR5I4ogEQkG4z083bT/lbSToYwJ5z8//KLPyePSIeiSO9Py+QzswGfSwGN6GmXZdqsy/7LJFgFtEHCKkY0KE+C05yxUGIQOSzm7xIboMQqwpXzezNPw6+dfL9MfO+jSMIYKnnvrOhsVDOpAHApFAKAjtsG/f0xnR4KdtfLE43Lzwg035OMKWHj/y3HPP9vMnvJGgjwnkvbq6OvTID6QH9tSXujMZEBfp31QREAFuE146KyTIKWnslinWWRmQdHYGQ+IsEgbmNouYeDJ0YxAzCC3z3bt3Z4cpqVvmW1woLhhDBHfu3Ml+MyRNl90BzPGx1Xv8+HFGNF1nNdIOvlgcbl74waZ8HGFLjx95+PBhP/+xlXI3zs3NZYc/kB114lQX0qM/UV93i/6XhIAIcIdAL7hT2dSRB0tKOrRlxwBJ3NJmwR0whECG6JPfr+Qz6b/+9b+VcthhuGzXZYKJnWUI1hAGZJGmPUKEKBHuMeH3Rp577rlsKU3cqHK5bkI6Hs+J3aRGniZ2nTB+7rP8iSsS8qBPoCcCyaH7tWufOAJ8O5PY1WmUbro2XQSCIsDpVnW6uTMomL3p5HR6BoSV2HUWSJ4MibPr03QpxyxS/FYW+n700dWZID/T2XfBF/JI3eQDGSJgb8LvjVy/fiOzHImDeHzx4/CbkI7Hc/x8/bzNz32WP3FFQh70CfREwNyvg/zVIyACnHAb0Mnp9AwIBtVGZHj48OGIvbhp7hcmbgmO1ZcvA/JAN3SdcPVnJrsm131mGqkERUWAUwSZQbYRGX7zzTfZs3dmnUFWk1AFK4+8OGFM3BKcsOXLYUKaLmd7fhYnVwg0GQERYEmt75Mhr61hGRJH8V2WyI6s2CvEKmSznfhxhLQIVp6dXkJ8+bTs9/32t//hDhHi/CWFhUBjERABVtD0vLaGZWgHJz4RckLLwQkWHISIQIomXENeeOGF6Hvf+6v+YxhYkpxe5qtD3lh9/Cwi/vx1hYVAkxEQAVbY+hBSERGaSlh2CKRognWIfP31/YhltN2bd2N3ignxsdcX66QxD4/CQiBDQASYwVDtHyNCyIrDk6WldyKeFSN+lGa7du3KHvPgUAOJHenxXCKnnak7HY1nhvhG1VLXhMD0EBABTg/bbeUMkS0uLkY8KwYhIpCiCWEIDul2f5895mHXIL2FhYVtlatEQqCJCIgAA291rEBI0YRw4CpLPSEwMwiIAGemqaRoTRFQtSpEQARYIfgqWggIgWoREAFWi79KFwJCoEIERIAVgq+ihUDTEai6/iLAqltA5QsBIVAZAiLAyqBXwUJACFSNgAiw6hZQ+UJACFSGQKUEWFmtVbAQEAJCwCEgAnQg6L8QEALNREAE2Mx2V62FgBBwCIgAHQiV/FehQkAIVI6ACLDyJpACQkAIVIWACLAq5FWuEBAClSMgAqy8CZqogOosBMJAQAQYRjtICyEgBCpAQARYAegqUggIgTAQEAGG0Q7SojkIqKYBISACDKgxpIoQEALlIiACLBdvlSYEhEBACIgAA2oMqSIE6o5AaPUTAYbWItJHCAiB0hAQAZYGtQoSAkIgNAREgKG1iPQRAkKgNARKJcDSaqWChIAQEAJjICACHAMk3SIEhEA9ERAB1rNdVSshIATGQOD/AQAA//9twuGjAAAABklEQVQDAB4xuA7oqc3SAAAAAElFTkSuQmCC', NULL, '2026-02-02 21:47:47', '2026-02-05 14:30:59', NULL),
(2, 2, 'Juan García', 'FUNC001', 2, 'Residencial Norte', 'OB-002', '2026-02-09', '{\"mon\":{\"normal\":1,\"extra\":1,\"noturna\":1,\"fecha\":\"2026-02-09\"},\"tue\":{\"normal\":0,\"extra\":2,\"noturna\":1,\"fecha\":\"2026-02-10\"},\"wed\":{\"normal\":2,\"extra\":2,\"noturna\":3,\"fecha\":\"2026-02-11\"},\"thu\":{\"normal\":1,\"extra\":2,\"noturna\":3,\"fecha\":\"2026-02-12\"},\"fri\":{\"normal\":12,\"extra\":12,\"noturna\":24,\"fecha\":\"2026-02-13\"},\"sat\":{\"normal\":24,\"extra\":0,\"noturna\":12,\"fecha\":\"2026-02-14\"}}', 0.00, 0.0, 0.0, 0.0, 'aprovado', NULL, '2026-02-03 20:48:41', '2026-02-03 20:49:38', NULL, 1, NULL, 'data:image/png;base64,iVBORw0KGgoAAAANSUhEUgAAAUAAAACWCAYAAACvgFEsAAAOrElEQVR4AeydT4gU2QGHH4sgZMA9ZWADhhUiDERQdgYMCEIWNuBB0JM1lyxEyIIwA0LGm7cNiuWp5uSAgQ1Z7DmNIKynmJOSBT0MGPAwp+lEYWQFl52bkLxfzVTndXX1v+rqqup6n/imq169v98bPt57VV3z0U8/7f+XAAN+B/gd8PF34CPDPwhAAAKeEkCAng483YYABIzxWoD8AkAAAn4TQIB+jz+9h4DXBBCg18NP5yHgNwEE6Ov4028IQIA9QH4HIAABfwkwA/R37Ok5BLwngAC9/xXwEQB9hsABAQR4wIGfEICAhwQQoIeDTpchAIEDAgjwgAM/IeALAfrpEECADgwOIQABvwggQL/Gm95CAAIOAQTowOAQAhBoNoF07xBgmgjnEICANwQQoDdDTUchAIE0AQSYJsI5BCDgDQGvBOjNqNJRCEBgJAIIcCRMJIIABJpIAAE2cVTpEwQgMBIBBDgSpgYkogsQgEAPAQTYg4QICEDAFwII0JeRpp8QgEAPAQTYg4SI5hGgRxDIJoAAs7kQCwEIeEAAAXowyHQRAhDIJoAAs7kQC4GmEKAfAwggwAFwuAQBCDSbAAJs9vjSOwhAYAABBDgADpcgAIHZJjCs9QhwGCGuQwACjSWAABs7tHQMAhAYRgABDiPEdQhAoLEEGi3Axo4aHYMABAohgAALwUghEIDALBJAgLM4arQZAhAohAACLARjDQuhSRCAwFACCHAootETtNu7ncQ6VuhEcAABCNSOAAKcYEgkuDC8Yy5fvmTm539uFhcX48/kWOcnTnxqFhYW4murq6tGodVqGYWnT58alaHPCZpBVghAICcBBJgTnMQnwYVhaAYJbH9/37x790MsulbrgRXfAyvBlThInCpDn4PKyNlEj7PRdQiMRgABjsapk0qi0gxP4utEFnDQbrcLKIUiIACBcQggwDFote0en2ZrY2SJkx479rE5fvyXZm1tzQTBcvwZRetGQXEKQRDEafkBAQiURwABjsFa+3fp5EePHjVLS0tdUpPYkvDixQuzs7Nj9Lm2dsNKL7Jpb1gRBnFQnEK6XM4hkJMA2cYggABHhHX9+vWevT5Jrt3+t/nuu8ddUtNsLgma+Y1YBckgAIGSCSDAEYDrju233/6tK2Vgl7IBy9YuJpxAYNYIIMAhIyb5ra6udKX65JNfxEvZrkhOIACBygmM2wAEOICY9vzS8gvszG97e3tALi5BAAKzQgABZoxU+/Bur57bcy9LflEUuVEcQwACM0wAAaYGT/LTzE/P+7mXkJ9Lg2MININAowQ46ZD0k9/W1sNce36SqB6a1rc9Jm0b+SEAgeIJIMBDppLfpUuXex51kfzOnTt3mGq8j83NzTiDylaIT/gBAQjUhgACPByKL774Xfx93cNTI+nt7b2NP5O4cT/X1v4U519bW4u/CTJuftJDAALTJeC9ADUz0zJVLyxIUEfRutHMLznP+6mHoFVOKd/0yNtI8kHAYwJeC1B7dO7+nIS1sbERf0Vt2O+Eng9U3jC8Mywp1yEAgZoS8FaAkp/7YgPJL4oio33AUcYqDMN4ydxqbZoQCY6CjDQQqB0BLwWYlp9G5eHDrXi/TsejhCC4Eidrt3etAEOjR2fiCH5UQIAqIZCPgHcClPxcWc3NzcX7fZoBjoNQ+3pRtN7JooemtSRW+Z1IDiAAgVoT8E6Ad+8eLF2TUbl16/ZYM78knz6DIDC6w6tjhbadDUquLIlFgwCB+hPwSoDa83NnaEGwPNINj0HDmJ4JSoKh3R/88svfx3uEg/JyDQIFEKCICQh4I8DQ3qhw5afn/CJ702MCdp2sQWomqAuPHz82rVZLhwQIQKCmBDwSYNgZAu336fm8TkQBB5Lg8ePHu0oK7UzQlW7XRU4gAIHKCXghQC19XdJFzfzcMiXVCxcuuFHxsfYc44MCf2iZrVBgkRQFgZkkMGmjvRCgOwvTTQstfycFl5X/66//3POVN9U9qayUP7RLeN1gOXnyV0Z3m93w+ee/NQoS/enTp42+2aJw6tSv47TKp6C2rKysGJWV1X7iIOAbAS8EGNibHRpYzdJ000LH0woSbLrs3d12OmroeSK9RHShXU7rUZv379938iqNwsuXL42CBPfmzevO9b29vfhGjPIpSJCbmy0rwDC++RNaqSpPJwMHEPCMgBcC1JJXf5VNYdrjG9gbIhKtW884b5CW0CQmiS+00tO5W1ZRx0+e/D0WoaSoujRD5KZNUXQpZ1YIzLQAx4GcltI4ecdNe+bMma4sr1//p+s8fSLxhHY2trj4WbxkDa340ml0rj4sLy+bhYUFnRYWJFnNEPX6f7WlsIIpCAI1J+CNAMsch/v37xt9wySpUy9YkGR0vrW1ZSX3mTlx4tPOXp3EI+m1271LZf0BJs0qtbRut3fNgwcPzKtXr1RUT5Agle7Ro0dGs90oWjcKgd0CSPY9jx492pPPjdjYuOeecgyBRhNAgFMa3mvXrnWVnMysbt++bffl2mZ/f7/runty5MgRK8f5OEp7esorQcYRGT8kOIlO0tMe59mzv4lvxgR2Oa4QRVH8db+9vbfm2bNn8bdXlpaWMkoiCgJ+EUCAUxpviUczsqR4CaxtZ3Bzcz9Lovp+fvjwwezZGxh9E9gL8/Pzscj2rNQkONVnozP/q97QLrGT/b7QLrGfP3/ek/bYsY/NrVu3euKJgEBTCSDAKY2s5Je8MSapQjM5CUbPC546dSqJHutT5UbRur3r+y8rwBsD87atcEMrvvPnz8c3PLLu+Kq8wC6RtXTe2dkxmj0OLJSLEGgQAQQ4xcEM7BJUgkmquHdvIxbMN9/81Tx58o/OPp3kE1gJKSi9gvJoKaxPBcUpnZa5gS1Xcf1CIr7FxcVYfO5yW+UEti5JVLNHlRfZJbKWzv3KIx4CTSWAAKc4sgeyOXhvoKr58cf3Vkj/f4P0wXW9UeaGvVkRxUFCUpCcXr9+Y5fCb+OguGGSSotPdSZBy9tEoBJeMESiSb56ftIqCBRDAAEWw7FvKZLWyZMnO9dbrU17E2S3c17EwSDxSbISn5a3aksR9VEGBJpCAAGWMJIt560wB7K6m7tW5ddenvb29PCylrlnz561M8uwp0yJb5SZY09GIiDgCQEEWMJAaxaWPIen6vTQsSSm41GCpCfhSXYKupsb2ju5KkfXdNfYLUfi0xKaGZ9LpTHHdKRAAgiwQJiDitK+m3v96tWrQ5fC33//T3P16h+MpCfhSXZuGe7xvPNYDOJzyXAMgf4EEGB/NoVe0SxQM7Ok0Hfvfhj4wlQtby9evGj0rY4kT9ZnUu7Ll8Mfi8nKTxwEfCaAAEscfd15nZub69SYNavT0lhLXC1vOwlTB4n0tL+nwIwvBYjTxhIoumMIsGiiA8qTuPRHmNwk7g2SRH76dNPoWHk1g9SbrBPpKU7XCBCAQD4CCDAft9y5NAt0xXX//l86+3ya+WUVvLKyGj80rZmeezMlKy1xEIDA6AQQ4OisCkupmVxSmPYCtc+XdYND6XQ39+bNm0lyPiEAgQIJzJQAC+z3REWF4Z34zqxuVChoGZu1bO1XSXoWmJVOS13N+LKuEQcBCBRDAAHm4BiGYfwIi25UKOh9flq+6nEVBQlRj7AMKvrhwy2jr6el00TRevzVN5a6aTKcQ6B4AggwB1NJKktQ7fZuLEYJUY+wSIYSY2hnjOlqtA+or6dppqegGxta7mp2mE7LOQQgMB0CCDAHV0kqkZZkqL26fkLU0ji0M0bJUMtlvRHarVL5FCREN77nmAgIQKBwAghwAqSSlmSovTpXiFnv+tPsUMvlr776o0n+XKWWyhLkBE0gKwQgMAEBBDgBvHTWRIjuu/6CYDmdzO7xHfy5Si2VtUROZoeSoUSZzpAVl07DOQQgMD4BBDg+s5FyJDKMoih+hi+K1o37Wiy3kLbdO9TsUDLUm130R80lRTdIjm4ev47pLQSmQwABTodrV6mJDJ8+fdaRYdbMUJmSN7tIiklQ/N27va+7UjwBAhDITwAB5meXK2ciw+hwZqi9Q8lQN0L0JzDd1+C7FVy5ErinHEMAAgUQQIAFQMxbhGQo8UmGEuH29rbRa/D1SIzOo+jg7/rqPOAV9nkxz3o+2j9FAghwinDzFp2IUdJT0HnessgHAQj0J4AA+7PhCgQg0HACCLDhA0z3IDDLBKbddgQ4bcKUDwEI1JYAAqzt0NAwCEBg2gQQ4LQJUz4EIFBbArUWYG2p0TAIQKARBBBgI4aRTkAAAnkIIMA81MgDAQg0ggACrOsw0i4IQGDqBBDg1BFTAQQgUFcCCLCuI0O7IACBqRNAgFNHTAXjEyAHBMohgADL4UwtEIBADQkgwBoOCk2CAATKIYAAy+FMLRAYlQDpSiSAAEuETVUQgEC9CCDAeo0HrYEABEokgABLhE1VEIDAYAJlX0WAZROnPghAoDYEEGBthoKGQAACZRNAgGUTpz4IQKA2BGolwNpQoSEQgIAXBBCgF8NMJyEAgSwCCDCLCnEQgIAXBBBgXYaZdkAAAqUTQIClI6dCCECgLgQQYF1GgnZAAAKlE0CApSOnwl4CxECgGgIIsBru1AoBCNSAAAKswSDQBAhAoBoCCLAa7tQKgYQAnxUSQIAVwqdqCECgWgIIsFr+1A4BCFRIAAFWCJ+qIeA7gar7jwCrHgHqhwAEKiOAACtDT8UQgEDVBBBg1SNA/RCAQGUEKhVgZb2mYghAAAKWAAK0EPgPAQj4SQAB+jnu9BoCELAEEKCFUMl/KoUABCongAArHwIaAAEIVEUAAVZFnnohAIHKCSDAyofAxwbQZwjUgwACrMc40AoIQKACAgiwAuhUCQEI1IMAAqzHONAKfwjQ0xoRQIA1GgyaAgEIlEsAAZbLm9ogAIEaEUCANRoMmgKBphOoW/8QYN1GhPZAAAKlEUCApaGmIghAoG4EEGDdRoT2QAACpREoVYCl9YqKIAABCIxAAAGOAIkkEIBAMwkgwGaOK72CAARGIPA/AAAA//9OwTMAAAAABklEQVQDAH7t8aU3o3ipAAAAAElFTkSuQmCC', NULL, '2026-02-03 20:48:41', '2026-02-05 14:30:59', NULL),
(3, 2, 'Juan García', 'FUNC001', 2, 'Residencial Norte', 'OB-002', '2026-02-16', '{\"mon\":{\"normal\":5,\"extra\":5,\"noturna\":1,\"fecha\":\"2026-02-16\"},\"tue\":{\"normal\":1,\"extra\":2,\"noturna\":2,\"fecha\":\"2026-02-17\"},\"wed\":{\"normal\":0,\"extra\":1,\"noturna\":1,\"fecha\":\"2026-02-18\"},\"thu\":{\"normal\":1,\"extra\":0,\"noturna\":0,\"fecha\":\"2026-02-19\"},\"fri\":{\"normal\":0,\"extra\":1,\"noturna\":0,\"fecha\":\"2026-02-20\"},\"sat\":{\"normal\":2,\"extra\":0,\"noturna\":0,\"fecha\":\"2026-02-21\"}}', 0.00, 0.0, 0.0, 0.0, 'aprovado', NULL, '2026-02-03 20:54:02', '2026-02-03 20:56:36', NULL, 1, NULL, 'data:image/png;base64,iVBORw0KGgoAAAANSUhEUgAAAUAAAACWCAYAAACvgFEsAAAP3ElEQVR4AeydTYhd1R3AL0VIIQvB0lkI6VpoFoJZjau6izQlWeW5aRZCBIvZxU2zcGE3Xld3qJBACorFDBaSVQIV4koxoGAhgusZcDFSIcFAA5b2/u7kPM+8efM+z33vfvzE8+73+fidmV/+55z33vzixx8f/c8kA38G/Bno48/ALzL/k4AEJNBTAgqwpx1vsyUggSzrtQD9AZCABPpNQAH2u/9tvQR6TUAB9rr7bbwE+k1AAfa1/223BCTgHKA/AxKQQH8JGAH2t+9tuQR6T0AB9v5HoI8AbLME9gkowH0OvkpAAj0koAB72Ok2WQIS2CegAPc5+CqBvhCwnREBBRjBcFcCEugXAQXYr/62tRKQQERAAUYw3JWABLpNYLR1CnCUiMcSkEBvCCjA3nS1DZWABEYJKMBRIh5LQAK9IdArAfamV22oBCQwEwEFOBMmb5KABLpIQAF2sVdtkwQkMBMBBTgTpg7cZBMkIIFDBBTgISSekIAE+kJAAfalp22nBCRwiIACPITEE90jYIskMJ6AAhzPxbMSkEAPCCjAHnSyTZSABMYTUIDjuXhWAl0hYDsmEFCAE+B4SQIS6DYBBdjt/rV1EpDABAIKcAIcL0lAAu0mMK32CnAaIa9LQAKdJaAAO9u1NkwCEphGQAFOI+R1CUigswQ6LcDO9poNk4AEkhBQgEkwmokEJNBGAgqwjb1mnSUggSQEFGASjA3MxCpJQAJTCSjAqYi8QQIS6CoBBdjVnrVdEpDAVAIKcCoib2gfAWssgdkIKMDZOHmXBCTQQQIKsIOdapMkIIHZCCjA2Th5lwTaQsB6zkFAAc4By1slIIFuEVCA3epPWyMBCcxBQAHOActbJSCBZhOYt3YKcF5i3i8BCXSGgALsTFfaEAlIYF4CCnBeYt4vAQl0hkCnBNiZXrEhEpDASggowJVgthAJSKCJBBRgE3vFOklAAishoABXgnkFhViEBCQwNwEFODcyH5CABLpCQAE2qCd3d3eykyd/mz333HPZZ5991qCaWRUJdJOAAmxIvyK8F154Idvb28t++OHf2bvv5g2pWRuqYR0lsBgBBbgYt6RPIb9Lly4dyPPEid8cOPZAAhJIT0ABpmc6V47Ij2iP4e+xY8eGz25ubg733ZGABOohoADr4TpTrsiPyI8tEd/jx4+Hzw0Gg+G+OxKYQMBLSxBQgEvAW+bRPH8ne/XVVzMivzfeuFRtQ36DwSth160EJFAjAQVYI9yjsibqy/P9RY6bN29lW1vF8Nann346K4qfj4cX3JGABJITUIDJkR6dIdHeuXNnsxs3PspefPHF7JNP/pltb28feOD06ZcPHHsgAQkcTWDZKwpwWYIzPs88H29zYYv8iPx2dnYrGcZZGP3FNNyXQL0EFGC9fKvc83K+j8iPg6LYypDf7u5OFs5xnsQ1tiYJSGA1BBRgzZzDfB+rvIhv8GR1l/Nx0USF4Vp83n0JSKA+Aq0W4KJYiL6IykiL5jHtOcogwmO+D/ndunWzmvfjOc4zFGafxHXkyL5JAhJYHYHeCBAhITzm4Uh5uQpLunHjRnLayI0y2BLZffXVVxmSoyDOkdgPqXDVN6BwK4GVEuisABHelSt/rubZNjZ+nSEkhMf5mPCJEyfiw6X382i+7/Lly9V8X5wpn/qIj4n8kGR8zn0JSGA1BDonQKIrZEe6du3a2G9VIRpDTnt73w+HpcviRqwMbfMysiR/xHb58psHss1LOVK/cJI6LCy/kIlbCUhgYQKdEWAQEBJif5QIUkI4DEdJo3IavX+eY8o7e/ZcJVvKief74nyuXr02PER8KeswzNgdCUhgZgKdECACIuKLo6tA4Pjx41kQH8JBUOFaii1RHWVTh1DOuDK47+HDB1WRGxsbh4bG1QVfJCCBlRJovQARCwIaR+3ZZ5/NPvzw76UADw5Fx927yDnKzScMeUOeyJH7wnEcCYZzbuch4L0SSEOgtQJEKgx3Y7EEJERgzMF9/fW/ks3xhbzZMsRlYYU6DAavZAypGdJybVyK3/PH/ZPuHfe85yQggXoItFKAvHWF6Gt0yPvMM7/KimJrqpAWRUl5yOzixYvZqVOnqmFsMeUtLDxDCmVOuz/c51YCEqifQKsEuPvk42OXLr1xiAxS+vbbb7PBk09aHLphyRN5uYJLxMkbmwdl1Hf79p2ZokuEGYpmjjDsu5XAggR8LCGB1giQKGpc1BeGu2+//ZeEWH7OinIRX17O9XG2KLbKKHO2r6siUt0tpc1z1JNFGPZNEpBAMwi0QoBEUUhoFBmR2LT5t9Fn5jnOn0R9SJB5O8oazBFh5k+kSZlGf1AwSaBZBBovQMTHsDPGRjTFIkcxZf4tfmaefaI2yg0CG5RDXsqj3FnzGY3+BnOIc9YyvE8CfSOQur2NFuBLL/2uenNx3GgiKSIxIrL4fKr9vIz6wlAb4SG+RUS7vf3zZ4ypc6r6mY8EJJCOQCMFSPTE20zu378/bGmQUV3zaAxz46gPwfJ2F7bDSsy4Q14kbqfeRn+QMEmgeQQaJ0Dm++JV3qeeeqpcdKjvrS10CWUivyAtoj4S8uL6vGk7+pp7o7956Xm/BFZHoDECZN6NoWc830f09fHH/xi+tSU1FoQXl0l5KYbXcRuM/lL3mvlJIB2BRggwzLshwdA0IieiMKQUzqXaUg4RH4l98i2K/a+qXzTqIw/Se+/9lU2VaEO144sEJNBIAmsV4O7u/t/FyKO3i0AJ8dU118dwl6iP6I+yBuUKL1+LNUi0Snv9+t/Itkp1taHK3BcJSGBpAmsTIAKKRURLiPaQEVuOU6a8XN1lYSUMTykD0RYJ30qD0EnUO3n0R6YmCUggKYG1CJBVXoafcUuKYn8IGp9LsY9oKSuPosxQFhJMUUbIg3aF/VQRZcjPrQQkkJ7AygXIEDRe5UVCLDykFkYQH/JjH3SIjwgzdVnkTQqSZR6RxDmTBCTQXAIrFSAyCkNQkDBMZBiaUhb37n2RIVnKCuIbJJ7no+6j6WD0d370ssdLEfBhCdRDYGUCjIVEUxBfykWC3ScLKmfOnMmCZBEf0WWRcJ6Puo9LlB/ODxItqIT83EpAAvUQWIkAz5z5/fAjbWHIyzZFkxAPco0XVE6ePDn8rr6U0eWk+jr8nUTHaxJoJoFaBcgQFDHdu3evav2ZM3+oxJRCSuPER74Mq+/e/XSm7+qrKpXghbqEbAYDh7+BhdskBMykRgK1CRD5EZkFOSCm69evL92UkC9iZT9kOCjn+RjuphxWh7ynbQ/O/w2m3e51CUigIQRqESBiQn6hjUWxtfQfJtp9MsdHvuQf8ibqI/9iBfN8oczRrcPfUSIeS6AdBJILMKzAhuYXxdZSn+XN83cyoj1SLD7yJ6ok6huscdHh6tWrVKVKfRn+EvHyDxHbquG+SKAmAnVnm1SAyC+swLLIsaicdstoD/HxyY08zzOOYxBEfalXkeP859n/5ptvqtuPHz++dJRbZdSCF97HyT9G29F3Hrag2lZRAocIJBPgfkTwUVVAEBTb6sQML0guj6K9vBTf6GPkF6I+BDt6fdXHSCAI//XXX1918Wsrj35YW+EWLIGEBJIIkKEQMqBe/HIQ+bE/LQXpEekxxEV6nBt9jjyD+NaxyDFan3C8HX3v3+bmi+F057ehj3Z2djvfVhvYbQJJBPjBB+8PKfEtysODMTuIkiFULL0xt1Wnmiq+qnLlS4j+iEZJ5Sn/l4AEWkQgiQB3dnaqJjMPRjRIQnQk9vNyaMsQGemx5Vz1wJiXWHpEkk2K+OLqMt8Zjs+f7+dbX0IkGDi4lUDbCCQRYJj/evToUZaXc3dEeIiOxD7nkOFRcIL0WNgI0uPcUfc34XyI/qjLOlehKX/Vqel9s2oeltdeAokE+KdyBfTyzBROnTqVnT59unqGb2cJ0mvLMDKO/nibz8wNn+dG75WABGonkESA1JKhKiIjimPBIk5IgvNcR3i3b9/J3n//g1KAb/JoqxLDvj5Hf63qLCsrgSkEkgmQchgaEcUhwzgxROQ817mvzcnoL8sePHjQ5i607hIYEkgqwGGuHd25devm8FttkDli72hTJzbr4cN9AbLoNfHGhS/6oARWQ0ABzsH5rbfequ4+duyXWbHGzx5XlVjTS7yC//zzz6+pFhYrgTQEFOCMHBn6fvfdd9XdrGwzpK8OevayHX38jSi4Z823uR0joABn6FDkFxY++KVnfnOGxzp3C9Ff/Ham8+f97sMaOtksV0hAAU6AzYov72UM8tvY2MiuXLky4YluX/r888+HDeRbt/saBQ8huNN6AgpwQhdeuHBhuOjBvN/e3l722msXszx/Z8JT3b3EG91D6+7fv3/oW3rCNbcSaAsBBXhET92790XGL3m4/Pjxf8JuFkdCw5M92OFvu8TNPHv2nBKMgbi/NIFVZ6AAjyD+00//PeJKlm1ubh55rcsXEN5g8MqwiUwR8C0+8bzg8KI7EmgBAQV4RCcxv8WnWVj0IPGLXxRbGZ9m6esiCKiKojj0B6eYJyWxSLK7u//FGNxrkkDTCSjACT2E6BAeiV/8wWCQIcMJj/TiEh9rHOVAFMjbg4gIX375dHbhwh8zhMj5WaXIfaReQLSRjSDQKAE2goiVmIkA/ygMyuHwqAh5+Msvv8zu3LmTIUQiQ6QYp/gcX5EWUnwP+ZgkUDcBBVg34Q7nT1TMxwOPEmHcdCK7kEJUyHF8T9jnPCkcu5VAXQQUYF1ke5IvESAiJCJkaMy8Ke8RnLf55ENCpkWx5VTDvAC9fyECCnAhbDU81IEs9xeO3szu3v0029v7vlowClJEjFwnITkS55Ad8gypKBdZBuVcawdw2IQWEFCALeiktlaRiA7hsZhEQoYkJEfiHLLjvra20Xq3m4ACbHf/WXsJSGAJAgpwCXg+moqA+aQgwEc0WVFnmyK/PuShAPvQy7axFwTyPK/aeePGdrX1ZToBBTidkXdIoBUEinL1fH/OdfY/UNaKhtVYSQVYI1yzlsAMBJLdwoISi0xsk2Xa8YwUYMc72OZJQAJHE1CAR7PxigQk0HECCrDjHWzzJNBkAuuumwJcdw9YvgQksDYCCnBt6C1YAhJYNwEFuO4esHwJSGBtBNYqwLW12oIlIAEJlAQUYAnB/yUggX4SUID97HdbLQEJlAQUYAlhLf9bqAQksHYCCnDtXWAFJCCBdRFQgOsib7kSkMDaCSjAtXdBHytgmyXQDAIKsBn9YC0kIIE1EFCAa4BukRKQQDMIKMBm9IO16A8BW9ogAgqwQZ1hVSQggdUSUICr5W1pEpBAgwgowAZ1hlWRQNcJNK19CrBpPWJ9JCCBlRFQgCtDbUESkEDTCCjApvWI9ZGABFZGYKUCXFmrLEgCEpDADAQU4AyQvEUCEugmAQXYzX61VRKQwAwE/g8AAP//DZ3VlwAAAAZJREFUAwDNWJa0u/14tAAAAABJRU5ErkJggg==', NULL, '2026-02-03 20:54:02', '2026-02-05 14:30:59', NULL),
(4, 2, 'Juan García', 'FUNC001', 2, 'Residencial Norte', 'OB-002', '2026-02-23', '{\"mon\":{\"normal\":1,\"extra\":5,\"noturna\":5,\"fecha\":\"2026-02-23\"},\"tue\":{\"normal\":1,\"extra\":2,\"noturna\":2,\"fecha\":\"2026-02-24\"},\"wed\":{\"normal\":2,\"extra\":2,\"noturna\":2,\"fecha\":\"2026-02-25\"},\"thu\":{\"normal\":3,\"extra\":3,\"noturna\":3,\"fecha\":\"2026-02-26\"},\"fri\":{\"normal\":3,\"extra\":3,\"noturna\":3,\"fecha\":\"2026-02-27\"},\"sat\":{\"normal\":3,\"extra\":3,\"noturna\":3,\"fecha\":\"2026-02-28\"}}', 0.00, 0.0, 0.0, 0.0, 'aprovado', NULL, '2026-02-03 21:00:49', '2026-02-03 21:02:31', NULL, 1, NULL, 'data:image/png;base64,iVBORw0KGgoAAAANSUhEUgAAAUAAAACWCAYAAACvgFEsAAAQAElEQVR4AeydX4gV1x3HT/IaiGCokCUbamlAqGCoCxYXAubNgK3SBEdSmjcDFn3KzUuVCjEvTiAwSw0G7FNKN08KFoUGUgi4VEhAIQ8WSy17yworEQLxIRBo5zPX33ju7N3duXfvnTl35iv+ds6cOXPO+X3Ome+cOfPnPv3dd4/+JxMD9QH1gTb2gaed/omACIhASwlIAFva8HJbBETAuVYLoDqACIhAuwlIANvd/vJeBFpNQALY6uaX8yLQbgISwLa2v/wWARHQHKD6gAiIQHsJaATY3raX5yLQegISwNZ3gTYCkM8i0CMgAexx0F8REIEWEpAAtrDR5bIIiECPgASwx0F/RaAtBOSnR0AC6MFQUAREoF0EJIDtam95KwIi4BGQAHowFBQBEWg2gaJ3EsAiEa2LgAi0hoAEsDVNLUdFQASKBCSARSJaFwERaA2BVglga1pVjoqACJQiIAEshUmJREAEmkhAAtjEVpVPIiACpQhIAEthakAiuSACIrCGgARwDRJFiIAItIWABLAtLS0/RUAE1hCQAK5BoojmEZBHIjCYgARwMBfFioAItICABLAFjSwXRUAEBhOQAA7molgRaAoB+bEBAQngBnC0SQREoNkEJIDNbl95JwIisAEBCeAGcLRJBERguglsVnsJ4GaEtF0ERKCxBCSAjW1aOSYCIrAZAQngZoS0XQREoLEEGi2AjW01OSYCIjAWAhLAsWBUJiIgAtNIQAI4ja2mOouACIyFgARwLBgDzERVEgER2JSABHBTREogAiLQVAISwKa2rPwSARHYlIAEcFNESjB9BFRjEShHQAJYjpNSiYAINJCABLCBjSqXREAEyhGQAJbjpFQiMC0EVM8hCEgAh4ClpCIgAs0iIAFsVnvKGxEQgSEISACHgKWkIiACYRMYtnYSwGGJKb0IiEBjCLRaALvdZYedOnXSHTlyOLO9e/c6M+JOnTrlsFdfPeCwHTt+5DDSvPzyniwujs+7GzduNKZTyBERaAuB1gkgQoWgIWBmi4uLmYCxDUE0Y31x8S8O+/rrrx1mHYM0KysrWVwcx7l4mmiSJ0Y620dLERCBsAg0SgDXQ4sIxekojZEbAoWgEbde+lHjydNEk1ElZiI7ap7aTwREYHIEGi2ACBLChwjF6ShtEMbZ2Rfd9u3Pud27d7v5+fnciLf0MzMzFhxpST2wkXbWTiIgAhMj0EgBRGzidMQ3SPgQtk6n47DV1Qfuq6++cnfu3HGff/53d/nyldyIN7t167aztEmykKchfPXq1SwPS8uSfNhGGVF0LCuLcifWispYBERgJAKNEkAuPxE9LC6M+BAgBAmB6nTeTUXp3U2BsQ9mCQlHUZSPEgnv2/cLR7xvjCTZRjlJkpQqy8oYeakdp5pA9/ENuZs3/5HOOS+6OD2BM1eNMW1DnzZjbnmqnQ2o8o0QwIsXL7o9e/ZkNyLoSMYXUTp+/Hg+QkOQnP6JQM0E6KOIGCJXFLdDhw455o7j9ATOXDXGiZ19zJaWlmr2oDnFT7UA0onoQGfOnHb376/0tYqN9s6dez8bofVt1IoIVEjAhCtOR3U2ijORM3ErUx1O6NjRo0fLJFeaEgSmUgARPjoSnYgO5PuJ8DFfp9GeT6Xp4fD8Q/QQPC5h6atYnI7qiN+ottu2bctuyNGPk6Q338y0DX2aJcYUy0Z5aFt5AlMlgPHjMyjC103nTHw35+bmsktdCZ9PReGqCNAf6Z9ckfC4lQkel7CD6sBIDiGL0ptkCB2GuN29+6/shhz9OHo830zaQXkobusEpkIAGfHRqeIBZ1A6EXddr127rkvdrfcH5TAEARM9+qYJXvGKxLLjMaviqI5+m6Q3yRA6TEJntKpbBi2AdCbOqIz4ikii9MxJB8IQweJ2rYvAJAiY6CF4GCflQeUgZgge/ZPLVx6z8kd1g/YZMU67bYFAkAJoneyNN17PXlHz/UP4uFTgzCnh88koPCkC1h/37duXvSeO6BHnl1cUPPooghdCH6WuXEWx9OussHPBCWD8eJ4vTi93f/jhh7yNED7OpAgfnS3foIAIjJkAQhGn/RDzL2/v3ft3XhJ9kD7JKA+xw0IRvLySaQAfGKlyFXX48JE0Rv99AsEIIGcoOlucCp9fwffeO5fd3ED4/HiFRWCcBEz0mHJBMOiHmF8Gr0SePHkqexMIwaNPInqIoZ+u7rD5UjyeiMfqrt84y99qXkEIIJ2OM5TvDGdWRnxvv/22bm74YBQeKwFOvPaoCoLHvLNfgI3y6Iu8EnnmzJnsTSA/TQhhhC1OR618ss0EvFgvhBorxrd5vXYBpPP5nY4GYuKYM2ubG0a+T5YA/W7Xrl3ZWxf+oyr0P06+SbKQvf+dpHdpQ+yL3e5y/rocIz0TPf+TbUYQnzimGLVanJY9ArUK4Ftv/db5nY+ORyOFMHHcw6O/TSLAiZarDQSDfvfw4TeZewgEfc9EAsGLoijbFsIfX+wQutnZF/KbMfixXh19n3RMDaZUmwByBr5+/XpeKzofHS+PKBFQEhEoS4DLQ8QPEbR97Nk8Trr0vVBEgjpyfLz22kG3c+eP+8QOMfz+++/NhTXL55+fccxTcskekk9rKhpIRC0CSAP7Z64kWQhyXiWQNlI1tkgA8Yu9m2sIHSdcezZvi9lveXd/HpLRKULN8fHll1+6R48ebZq/jWAR8tu3bzvmKTfdSQkyArUI4KeffpoVzp8oOuaigC43qJOsWQS63f/mDiF8GCKYR9YQMNFD8LgBiOB103m9MlXhecSjR6PsbjQjPYSP0R5CWGZ/pXlCoBYBZARoVeh03rGglsMQUNrSBJLsRkYnE4wQhI95PBO9zZzga+V8IguRwxC8q1f/6hYWdNW0Gbsy2ysXQD74WPZMV8YBpRGBMgQYIdUpfvT7l176aXbXuUz/j9IrIwSPr5VfuvSn7FEwjfDKtPRwaSoXwC+++CKv4c6dP8kaNo9QQAQaSIDLXUZx33777YbeIXpcnjPKY9QqwdsQ11g2Vi6A/mT066//eixOKJO2EZgef7mhweXuejVG9JLkyTOHdY5S16tjk+MrFcA4Pt/HMmrwzQ/O+v5cZ5/jWmkFAcRvvT7Q6XTyB62bfBy4wP9VKoCLi0/u/jK8xwLnM1L1EHrO+hwA3ZJ39kYqSDsFSQDR4+4uS6sgfZ2RHr8iyCUuc5K2Tcv6CFQmgAgBZq5yBrSwlu0jQF/gRNG7I3qqMQB4gJkTn+8QfZ0bGoz0+BVBf9sIYe0yRgKVCeDi4mJftekMfRENXVle7jbUs9Hc8oUvjmPHuj0Dx4gJGy3n+vdCzPHFahI9vpOr0Z4RCW9ZmQD6QsArSOGhmEyNul0JIGS76VRAnM4BIxJxKnzEmTFCIszICSueLNk2TWaXu0mS6CmHwBuuMgF86qmnchQHDx7Mw00PzM/vb7qLG/q3nvAhEgifzYf5osc+G2Ya6MYrVy47fGIZNfgGX534x112ZQLoXxrQ+cftSEj5LS0thVSdWuoSp6M9xL844qPtEQnmxPxLw9gbFfrxtVR+xEJ7vr2rUd+I/OrYrRIBnNYz+jgaxL/0H0d+IedBO8ep8HEHNE4F7e7du3l1e+LQyb7uXRQ49rOEUTpvZmEtRWDSBCoRwKIIzM7OTtqvWvMv+ltrZSZcOOIVp6LHSA+LU+Hzi3zzzd9kolcc8flp4viDfHV29oU8rIAITJpAJQJYdOLFF0cTwGI+07Duf/lmGupbto5xKnrcsDDRQwhtXxvtMb/34YcfbnhJyH7+9EikuTPDqGUFBGoRwAr8CqYIDm5ehA+mQiNWBKFC9A4f/pWzS1z/kRUTPUZ6WPEyd71ieW7OtpEHZutaisCkCVQigPPz85P2I6j8Z2ae76sPP+zki0XfxoBXTPQY5WFxennr3+BBrLihwQv8JnrElXWJu6U+lyg6WnZXpROBsRCoRACp6bPPbmORGa8DZYGG/tmzZ0+fZysrK47LReL51a44vXzkwEdg+hJutFLBNupD3TBGeSZ6xFvxfHL9+PHj2bf1TPRGOcGRJ/lYviw3+1oKaWQiME4ClQng3NzevN537vwzDzcxwIhvkF/37684frUrTkdSCCICY8alIBan4sgzcQgkhlAMymscceRNWZRp9YjTumF+/ozqGOkheHxy/dy597f8EwaU65dB+ODB11jIRKAyApUJ4OHDR3KnOLDzlQYGEIwkWSjlWbe7nL8Oxnwh4mMfUjCRtNEYAonFnkiy/2YFkQZDdNiXUeiTPE+6OBU9tvv54AOihx8IH3N6xPlpRg1TFmX6+5P3KCNJPw+FRWBYApUJ4Kz36AsHADZsZacpPXczmRsb10ENLwQSQzxMJBm5IWbY7t0/cxhxGHEYYYx92JdR6CCWiBCiR71N9PBjUNqtxPmPvVg+G8//WSotRWC8BCoTQISAA8yqf+NG89+WwGcTE5YYwoIhNGzHfC6E5+bm3DPPPONmZmYMV6nl6uqqwxBLbKOd+Bo3dcAY5a2uPsie12OkR5022ncr26gXIu7ngc+U68cpLAJVEKhMAHHGf/7Pv5vItiYbBziighHGOOARRAxBRIAwwteuXXf37v3H3bp1OxW0njARj1BhUXQsm4NjaUbe3KDgQxMWRznEs47QYZRHOTdv3nTUAYsqfPbuxIkTa5o6SZI1cYoQgSoIVCqA/JSfOcUogNGArWu5PgGEDEOoMAQDIWNpxjo3KPitW4tDNIlnHaHDEMT1S5rsFuZ+EV6/FOpXZ538ugQaVrUmSKBSAeTg5UA2f5iUt7CWzSfATR3fy7Nnz2YjWT9OYRGokkClAohj/tmeCXmNAqHSfCuKX5Rexp848bvmOy4PgyZQuQB2Ou/0vRs66I5g0MRUuaEJMNLn8tffkX7gryssAoMITDqucgHkEth/5IG5QA6QSTuq/OshwAifx2/80pNkoe8k6G9TWASqJFC5AOIck/E85kEY41K4OEIgXjb9BHhw2/eCKZCowrvOftkKi0CRQC0CSCU++eTPLDLrdpcdB4pGghmOxvzhpIaZQ4z+uetr61qKQN0EahPA3kjgWO5/TwRPZh8NIMwG2XQT+OCDuM+BRM/79fHQSv0EahNAXGciHCEkbMaI4ZVXXnFxfN6itJxCAhcvXnS0pVU9SRb0yIvB0DIYArUKIJdESToq6HQ6fUAePXqUCmDseH/VP4j6EmklaAIffXQhr9+hQ790mvfLcSgQEIFaBRAOiCA3RXhroXiQdB/PDTIaJEz61tgUO0p78Q1EXNixY4e7dOkSQZkIBEegdgE0IghhkixkL+QTtvhuKoJx3BsN7tq1K79ZwsiQbZZOyzAI0Ca0l9Xm9OkzFtRSBIIjEIwAGhnEj0+lFy+L2f7w4TeO5wZ5row3C7hEts892ZK43iehfp6JJXeXzeJ0XhHT3WZoTsZgbTnTlsVRvW3TUgRCIBCcAAKFA+fJZfGTO8VsG2SMOohnMc+jNAAAA+RJREFUia2urrput5uJJYJpFqcjSQwBZQTJPrLxEeDE4nPlRDZa7tpLBKohEKQAmusIYZLeJGF+EGNUWLxrbGmHXSKQw+6j9BsT4ORiKWgr2s/WtRSBEAkELYAGjAMJY1TIg7SIoVmSLDiMA86MH9vBouhYevfxWN9rV718Oml8ZNlrOQYCFy5cSEfdy3lOtFW+ooAIBEpgKgSwyA4RM4uiKBMzDjgzfrQHS9LRI4ZYrq4+yD8uSrpinlrfGoELF/6YZ8CJKF9RYFgCSl8hgakUwAr5qKgSBJj7W03nXS2pTjBGQsvQCUgAQ2+hKagfN5Wsmkk6JWFhLUUgdAISwNBbKPD6Mfrzq8iUhL+usAgMQ6DqtBLAqok3rLxz597LPYrSm075igIiMAUEJIBT0EihVrHbXU5vLK3m1Ttw4EAeVkAEpoGABHAaWinQOi4vd/tqNje3t29dKyIQOoGgBDB0WKpfP4GlpRt5hD2WlEcoIAJTQEACOAWNFGoVl5aW8qqN6w2dPEMFRKACAhLACiA3sQjm//z3fvfv399EN+VTwwlIAENp4Cmvx927d0fyACHFRtpZO4nAFglIALcIULv3CCwsJNnnx3gukJGhb8TxrvDp0793cXw+S8fnzPxPmPEZM/bp5aa/IlANAQlgNZwbVwo3PbZvf67PLz47xlshiJtvxJ09+wf38ccfpwIYZ58pK4odo8But/+ucl/mWhGBCRCQAE4Aaluy/Oyzv7miCI7mu8u+2DM/r3nEUflpv9EISABH46a9UgKMAhFBvv5COI0q/Z/0GPvaJ85YL52BEorAGAhIAMcAsc1ZIFp8/eXKlcsOIUPQeCUOI8zHEYjH+CwZtrr6IPvtF8LsOz8/32aE8r1GAhLAGuE3qWiEECFD0JLH32EkHEVR9nvAbCMN1iS/x+CLsqiRgASwRvgqWgREoF4CEsB6+at0ERCBGglIAGuEr6JFoO0E6vZfAlh3C6h8ERCB2ghIAGtDr4JFQATqJiABrLsFVL4IiEBtBGoVwNq8VsEiIAIikBKQAKYQ9F8ERKCdBCSA7Wx3eS0CIpASkACmEGr5r0JFQARqJyABrL0JVAEREIG6CEgA6yKvckVABGonIAGsvQnaWAH5LAJhEJAAhtEOqoUIiEANBCSANUBXkSIgAmEQkACG0Q6qRXsIyNOACEgAA2oMVUUERKBaAhLAanmrNBEQgYAISAADagxVRQSaTiA0/ySAobWI6iMCIlAZAQlgZahVkAiIQGgEJIChtYjqIwIiUBmBSgWwMq9UkAiIgAiUICABLAFJSURABJpJQALYzHaVVyIgAiUI/B8AAP//iSzoPAAAAAZJREFUAwDogFHhMDGnwgAAAABJRU5ErkJggg==', NULL, '2026-02-03 21:00:49', '2026-02-05 14:30:59', NULL),
(5, 2, 'Juan García', 'FUNC001', 2, 'Residencial Norte', 'OB-002', '2026-03-02', '{\"mon\":{\"normal\":1,\"extra\":1,\"noturna\":1,\"fecha\":\"2026-03-02\"},\"tue\":{\"normal\":1,\"extra\":11,\"noturna\":1,\"fecha\":\"2026-03-03\"},\"wed\":{\"normal\":1,\"extra\":1,\"noturna\":11,\"fecha\":\"2026-03-04\"},\"thu\":{\"normal\":1,\"extra\":1,\"noturna\":1,\"fecha\":\"2026-03-05\"},\"fri\":{\"normal\":1,\"extra\":1,\"noturna\":1,\"fecha\":\"2026-03-06\"},\"sat\":{\"normal\":1,\"extra\":1,\"noturna\":1,\"fecha\":\"2026-03-07\"}}', 0.00, 0.0, 0.0, 0.0, '', NULL, '2026-02-03 22:47:04', '2026-02-03 22:47:41', NULL, 1, NULL, 'data:image/png;base64,iVBORw0KGgoAAAANSUhEUgAAAUAAAACWCAYAAACvgFEsAAAQAElEQVR4AeydMY/cxhmGCTcOYMCuou5UxZ2rqJBxBziIARfupEpUYxk5wJ0FxNCqiUun0biaA1QYcACl8aqSkvsNd507A07hSnTlwAIMWJ2BZB4uZ2+4t+Ryb5fkkHwFfUtyOJz55p3d576Z4XJf+/XXV/+TSQO9B/QemOJ74LVE/6SAFJACE1VAAJxox6vZUkAKJMmkAag3gBSQAtNWQACcdv+r9VJg0goIgJPufjVeCkxbAQFwqv2vdksBKaA5QL0HpIAUmK4CigCn2/dquRSYvAIC4OTfAlMUQG2WAgsFBMCFDnqVAlJgggoIgBPsdDVZCkiBhQIC4EIHvUqBqSigdgYKCICBGNqVAlJgWgoIgNPqb7VWCkiBQAEBMBBDu1JACoxbgdXWCYCriuhYCkiBySggAE6mq9VQKSAFVhUQAFcV0bEUkAKTUWBSAJxMr6qhUkAKNFJAAGwkkzJJASkwRgUEwDH2qtokBaRAIwUEwEYyjSCTmiAFpMAlBQTAS5IoQQpIgakoIABOpafVTikgBS4pIABekkQJ41NALZIC6xUQANfrolQpIAUmoIAAOIFOVhOlgBRYr4AAuF4XpUqBsSigdtQoIADWiKNTUkAKjFsBAXDc/avWSQEpUKOAAFgjjk5JASkwbAU2eS8AblJI56WAFBitAgLgFl07n88TLMtebHGVskoBKRCrAgJgw54x5lFy//6nuZ2dnTe8StmkgBSIWYFRA7At4Q8ODtoqWuVKASnQoQICYEOxs+zHhjmVTQpIgaEoIAA26Cnm/Obzb/KcBwfXk6Ojo3xfL1JACgxbAQGwQf+x8OGzpekdvxv3Vt5JASmwUQEBcKNESXJ+frHocXh4Ef0RGd6/fz+5fftWvjrcoChlkQJSICIFBMAGnXF2drbM9fHH99xK8P2ENCJDhsbss0IMEJcZtSMFpED0CgiADbqIeT+f7ZdffnHR3jd51Pf48WOfnG9fvMjyrV76VkD1S4FmCgiADXSazWbJ66//7lLOV69eldK4V5BosJSoAykgBaJVQABs0DVpmrp5wLMkTe/W5maukPnAGzduJMBQQ+JauXRSCvSugADYsAsYBltrk2+//Tax9qT2Vpgse+EAaBJAiAmGDUVWtn0ooDK2UEAA3EIssgLC1EWEz549T05PT0mqNQ/DW7du5/OGLJzUXqCTUkAKdKaAALiD1Ddvvlu6+o033qiMDAEh84OsFl+79vs8OlRkWJJPB1KgcwUEwB0lf+utt5YlsChii2EyCydEi8uTKzsA0RiTEBkyTCYyBJAr2XQoBaTAFgpsm1UA3FaxlfzvvfenUgq3wgC+2exhPl/InGEdDAEhRmSoBZSSlDqQAq0rIADuKPEHH3xQKiHLyvcChjBk3rAOhhSUrVlAUWSIMjIpsH8FBMA9a8qtMFVF8hCF1ciQtKr8HoY+MuRrdwyVq/IrXQpIge0UGBUAt2v6fnKvPhuwabTmI0OiQozIcBMM+dodQ2XmDAXD/fSfSpm2AgLgjv0PtICZL4aoDfPHTbaUQWQICP2cIWlV11J+CEOASGTYFL5V5SpdCkxNAQFwDz2+CitgdNVigWkIQ2s333SduXlDIkMNla+quq6bqgIC4B56/s6d8jMCv/76H3soNUmAob/pmsgQGKZVX8cragSGYXQIFI15lD+9psiijRSQAoUCAmAhxC4bIsBr164ti3j58ue9A8fD0Bb3GTJcBoakLyte2QGGDIuNMfm3UBgqa+5wRSQdTloBAXBP3X/nTloq6enTp6XjfR4APaDrYUh0uGkRhfoBYhgdeiACSc7LpMDUFBAA99TjPCg1LAqo7DIXGJa1aR8grs4bNokOPRAZJgNDtviM75vqjOu8vJECV1NAALyabpeuAkLWnizTM7cwwdAToCwTO9jBjzRNE+uGys+fP8u/jdI0OgR84WKKgNhBh6mKXhUQAPco/9HRYb5w4YsEgp999tfEuEUIn9blFhhi20aH+Ijvq0D084ekk0cmBYaugAC4xx4ENkRdbH2xv/32mwOgcfbIJ/W2xS8fHTJviFl7svFBrzicuYjWzx8SGTJk9kDkHHlkvSigSndQQADcQbx1lwIZIPjOO++UThu3Egs0TE/RYMmZ4gBfPRB/+um/CSvLTYbLXA70PBBpF+aBqAgRhWRDUEAAbKGXAMuTJ08SYBIWDzRMAcK33/5Dcnx8nP/CHBGVt+PjvySff/63pOu5Q/w8OjpyPj/MQeijQ9pAOufrjLZ5INIWAbFOLZ2LRQEBsKWeAILMvTHEXK0CWPDrcqen/3ag+ya/Z5CoCTs9PU2++uorB8ZPlw9NJX21jLaP8Z/okDYQGe4TiG37rvKno8CuLRUAd1Vww/VAxMOjSSQVFgcoiRh9RHXjxh9ro0bjhtfAEuPasKxd96uAmKZ3K5+CHdaJPz5C9E/E9kPmMJ/2pUCXCgiAHajt4eEjqU8++SQ5PDzMV4wX5+66oecsIVr06atuAZAsy5LTmqjRuOE1sMRu3LiRABr2AQ3GsBrL3ILGavnbHi/8Xtxu49vFVkDcVknl71MBAbBj9QHHF1/8PXn+/F/5PXqL6NA6AD50q7FpKR2YJDv+Ixok8sK4xw/zcGTrAQkYMfJfBZC0iwjXWrucQ7wqEPELYJsiot1RAl0uBSoVGDQAK1s1ghMABZgsAHmS+KgRKGIsTlh7kkeNH374YT4MBUAY1zaRIHORIMAL4QgQAZA3QIRtC0d8wBcbANHaEwf6We5rnX+Z8wufTBHR4ov3oe46nZMC2yogAG6rWMf5AUmapomPGq0DCsbiBOnYkyf/zKMuIi4MaIYGLDGAhDVpAhDCABFG5LgOjsZFaU3g6NuB395Haxf3IG7yKSuAiA/AEAOIwLtJW5RHClQpIABWKTPwdIDjDehggAfjnj8MSAIhDECmxYIG19U1HyBhgNG4KA0whXBkHzM1cKSO1IHdOqDjk/cldT5wrqp+6sWomzo8DIFw1TVKlwJVCgiAVcrEnr4H/wBN6iCEAcgQRgASMGHWLiK11MGJaI3rqqrPXLRGZIaZCjgSvZkCjoCLaygzdb5YB0RgiFm7qLeqLtIzVx8wBMLAEChSJudkUmCTAgLgJoUmfB7YYR5M1sEJIAInb9Yu5vXSAo51cmUOVoARYJkCjh5crFh7gAFIIJYGQKReolT8qarDl0+ZvjzjQEudVdcofdoKCIDT7v8rt56IDQNSYfRI5IgBLOCIeXCRv65CDzAPSA8urgN81EO5wJdyUwfdTeUZB1qiQuAKWH2Zddfp3HQUEACn09edthRgpS6Cw0JwAUcAhgEz4Jg6kJEf0DVx8uDgen7LkHURKeVgvoyq64ErYBUMqxSaZroAOM1+77XVgA4DesARkAFDQBYCkvObHKUcLCzD2s0/JBXC0GiYvEnm0Z4XAEfbtcNtGEDDrtICrktd5OmBCgxTF2FWlZW5eUkTDJONYFgl1SjTBcBRdqsahQIehrYYKltbv6qcrYEhaZQVkcmVPSogAO5RTBXVjgJAaNfIbBWGRIhNIkMWTzBWpdtpnUrtUwEBsE/1VXcjBW7dup0YN0xlFRcYNrqoJhMwZH7RFpFhExhyaw0gxAfBsEbcgZ0SAAfWYVNzF+Bdv36QN5t9AJQf7OllFYbWVg+TMzdEZvEkhKFuq9lTRzQsZt/ZBMB9K6ry9qoAgHrwYLYsE+AYt1CxTNjjDnWlbgHFFpGhtZth6G+rwafMAXKP7qioDhQQADsQWVXspgARIENWX4pxw2FA6I/b2K6DYehDWCfgwyeG6gBRQ+RQnbj3BcC4+0feOQWAkXVRmdtd/mcoDHiWCS3uUD+RIXOF3KvIzdukrVaJP4BZQ+RVZeI9HhQA45VRnrWtAMABPL4eYGPMl/6ws+3Cj4fLh9mGPoVO4B/zhUSELJ4oKgzViWdfAIynL+TJBgWIwgCQz0a0hfnjrrf4wjdZiAqtrZ8vVFTYde80q08AbKaTckWgAMCxwVA4c4sO5+dnvXuGX8AZ34AhUeG6+UL8DaNC09JiTu+CDMgBAXAonTVxP4EHUdTx8XFJiSz7sXTc9wEwJCoM5wvX+UR7jFvMYXjMfGafkew6/6aSJgBOpacH1s4FIB4lxkVJ/tl+zKO9fPlzqSWz2YPScUwHHoZEhdauf0BD5qJYHxW+//6fE9pIWkztGLMvAuCYe3dgbeODD/D8woFxERJW1Yw0vZv/tGjV+VjSAWGapvnvtgDD2ezivsbQx++++y4hyiUiRIvwnPbbUUAAbEdXldpAAT7kRDzGRXkMBTHjoHd5OHhR2JtvvpX/Qh4gscF84EWOuPeAIUPkhf/ro0Lajy5xt2Qc3gmA4+jHwbQC6BkHPB/lEfEYBz3S1zUCYGBETTwr8Icffsh/IY+0dfmHkob/Pio8PT1N0pVotk6TobRxCH4KgEPopQH7CNhMATw/l2cc8IhyqpoFHACeX0ggWiJqqso/9PSbN99NiGbXrRwPvW2x+y8Axt5DA/IP2GHmisCz9iQhyvPAmzoQ+EOQJMmA3gHDc1UAHF6fReNx5lYwieQ88JjDw0yDCI8hH8ADdhgRXuoWCqJpXMeOoCWrwb5awc8r0e5WAGxX39GUzgfUw45VSj+cZS6vKfAY1voIz7oFDICnD/riLYKmi73FK1ot9vTapgICYJvqDrTsTbALI5V1TQRqfICtvRjSWgc8orx1+aeexh8WzOuAfvxx8MdT3rbddgGwbYUjLj9zQ1hutzBuzo4IhGhuNbJrCjuAx6KFj/CAnT7EzTof7cOc/LEIj7XfngICYHvaRlEykCO6AHIYkGOezoPO34YC6MhX5/QiMrmbrIMdwJv6okWddlXn6BP6yJ9HY+no1Wh/KwC2r3HrNfABAl58mLBVyHFs3MIERj7y1znFhxBL08uwIzoR7OrU2+7cfP60dAH6lhJ00KoCUQOw1ZYPrHDAhZlguBpGcrtCztqT/KtafgjLyqwt5u0UkbTzZsncFATmS+ePjrT2anSzFQC70blRLQBuPp/nDwBgXsgDjuEqgMOMi+T8cDX88KyrgA8U5iO51aFrCLk0TRN9+Nap2F7avXv3SoWn6Z3SsQ7aV0AAbF/jUg1ACzNFJAfoABwG4MI5OfKVLl5zALQw4IaxEAHY1kVyGrquEbCnJPqWhx+E1fNHKDzWfvsKCIAtaMyb25sHHXADckR1mCkiOaK5tS4UiURwGHDDrF0MVT3kAB4G3DBgSP7icm0GpID6rfvOEgB31Dwr5nFMEdEBt9BMATqGt1VV8cbH0mLRwUMujOKAG5YWQ1XyV5Wn9PgVYKoj9JI/XOGx9rtRQABsqLMHHW9c42BXFdGRr6pIoJXWQM4Wiw5pAbmqcpQ+fAXOz89LjTg8PCwd66AbBQTAGp0BHXN0YUTn5+jqIjr+mqcF6Bi2+uEqW0GuRvDlqfHvvHiRlRp5eHhUOtZBNwoIgBU6LyI9b3dElwAAA9xJREFUkzBHty6qI5rDPOysPcl/KpFhK3NytojmGLaSr6IaJU9QgayYNgmbzvsoPNZ+NwoIgBU6HxwclM6sRnREc5iHXeqGrQJdSTIdVChwdlYe/gp+FUJ1kCwAVojMmxLAYUR1iugqhFLy1goQAYYXHZbn/8JT2m9ZAQGwRmAiOqwmi05Jga0VWF0AYfSwdSG6YC8KCIB7kVGFSIHmCoQLaPyBxZpfrZz7VEAA3KeaKksKbFAghB9Z9fU3VLiwrvcEwK4VV32TVuD8/KzUfu4SKCXooFMFBMBO5VZlU1cgnP/jHtGp69F3+wXAvntA9U9Kge+//8+yvVr8WErR205UAOxNBVUsBTpQgJvrX778Oa/p5s2biRY/cil6fREAe5VflU9JgXD4+/jx4yk1Pdq2CoDRdo0cG5MC3PzM1yppE5Efxr6sXwUEwH71v6hde6NWgOGvb6BuffFK9L8VAPvvA3kwAQXmwY8f6daXeDpcAIynL+TJSBVg+IvRPA19USEeEwDj6YsJezLups/n82UDde/fUooodgTAKLpBToxVASI/Y0zePKI/3fuXSxHNiwAYTVfIkTEqEEZ/WvyIr4cFwPj6RB6NSAEf/dGkisUPTsl6UkAA7El4VTt+BYx5tGyk5v6WUkS1IwBG1R1yZkwKzINbXzT3F2fPCoBx9ou8GrgCLH5gNCNN7+p7vwixxvpOEgD77gHVP0oFjPly2a7Z7MFyXztxKSAAxtUf8mYEChD5+e/98uNa3P4ygmaNsgkC4Ci7VY3qU4F5cOMzvybYpy+qu16BXgFY75rOSoFhKmCKG58V/cXffwJg/H0kDwekgAlufVH0F3/HCYDx95E8HJAC8+LWF+b9sAG5PklXBcC+ul31jk4BFj8wGvb8+TM2ssgVEAAj7yC5NxwF5sXih+b+htNnAuBw+kqeRq6AKRY/PvroXuSeyj2vgADoldC2QwXGV1UY/d2+fXt8DRxpiwTAkXasmtWtAk+fLh56enh42G3Fqm0nBQTAneTTxVIgSVj4ODs7y6XQI69yGQbzIgAOpqvkaKwK+OHvbDZr4qLyRKSAABhRZ8iVYSrgFz/SNB1mAybstQA44c5X03dXwBTf/OCmZ2z3ElVClwoIgF2qrbpGp8C8+OaHfu+jWdfGlksAjK1H5M9gFGDxA8NhLX6gwvBMABxen8njSBSYF9/8SNO7kXgkN7ZVQADcVjHllwKFAqb45ofu/SsEGeCmUwAOUB+5LAXWKmCCxY9Uq79rNRpCogA4hF6Sj9EpMNfiR3R9chWHBMCrqKZrJq0ACx8YImjxAxWGa/8HAAD//2ChFFQAAAAGSURBVAMADYgLKQpouCwAAAAASUVORK5CYII=', NULL, '2026-02-03 22:47:04', '2026-02-05 14:30:59', NULL);
INSERT INTO `apontamentos` (`id`, `funcionario_id`, `funcionario_nome_snapshot`, `funcionario_passaporte_snapshot`, `obra_id`, `obra_nome_snapshot`, `obra_numero_snapshot`, `semana_inicio`, `horas_diarias`, `total_horas`, `horas_normais`, `horas_extra`, `horas_noturna`, `status`, `observacao_rejeicao`, `enviado_em`, `aprovado_em`, `aprovado_admin_em`, `aprovado_por`, `aprovado_admin_por`, `assinatura_base64`, `assinatura_admin_base64`, `criado_em`, `atualizado_em`, `deletado_em`) VALUES
(9, 2, NULL, NULL, 5, NULL, NULL, '2026-03-16', '{\"mon\":{\"normal\":1,\"extra\":1,\"noturna\":1,\"fecha\":\"2026-03-16\"},\"tue\":{\"normal\":0,\"extra\":0,\"noturna\":0,\"fecha\":\"2026-03-17\"},\"wed\":{\"normal\":0,\"extra\":0,\"noturna\":0,\"fecha\":\"2026-03-18\"},\"thu\":{\"normal\":0,\"extra\":0,\"noturna\":0,\"fecha\":\"2026-03-19\"},\"fri\":{\"normal\":0,\"extra\":0,\"noturna\":0,\"fecha\":\"2026-03-20\"},\"sat\":{\"normal\":0,\"extra\":0,\"noturna\":0,\"fecha\":\"2026-03-21\"}}', 0.00, 0.0, 0.0, 0.0, 'aprovado', NULL, '2026-02-07 03:13:54', '2026-02-07 03:15:21', '2026-02-07 03:16:17', 1, 4, 'data:image/png;base64,iVBORw0KGgoAAAANSUhEUgAAAZAAAACWCAYAAADwkd5lAAAQAElEQVR4AeydT2gdxx3Hp0khPSWQEkFMlZMNgSg0VAcXvxKIcqkDJtLJa9J7IGBBIArpqTp7A4YVVXBPcWmwfLKCA4EG3EslaogPARUCuemVHBwaKhNDA4Z2vyvNenb1JD3p7Z+Z3Y9hvDOzszO/+fwe892Z2V098cMPD/9HgAG/AX4D/Ab4DRz3N/CE4R8EIAABCEDgBAQQkBNA4xIIVEKASiAQOAEEJHAHYj4EIACBtgggIG2Rp10IQAACgRMIWEACJ4/5EIAABAIngIAE7kDMhwAEINAWAQSkLfK0C4GACWA6BEQAAREFAgQgAAEIHJsAAnJsZFwAAQhAAAIigICIQtOB9iAAAQh0gAAC0gEn0gUIQAACbRBAQNqgTpsQgEBbBGi3QgIISIUwqQoCEIBAnwggIH3yNn2FAAQgUCEBBKRCmH2oij5CAAIQsAQQEEuCIwQgAAEIHIsAAnIsXBSGAAQg0BYB/9pFQPzzCRZBAAIQCIIAAhKEmzASAhCAgH8EEBD/fIJF9RCgVghAoGICCEjFQKkOAhCAQF8IICB98TT9hAAEIFAxgbEFpOJ2qQ4CEIAABAIngIAE7kDMhwAEINAWAQSkLfK0C4GxCVAQAn4SQED89AtWQQACEPCeAALivYswEAIQgICfBPogIH6SxyoIQAACgRNAQAJ3IOZDAAIQaIsAAtIWedqFQB8I0MdOE0BAOu1eOgcBCECgPgIISH1sqRkCEIBApwkgIF67F+MgAAEI+EsAAfHXN1gGAQhAwGsCCIjX7vHXuOFw26ytrZk4vmIWFubN7OxsFqamnjOnTj1vXnzxxSxt83VUOQVd4wZ/e4llfSZA348mgIAczYgSKQErGIuLi0YiIUFYXLycCkhsNjY2jM4rpEXNo0ePzPff/zvPU76CyinEcZxdZ4/K03UECEAgLAIISFj+qsVaDe42aDC3M4s4nV3Mz79ZEIy1tRu12EClEIBAeAQQkPB8NpbFVhB0tILw7rvvGs0gtIykoFmEnU0orqB8O7OI05nC5ubmWO3ZQoPBwDz77M9NFEUmSVaycOvWurl3714WFFfQOZuna+z1HCEAgXAIICDh+GqfpcN0H0LBCoRmCxKBsihYQfjkk7+k+xY3siUnzTR07b5Kx8iYnn7BaNBfWlrKBeL+/e+MgsTh66+/zvKjVEQUVFbXKCiuoHylFcZokiIQgICHBBAQD51ymElWLDRTkFgoWIHQbOG4oqABXEGDug2uMNy+fdtIFDRbkEAoKK68paX3jYRA1x1mM+cgAIFGCTTWGALSGOrjNyQxsIIxN/dathdhxUIziINqtIIQRZeMFQMN+hr8y0H5ChIEG1xhOHv219lsQ3Ue1B75EIBAPwkgIB75XYIRpxvXml3YZSgrGFtbWyMt1cDuCoUEwgpCkiSpgOzOElRuZAVkQgACEDghAQTkhOCqvMwKh5aj4nTj+rDZhZaLNKvQbMGKhSsUVdrV17roNwQgMB4BBGQ8TrWUknDoqSgrHKMasYKRJCv5JrWWmJQ/qjx5EIAABJoigIA0RbrUTpwuVUk4yu9V6BFYd4ahmYYEI4qiUg0kIQABCLRLoHoBabc/3rc+HG5nn/6I06Uq11jtUUg49AisBIMZhkuHOAQg4CMBBKRBr2hv49VXX83ew3CblXBo41vC4eYThwAEIOAzAQSkIe/ocVw9XfXw4cO8Rc067BJVnhlARLMou3ejZTiFV175pTlz5nT2qLHSCurv7OyvzBtvnM/egNc1ChJS1RFAV0MzEXsh0CgBBKQB3Bo09Tiu29TMzIxZX7+VvWPh5vselxDOzs5mb7RLBGz49ttvzc7OTma+zdsViqH58ssvs/La71HYFZbdr/dKXFZXV/fNyrKK+A8CEPCaAAJSs3s0WGrQdJvR/sb169eNZiBuvu/xON34LwvhJDZLaCQuy8t/yPaFJEwSWwnPJPVyLQQg0AwBBMThXHVU4lEeDCUeWrYKTTw0sMeljX/xiqJLRkH7OBcvPv6Aoh47Vnjrrd8ZnVO/j+qzBEViK25WTDTjUTsECEDAPwIISE0+0YBbFg8NqBKPmpqsrVr1QwO724DEQH1JksQo6AGAlZWVVEyiQrh69WoqIO8XvqelBwaSZCXNXzLnzp0buYw3HOoPVt1I904uZ3+YSjzjdAbk2kAcAhBolwACUgN/3TWXB1wNmFGg73Jo8HYxaTYxyf6NxEcsJDrr659m4qK36ncFaWWfoFgxidMZkMTMtYV4VwjQjxAJICAVe02DnQY6t9ooW+aJ3Kxg4hJD9ck1OElnHRIBN6+KuIQpSkVWQmJnKVHKro62qrCXOiDQdwIISMW/gDj+MPtTrrbaZ555JlvisenQjmUxTJKVRjb/JRpRKiZJKlYSExskMqExxF4IdJUAAlKhZ4d76/a2Sg2CH3983SbrPNZS97Vr1wpiqMFbg3otjR1RqVgqHFGM0xCAQIMEEJAKYWu5x60uii7uW893z/se/+ij1YKJ7723VEiTgAAE+k0AAanQ/+vr64Xa2rpbLxhxwoTEUC8H2svPnj0btBjafnCEQOUEelwhAlKh87/55psKa2u3qvLexwcf/L5dg2gdAhDwjgACUpFLtP/hVnXq1KlGNpvdNquKa/bh9kd7HwpV1U89EIBANwggIBX5cXt7WKjpySd/WkiHlCjPPurd+wiJDLZCAAIuAQTEpVFhPNQ7dr2ox+yjwh8CVUGgwwQQkIqcOxwWZyDD4XZFNTdbzc2bNwsN6vtWhQwSEIBAZwhM2hEEZFKCe9dPT0/vxXYP5SWt3Vz//9cMxLVyMDjnJolDAAIQyAkgIDmKaiOhzkBcuyM+I1Ltj4LaINAxAghIRQ594YXiDETVuoOx0r4HvXnu2qgv5bpp4iUCJCHQcwIISEU/gC58ZuPTTx+/CPnUUz/LPsteER6qgQAEOkgAAanQqWURCWkfRLMl/XVAi6PKvzxo6+QIAQh0i0CLAtItkKH3Ri8Pht4H7IcABJolgIDUyHtYerS3xqYqr1p/7KnySqkQAhDoFAEEpEJ3jtpIr7D6Wqv6/PPPa62fyv0igDUQqIIAAlIFxb06ynsgm5ube2f8P+zs7ORGlt9pyU8QgQAEIOAQQEAcGJNGy4+9bmz8fdIqG7z+J3lbg8Fv8jgRCEAAAgcRQEAOInNY/gHnoigqnHnw4EEh7XNiGOinV3xmim0Q6DoBBKRiD09NTeU1almIgTnHQQQCEOgYAQSkYofOzb1eqDGEd0HKIldOFzpEAgLtEqB1jwggIBU7o7wPUv66bcXNVVJdefN/ezvMLwlXAoNKIACBsQkgIGOjGq9g+QmmEO/mQ9q7Gc8rlIIABOoggIBUTHUwGBT+lO3GxobxSUQO6q47C9HezUHlyIcABCBgCSAglkSFxyi6WKjt9u3PCukQEiGIXggcsRECXSaAgNTgXT3Oq6/Z2qq/+OKvNurtUTMnb43rmWES79nZWbOwMB/E7LVn7pmgu927FAGpwadaDho4f8lPy1gKNTRVW5UbG+G8RV8bhJYqjuMPM+HQb0ZCIkFpyRSahcChBBCQQ/Gc/GQcx4WLFxcXC2nfEuWnx0L6DItvLCe1Z3r6F4Uq5ucXMkEpZJKAgAcEEJCanKBZSBRdymvXXWQcX8nTvkWiKCps/pcHMQ/s7Y0J+hJyVPrtMCPsjfuD6igCUqO7lpbeKwzKV69e9fpOMkkSo4ErSVaMBrEa0VD1EQSS1Be6CbHFbt5cs1GOEPCGAAJSoys0AGggsE08evTI+LyUNRgMjOyN0tmItVmzJgWb5tgcAfdpPu2HDPleWXPwaalI4IAUAnIAmKqyNShfuHAhr04DgUKe4XFEf6UwTvdyFEKx2WOcxzZNs0DdhNgLl5aWbJQjBLwggIA04Ibl5eVCKz7PQlxDp6en3STxFgicP//bvNU7d+54vQSaG0qkNwQQkAZcrbvIJFnJWxqmSxG6u88zPI1o9nTv3j2joLinZgZg1slNfPvtt83TTz+TV7C9PczjRCDQNgEEpCEPDAbnChvqWhZqqOmJmpH4KUxUCRefmIDYv/zyTH795uZGHicCgbYJICANeUADgbuGrVkI+woNwQ+8Gf12bBeGw3/ZKEcItE4gBAFpHVJVBmgW4tYVyl6IazPx5glMl14sbN4CWoTAaAIIyGguteTqTrK8FxJ7/HJhLRCoFAIQ6AwBBKRhV2oWIiGxza6t3TRra7wkZnlw3E/AXerc2fnP/gJ15lA3BA4hgIAcAqeOUxKP8l6I0u4gUUe71BkugcFgkBs/M/N4Qz3PJAKBlgggIC2A15veEg3b9I8//jd7Q10b6zaPIwQgAAHfCSAgtXro4MolImfPns0LSDz01VVmIjkSIiMI8BTWCChktUYAAWkJvZayVldXjbs8IRHRHxHS01mKt2QazXpGANHwzCGYkxNAQHIUzUckIknpq6uyYm3thtEfEtLmOkIiIv0O7m+AR3rH/y1Qsn4CCEj9jA9tQSJy0KdCFhcvm3feeYfvHx1KsPsn3WVN/V6632N6GAoBBMQTT926tW4UygPE3bt3jfZGeF/EE0c1bIY7+1DT2jvTkQABHwggID54Yc8G7YdoNiIhOXPmzF6uyWYgcRwb7Y/kmXVHqN8LAlrGtIbo92HjHCHgAwEExAcvlGzQQKGBI0kef8FXRbSUob2RmLfXhaMX4dq1P+X9fOmll/I4EQj4QAAB8cELI2zQUpaWKzQjUdwWGQ63Tbw3G5Gg2HyO3SMgXz94sJN3TJ92zxNEukwgmL4hIJ67SuKxvn7LuC8eymSJh5a0ouhitsSlPEK3CMTxh3mH9DtQyDOIQMADAgiIB044ygQNHPrzppqNRNGlQnH9lTq7ya471sJJEsES0A2CHue2HdCNgo1zhIAvBBAQXzwxhh0SkiRJsqe1Rm2yS0j0EqIGnzGq62yR0DumGwHNLm0/5HfdQNg0Rwj4QgAB8cUTx7BDm+wbG5smSVb2vcmuu1YNPtps10b8MaqlqAcEhukel24CXFOS9KbBTROHgC8EEBBfPHECO6IoymYjSVIUElU1zAaiy9kb7TFPbQlJEOHy5cvGnUGO8m0QHcHIXhDYLyC96Ha3OmmFZNQeiYQkjmNz+vRpEyMkXjteM4/Nzc3cRj04Id/mGUQg4BkBBMQzh0xijtbKk3S5Q0KiwUdLXbY+PQ4ap0Kipa0YIbFYvDlKPLT8aA3Sl5rZ97A0OPpKAAHx1TMT2CUh0eCjN9oV5uZez2uzMxKEJEfSakT+kC/2xCOzRcJ/+/ZnWZz/IOAzAQTEZ+9UYJsGI22m21mJrVIDV7w3I3HX3O15jvUTiNOZoMRDvrCtSfwl+jbNEQI+E0BAfPZOhbZpYNKsZJSQ6KktBYSkQuCHVCXhmJp6Lt2TigultOwo/xQySUDAYwKdEhCPOXtjmhUS3eVqdmINk3hIRNhst0SqPWqWIeHQjCNOlyLafAAABIdJREFUZ35u7VF0yUg4JPBuPnEI+E4AAfHdQzXZJ/HQhrvueiUqthl3s313sLuSPVaqAdCW4Tg+AQmzNsh3WcaFz85MTU1l7/LID64Pxq+dkhBolwAC0i7/VlvXoKW7Xn1rK0lWzMzMTG7PcLidDXa6W9bMRAOgwtzca+nSyxWjfZW8MJECAbGL0/0NLVOJnbtBroK73JfM1tY/TRRFyupAoAt9JICA9NHrpT5rQNNAdufO3/aWUpYKb7jb4hoYt7a2UgGJjf5aoh0gNVjqTtuW6+NRbMRBgiGhjUvLVGIizprxsVwlGoQuEEBAuuDFCvuwO8i9n73hroFOM5MoXaPXkteoZiQcGiztwKnlGs1ONKCOKt+VPPUvTmcZChJSKxri4fZxl+dSzlMzPvc8cQiETAAB8cN7XlqhwS9Kl1iSZPcDjvfvf5cNhNEBgqJBVcs1mp1oQFWYn38znbHsLnnpvJcdHdMo2S/BsGIZp7MMhfLlzz9/ypw/fz7b35AISzQOEmDDPwgETAABCdh5bZiugdAKigbHJFlJ1/GLn5i3dg3TfRR9mkODrCsqGoDtTEV37Cpnr/HtKNvidKYheyWIcSoastm1U0KrpSkFPd321VdfmevX/5xyYX/D5US8ewQQkO75tLEeaeCM9mYoEhMFCYpERudGGaIBWQOwnalITDQwu0GDdZwO2qurf8w267Ukpmt0rQ1K26Dzo8Ldu//IniCz5+y1Oso2e7RxpVVWbcsGa1OciobsVTkbonQWpj83q1mZ+q1ZhoL6bstwDIQAZp6YAAJyYnRc6BKQYChEqaDoLlyDqh1cldbd+WGDqwZvGzRYa9BeXl7ONus1eykLjdI26PyocOHCBaMy9pwVBB3tvoWOCspTUFm1LRtkT7mP6of6laTLegsLC+5p4hDoHQEEpHcub7bDEhUJh+7OJSQafCUuSbKS7RFE6Z28zqucDVVaqDpPUp+uk10SDNlq7VY/TlIf10CgiwQQkC56tdE+Hb8xDc5ROlNRSNI7eQmLRMUGDdYKNq3zyZ7gHHRUGQV7jXu9G3evt+Lg5ul6W171STBk5/F7yRUQ6D4BBKT7Pg62hxIaBc0ENIgfFlRGQeUV1Gl7tHGl3TqsOLh5KqPyBAhA4GgCCMjRjCgBAQhAwEsCbRuFgLTtAdqHAAQgECgBBCRQx2E2BCAAgbYJICBte4D22yNAyxCAwEQEEJCJ8HExBCAAgf4SQED663t6DgEIQGAiAhMIyETtcjEEIAABCAROAAEJ3IGYDwEIQKAtAghIW+RpFwITEOBSCPhAAAHxwQvYAAEIQCBAAghIgE7DZAhAAAI+EOingPhAHhsgAAEIBE4AAQncgZgPAQhAoC0CCEhb5GkXAv0kQK87RAAB6ZAz6QoEIACBJgkgIE3Spi0IQAACHSKAgATmTMyFAAQg4AsBBMQXT2AHBCAAgcAIICCBOQxzIQCBtgjQbpkAAlImQhoCEIAABMYigICMhYlCEIAABCBQJoCAlImQrosA9UIAAh0jgIB0zKF0BwIQgEBTBP4PAAD//73wn1EAAAAGSURBVAMAf341sLIB78QAAAAASUVORK5CYII=', 'data:image/png;base64,iVBORw0KGgoAAAANSUhEUgAAAZAAAACWCAYAAADwkd5lAAAQAElEQVR4AeydbYgd13nHh8TgfKkFNhHEdAUOFjXU4GAJXPZCoIaUyEitDCka42B9CNiwRoKAbnCpRWWcfPEYArMQkIgLCjFZQcAqLhEkRFCDhAUOJKB8MtStblDwhijIxFCBIT2/c/eZPXf25b7s3DtzZv7LPve8zJnz8n/OPP/zdud+7s9//vQvEmGgPqA+oD6gPjBtH/hcoj8hIASEgBAQAjMgIAKZATTdIgQqQUCZCIHIERCBRK5AVV8ICAEhUBcCIpC6kFe5QkAICIHIEYiYQCJHXtUXAkJACESOgAgkcgWq+kJACAiBuhAQgdSFvMoVAhEjoKoLARAQgYCCRAgIASEgBKZGQAQyNWS6QQgIASEgBEBABAIKixaVJwSEgBBoAQIikBYoUU0QAkJACNSBgAikDtRVphAQAnUhoHIrREAEUiGYykoICAEh0CUERCBd0rbaKgSEgBCoEAERSIVgdiErtVEICAEhYAiIQAwJuUJACAgBITAVAiKQqeBSYiEgBIRAXQg0r1wRSPN0ohoJASEgBKJAQAQShZpUSSEgBIRA8xAQgTRPJ6rRfBBQrkJACFSMgAikYkCVnRAQAkKgKwiIQLqiabVTCAgBIVAxAhMTSMXlKjshIASEgBCIHAERSOQKVPWFgBAQAnUhIAKpC3mVKwQmRkAJhUAzERCBNFMvqpUQEAJCoPEIiEAaryJVUAgIASHQTAS6QCDNRF61EgJCQAhEjoAIJHIFqvpCQAgIgboQEIHUhbzKFQJdQEBtbDUCIpBWq1eNEwJCQAjMDwERyPywVc5CQAgIgVYjIAJptHpVOSEgBIRAcxEQgTRXN6qZEBACQqDRCIhAGq0eVU4ICIG6EFC54xEQgYzHSCmEgBAQAkJgGwREINuAoighIASEgBAYj4AIZDxGSjELArpHCAiB1iMgAmm9itVAISAEhMB8EBCBzAdX5SoEhIAQqAuBhZUrAlkY1CpICAgBIdAuBEQg7dKnWiMEhIAQWBgCIpCFQa2CYkFA9RQCQmAyBEQgk+GkVEJACAgBIVBCQARSAkRBISAEhIAQmAyB6glksnKVSggIASEgBCJHQAQSuQJVfSEgBIRAXQiIQOpCXuUKgeoRUI5CYKEIiEAWCrcKEwJCQAi0BwERSHt0qZYIASEgBBaKgAgkgFteISAEhIAQmBwBEcjkWCmlENiCwGBwK9lJtiRWhBBoGQIikJYpVM2pDgGI4dq1a0mWvZGcPn3ay7PPHk+QQ4cOJY8//rcJ7k6yf/8XEyS8fvr0KZ8Pea6trSUmlFNdzWPMSXWOEQERSIxaU53nggCEgWFHzOhDFlmWOUP/Ey8YeoS06+vr29ZjaelAgthF0poMCeMnjpQyRySQyVAox8gGvxEW6a088rA85QqBJiAgAmmCFmquAwaq5irUVjxGOXMzDCOMzJEFQnxYKQih1+slafpc0u/3veT5avKrX/2qkPX1PySIxZX977xz2afFRbifvMgXoYyBWxJDH2trQ8JixgKhWP1wCZtwHbLJXBtCgXhCGeY5nPHgR+w6foSyTcK2yy8EdkJABLITMnHFz1xbM0S4M2cS2Y0YSYytjfgzRxrEWTMw5Bh0jDuG3ogAf57njjy+4yVNUz/TID1i94cu8Qhx5IkfF+H+fv87CfkiEM9oWatJnq960iI9Qj4Y+1u3BgnukASGMxraYTIkluHsBj/6xUXwI/gR/AjkZGLYECaNkdSwvDVf9sCRHfWRdBcBEUh3de9bjiHCg2HDbbucP3/e71tgaMO20n4I49133/WzhK9//YgnCTPalhajbf55udSFciEYJHekBcEgkIyJkQ1hruX5kHBwUzdTKgt5IsTjIpQVStimgSMIZEgaQ5IaksmpYh/IiAYCgmRIC0bcF+YlfzsREIG0U68Ttyp3xgmDcuLEiYnviTEhhg1jd/bsqyPVhzTMEDMb+Oij/0kOHnw0Id2hQ0+OpMVImoxcWHAAg29F4kcgg9TNiEzQa1kgGYR4XATyCQUsEIuzNLhInq86Yu37WVHqSIpyqQukwbIbBANGhw4dKg4QEIZcfvCDH7h9pOEy2mCDnLg3eulwA0QgHVY+TccA5I5EcAm3TTBUQwN2aqRptBdDCWmQBgOH0cMA3r1716e9c+eOd+2jS7M1SAkBJ3Pxp46kwIw+g0AqRja4eT46CzpwYCkBN8jl3Ll/Kw4OgDUCqSP4h3o67dKcTjK3pwPpm0BQA0c6pgu5zUBABNIMPagWc0Dgxo33/XIVxseyxxhi9BDiMEoYLwwcfuKQ/fv3J6+88i94C8kd0aZu1N322VrR4Ck84IqkjmBMwAucIRbIGhfJ881ZDKTEfQNHDugJPSCZ25eCzE0gF/RkQjjbIBnum6KqSlohAiKQCsFUVrMgMJ97MEjHjh0byTx1xh8DhtGyC9euXTevdzFmGL2bN3+bvPTSSz7OPrgvdySCa3FyJ0cAbJHUkYzNYsAanYSS58NZDMuLqdMZeHMfJQ0c0SCQRrZBMpBJmVi4TnrJfBEQgcwXX+VeAwIYGAxKWPS5c68luTP+YRz+1BkzM06EMWQYLPxVCnXK3IhZhm17VNGBCTpByiTDLAaBdBAjGO4DXwR8M0csIakwi2EpjGvbl67YWREQgcyKnO5rLALsZ4SVy/PVZGVlJYwa8UMaCMZp5EKFAeqEYRu6b1SYc/eyguARIxh0h0Aq6DrdmLUMNmYrkAckYqSCS5wIJUn22ntEIHtFUPc3CgFO+oSGAUOTulnGuEoyih2XporrGDWIBCNWRX7KY4gA+jNd526mCZkYqZRnKvSPkFAgdQhlmJM+p0FABDINWkrbaAQwzpz0CSuJMQnDdfmpR+pGxlY+RoxlNupscXKrRcBIpTxTyfNVfwyZ0gZulsKmPYSCPiATdMM1yXgERCDjMVKKCBDAEGAAwqqeOnXaf1M8jKvUP0VmGLPcjYwZDdtt1Pn48WctKHcBCKCH1M1I0QUzFMR0gj4gE2aH9KXM7VktoEpRFyECiVp9qjwI8OCXDXHqRvtnz57lcqOE0TBGyypF3TFYFpa7OAQgE8R0kuejM5PMbcYbkQzcTGVxNYunJBFIPLpSTbdBgAebZQdcu4xRyN1o38JNc6kfJIJL3VgyeeaZI3glNSGALtJgZsKshDj6lREJRK+9klEF1UggoxVRSAjMggDkgQG2e3noL19+x4KNda2euFTygw8+8N/Axi+pFwF0wqyEfpTnqwmb89SIfmZ7Ja+//rr/ITHiuywikC5rP/K2l8mD5vDQYwDwN12oZ+5mSg88sM9XlfV32uQD+qgdAfTDrMROdDErgUwGbjlrdTX3bzlgiavLsxIRSO3dVBWYBQEeWgxueC8POg99GNd0Pwbp4sWLRTVpE0apiJiTR9lOhwD9ilkJhH/hwoViVgKZ2KwE8meWMl3OcacWgcStv07W3h5aazwPN+SBMba4mFzqzZ6I1Zn2iUQMjWa59DUObNDf0BmzEmqIziB/9knQXdaRE1wiELQviQqB8juuGBVihKNqRKmyGCYMEi6XMEgYI/ySZiKArpiVoDeIhDA1RXfZxgkuZiWEiW+jiEBm0aruqQUBHkSM6u3bt4vyGQnGTh7WGAxQuIfDcghi1+U2EwH0ZkSS55ub7gO3V8KshBlL5mYkhJvZgtlrJQKZHTvduWAEGM2FBjV8WBdclbkVNzRG/SJ/2lwE5Gk8AuGme5o+5+sLcWRuRmJE4iNb8iECaYki294MZh5l8kjTtJXNpl02q8L4hO1uZYOna1QUqRkI5HmesLyVloikTXskrSAQPWBRPFMzV5JReKhj1pvTlpKHgXTmzOYs5M03M4uWGxkCIZGEgwJmJBAJA4TImjRS3egJBOPC6DRza4wjLVOgFQhAHKwjW2MgD9abLdxWF2Nz+PBh37wPP/xQX1rzSMT7AZGwX5fnq8X72QZujwQSOXnyhWj1Gz2BYGDoVmtrl3AkYxCI7TKDA6szRrUL5GHtPXp0+IuK6+vrya1bA4uWGzECzJw5KMFAyJpx5cqVhP2RtbW16IgkegIxJRw4sGReuS1BIJxV7tu3L2EE15KmTdSMJ554okh36ZIGSAUYkXuYjTAQYn/k+ee/6VvDbIQvJBqR+MgIPqImEEBHIsBZVZwSAfSaZZtr/y+++OKUOcSfnBkXQkvAA1cSMwKjdYdIvv/97/uBUahniISl+Rh0HjWBjKpDoTYhwHTe2sODxojNwl1yaTvt1RIWKLRTIA9m14jpm30/ZiNNJ5GoCSR8qEJ/O7tZd1rFQxPOPsL14u6goJZ2DQGIhGWtNDj223QSiZpAwg6mPZAQjbj95dlHOjyyG3ejVHshMCECeZ4neT48rTUY3PIb7BPeuvBkURPI9evXCsA4jQXYRYQ80SKg2cem6ljKIJSmJ3AkHUGAQZPNvLFrWUO/phA1gTz66MGOdKduNPPGjfeTV1/916KxDz74ULK0tFSEF+XhgTWxgUkYLsfNq16UaXnb2riF5bYfgZBEsixLsjpJZAe4oyaQe/fujTRL+yAjcEQT4MHgC1W8ZZffWrCK37nzx4Tvgezf/8Xix3see+wxH0f6UEhnYfzbCdd5KLmGvyyUg4Tx5bSEkTBNeE/o5ySNCctyEA+STPjHPSSFPKg3fkm3EODwSLqxJ3L+/IVkmv6zCKSiJpAyQIOBvmxVxqTpYYxx5kZXA7fWu1tduY5AKjxE+EMJ4/BvJ6S/evWX/iHEX5bdyh93zfIinflZfjLhaCZtRSAZxEgodXs8RjTmZm60+cMf/pDskn37HvCjT+IQiMXEyvIJ9dFKBPr9Mwmz8U8+udu4nz2OmkB6veWRDnP9+vWRsALNRgBjiaG3Wh479o/mTR5++OFkff0P/mV0nEzhiCMbi+YnHEoYj78sltbiCZNfWYhHLB4/slOYeLt+7tw5v/nZ7/cTk9SNHtP0Of8LdswkigY6jxl/SM2IxtzMkeqf/vQnlypJbt686QiEJYyhQEYmRkIhIfFcgK1dg7QIm2SOnCAgsEeohy9IH41EgH7z1ltv+bqhK/TnAw34iJpAyvgBbjlO4WYi8O1vfzvBWFrtMLiPPfY3Fkyef/557+fhQXq9XpK6kbr5CYcSxuMvi6W1eMLkVxbiEYvHj+wUJt6ur6y87OvIsoNJ7k/U5P7LYpBXSIqEIR8TMDB5/PHHffv379/vyYcyrO64/mLpg/6P8O4ssMWPQBKETTJHThAQxIJANLgQTObIhfTcV8pewRoRQP+pG4xQhbW1S34Wjb9uiZpAeJAQA1F7IIZEs10M1Ntv/3ikkhjccAa5vNwbud6mAH3WBMNgAgYmzDpo86uvnvXkA8lAOCYQkYnFkSbPV0dmQZa3lUee2wk6gWAyRy6QCaTy1FNP+SWTbINUEv3VikDfLWWhx4Fb7m3KG5pjIJBdlcYDYgkAFrGw3OYhgKHCQIU1O3XqtH+JHNcsPtSr9jEpaQAAEABJREFUxXXFxWBbW1M36zL/Ti5GBQEz0iNGRJAKYiQD6eAnDoFwUjey5d5y/h999N9+lpgFpMIsJdRT+R6F54cAOu675VFKQAcI/jolegJZXh7dB7l2TfsgdXaocWWXyQPDdfbs2ZG3zfKgjMunrdcZAGGwaZ8ZC/xVCviCO5I6gsrdMhtkEpIL+zm8Tp60VjZ1Y5aCDpmhZG5mYtfkLgYB9IXeKK0Js5DoCQRAw07+i1/8AmwlDURgO4OD8aKq4ZdCu/ylOUb44IEwi8BdpPAsYaDYz/nZz64kly+/4w8yQGbEW10gk8zNTIxICNs1ufNF4MSJ1BfADATxgZo+oicQcAsNznvv/RdRkoYhgIHB4ITVwihhsIgbDH6H02lhZG8GgRlBE8BAPwhkRp1Y/hrV2y1/QgwiYc9kLcLftGgCztPUoRecPg0HXtPkUVXalhDIkJEB5e7du405oUB9JEMEvvGNfx56Nj7NKG0E/R6I+ZlVmr8rbuaWg4w8MNC9XjMPEZje+FGkPF/1J8RMRx+5PRNOd0EmRoYDt+Fr1+VWgwA6sP4RHjypJvfpcmkFgYSA0vzm/PgOtZFgHDEuIRIYoDD861//2gfvv/8LCfr0gY58MGrP3HIQzcUwMNrH32RBRxC9zUr4YaQvfenhosqQISQCmWSOHEUkBTSVeGzvt+6Tp60gEDRy5kwfxwud13v0UTsC6CLbMI5WGTo/BsjCuJ9++ilO8tBDD3q3Kx/gw6id9qbpc/7ILv6YBF3yw0i/+c1v/BFiwmH90T9Ewv6OiCREZnb/8sYxd/BEZs9pb3e2hkDC17kDKA/m3qDR3XtFAD0wCi3ns7q6OhLFCNwiHnnkEfO23qWPGj7MPPI8j77NaZr6TXdmJrQpJBNOcC2SSKIHc5cGhPauzllIawiEjpq6EZxh3oQjblaXrrqMOMttZ30fXYXxEI2Fy9csvm0upPnNbw6/bY+hxeC2qY3WJpYqeS5DvRqRgEGo+za1f95tAU8wppxBje8AbA2BAGS/fwbHC6M7xAf0sXAEeDV7GX86/Lj1/aWlv154XRddIMTKshXLdpxcaht5hHhi6JhZbUckYHDy5EkdegkBm8JvbyMvv9Vhiiz2nLRVBEJnxUgZKpqFGBIzuHu85b333tuSw06GMjzCiw633NiiCMiDEThNoq++++5/4m29oFeIBKHd1mBe2cIyHjLQiS2DZSL3ySef9Olu3Ljh3To+WkUgAEgHxUUYASP4JYtFYG3t0kiB9uWnkciNQGg4lmr4AamNaszVoY0YyZA8diLUuVak5swhD9qNPPLIl4va8JyyP5LpxFaByTjPkSPPFEnoX0VggZ7WEQgjHdZcDUPNQgyJxbl0ZiQsEcMRhnfyh5uDO6WJLR6jiHHESFJ3+icGFH9Xhf7AyLnf748c284yXln/5sj3gjqIUTRNbh2BgHxfeyHAUJusra2NlD0k9c0ve45cbHEAEmXWgVG0ZvadwQxnyRbfVZc9MfCgjxgGzNJY6gM/i5O7FQFI2GLregdgKwmEzpjnm0dFv/e97xrOchuIQJ3HEOcFR+aWYsJZh/VJDOa8yow1Xwwhm+xgZG1gtnb8+LOaiRggO7iGWV3fSG8lgYB1r7ecHDx4EG/y8cfrOunhkVjMR7gpTom9Ma/lWF9fJ1lyf0XfQveZ1fQxcBvB5VkHDzkGMk27NwubVA1gxHu2wr4CliKR3RGse8m3tQRCh+R3JoCfjqjXm4BEM+Xevf/zFePX97wnwg/6WHnWQTNYssIw0h8JS3ZHgL2hMol87Wv/kNy48f7uN3b0qs3e6X91QNBaAgHMnpuF2IPLlBghXjJfBG7d+t+RAh544K9GwmEg7Ph1j6bCek3jp1+xZp+5DWC7r+dmXevrf0i0ZGWITO5CImnwpeA7d/6Y8Hr5yXPoXkqzc4tu+VYCWXQN5lgeoDICpAgMlU5kgcT8BeMZlrJv374w2Co/5MGSFS4No8+x/4YRJCyZDYE8z5Njx44VN/P8gnMRIY9HAFy8p6aPVhMImPY0CwGGWgWjulMFbAq+0/Umx/M7NKFR67lZB8tVqfY6KlHbW2/9u3+vlmUGSSMWlruJwFJNb3BoPYFgvGwWAtyahYBCM+XevXvNrFipVhgxTlhdvXrVX6GP5flqFW/S9fnpYxMBw9ZitJdpSCQjJ9TAafPK4nytJxCg7JVmIVn2BtGSBSEwGNzasaRw34PfBNkt7Y6ZLPACfYdZh9VzeXk50Qmr+SqAGd3hw4d9IVev/nLEcPrIjn6Es/elmt7g0AkCgZ3DWcjFixfVCef40IH3pNmHD8Fnn3026W21pIM4smCjnD51+fJ/JNO0t5aKt6DQo0eH+yHr6xzJv96CFu29CYPgLbzhQGzvOU+eQ6sIZLdmM4pJN0520AnL35be7V5d2xsCu33Jqef2DUIDXNc3androS1Z4ZKO+rJJrhNWoLEYWVlZKYj60qXRNx0spgbNK2UQzOzpk3XUsDMEArj9/pnkwQcfwpswkhSJeCgq/5h2Ol3X6GmShmduuZOZhz2sPKh5nicQ3yT3K011CBjmELnpo7rc482JPllX7TtFIAB97ty5AuvMLUeoIxZwVOaxB90yDJepLG4nd7fZyk73zCOefsFGOX3E8u/3+/5UULl9dr3b7vxbf+LEiaIQDf7YRP+dx6PO/tgpAgHtNE2L0SNGIsveJFpSMQJhpwbn3bJnI9quj0tr6eblUv7Jky8kkAd+ymHgoSUrkKhX6FPoglqExE64i8KBAtr96ad/xqlFOkcgoMwShHVE3vyp0QyoVCuGr+VqxtjCobu83CuCdS1PUL/MLVdBHFeuXCnqk+ermnUUaNTvgUSsFoNgD8DiuuR+/vP3+ebyqhfvqeGjkwSCceNLYIY3P61Zc2e0qrTI/UvRlvvuuy/ZbRkLo4BO7Ibz58+bd+4uejfiyNySphV45MgRTxzMWC1Obv0IhMtYTTxwsUiEfv/72764afcc/U0VfXSSQMCOEzQYLvyIlrJAoToJf4GQ47mD4MjhdqWEhH7p0uivGW6Xvoq4bGPGkQXEAZEx67h48UfFqZ8qylIe1SDQ5AMX1bRw+lzqxKSzBIKa8jwvjARLWZkzKMRLFo/AV7/61aLQu3fvzu31+wO37IGe9+//oj+JVxTqPGn6nGYdDocm/0PwVj90af49uRHeHLY9xGTRTek0gQB8OPLN3Eg0VMyildHm8sbh+tRTf1ccbgCHql85Q/mZGyCwx5E5PVOGCf0gz1eT3A0oLE5ucxFAX9Su/LszxHVNDIu62t1pAgF0lrI4nokf0Q/YgMLepTytDjemd8r9zJl+cYnN9Kef/vs9zUQGG7MNSAMpEweFoXu9ABEk4pF7G78f8/Of/zyeSldcUzv4Ew6AKy5iouw6TyCgBIkYk2N0TDlck4xDYPvr4GnvLyLFzZs3x74+BtLhPtIj3MOX+DD+w9/beCPBRY4f/6fkmWeOuGWozTjiMzfL4B6WqLgvc7MNdEp+JpQBcazr9zoMkqjcAwcO+Pp++cuPeLeLH2trw33C8ARjHTiIQDZQ54V4GBaC2xkd4iXTIXD06NGRG9bWdn8FBfijh5GbXAACGO5RZQkuwhcOP/jgA0cgm3HEoztmL+62Lf/kD3Ew42DQsCWBIqJA4NFHD/p6fvzxune79sHzgNCfw4NAdeAgAtlAHWWEa+CMXlHSxmU5MyCwsvJycUiB2zHu4zBFDxh4jtFyz16Fn8k10iBfEcdeEW3O/eP6UnNqWm1NmGmTI8tXuHWKCCRAHzbH2FjUuBGzpZO7MwLlTj7JHhMkwjFaDH6er45srltJ99//BfNucbkfPfLt8Zs3f5tAGsRtSaiIKBFYCn48aeD2uaJsxIyVZnaNDG3Vd2bMpbrbRCAlLDE2GB+iGTFnbk0dv2Q2BMAzNN488JN+54b70jT1P9TEfgWEYjIYDJJyHNcsjnJ5yGarte6KBQH6SCx1raKeP/3pT302y8vL3q37QwSyjQYwPk8//bS/suY2qwYdG+X4hlf4wb5G+KCzV/H6669PXQJ5mNjNFjbX4idylShKBNB1lBXfY6WxQ2+//eOEwynYqD1mV8ntIpAdYMyyzK/fo7RJll12yEbRDgEe+DKJ/OhHF90V/QuB6RHgmZz+rvjvsL2PF1442ZjGiEB2UAVGL8+H31Snw0667LJDdp2PBs9vfetbBQ5829weiCJSHiEwAQL2BUL61ATJW5EEG8TeB21mWbcpjdoDgTSlCfOrB2votgnMskum/ZA9gb2yspKk6XNFHmDKQ1FEyCMEJkAAY0oyvjeE2wVhFYR22v4s/iaICGSMFlhrhEhIlrllLeu8hCXTI9Dvn/FLg3anZiGGhNxJEbBBR1M2kiet96zpaC92p2mzD9ojAgGFMWJLWSRjJIAy8UumR4CHoN/ffGUJWK6N+YLh9KW0/46utpD+0rW22yArfG6agoEIZAJNYPSMROjA7IfgTnCrkmyDQK+3PPLdDmZ22yRTlBDYgkA42EjTdMv1tkXQXmwNNqiJ7RWBTNjjer2eW78f/iYza/codsJblayEAA9D+OJEHhAbZZWSKigEtkWAPoRse7FFkfzYHc1hAIvbNOkmgcyoBfZDbBrJqDnTpvqMSCZ+BmJYkgmkzFovfokQ2AmBCxcu+Etf+coT3m3zh9kXBq9IE9sqAplSK5CIjXwybapPid5ocqbk4YPx8ssrowkUEgIBAsxUOf5N1KFDh3FaKwymsC80MJytE26SiEBm0Eb4pThtqs8A4MYtEPErr7yyEUqS27dv+9e1FxHytBGBmdt07dr14l6OhBeBFnrsB9WYpYeDrKY1VQQyg0YwfCgWl1HR8ePPjv2tixmK6cQt/BIhWFpjGXkhFpYrBAwBnjX8PHe4bRX2A3kGaCcrHk1upwhkRu2w/ILhQ8l0bE5mzZhV528DSxtlgeXJkydFyJ3vFVsBsCUd+3Lv1hTxx2RuX5X9QFrCy0FxmywikD1oB8MHiZAFSkf5+OcpbcwbEg5PmXzyyd1Ev8fSRk3P3qbw1CPP3ew5NfdOZh2Z21fleeCnCJpb082aiUA2sZjJR2c2EkH5YUefKcOO3sRDA5Zh87U0GKLRbT/PFggwU6Wv4G+TYDf4KWbaxGCKduJvuohAKtAQ65RGImfPvpowkqgg285lkeerSRq8K2swuJVAIsKzc11hpMEYV/oCkXme49Qk8ymW/r35fY/tf0BtPiXvPVcRyN4x9DlAIi+++GLCMUPbBPMX9DEVAhiIcPSF4WBkxkM2VUZK3AoE0L8ZVwZpbZt9DNt32uuK9qWRfbteBOJVV83HSy+95L8gZ50Ct5qcu5UL679pMBOh9ZCI8ASJbokdToE4GKS1qfUMilJHGPRryCPG9olAKuyRdHIbQdMpWH7BrbCImLOaqu7gmJZIhI31GzfenyofJY4XAZauOJxCC/juFW5bBPr4Z7cAAABPSURBVPJgUPThhx8m5869lsRIHuhCBAIKFYqRCFlCHixn4ZdMjwAkwsgMTO3u1157TUd8DYwWuzw73/3u8GePy30g9mYbedAO2hbzlyL/HwAA//8cHlKFAAAABklEQVQDAA91fPJsAnRJAAAAAElFTkSuQmCC', '2026-02-07 03:13:51', '2026-02-07 03:16:17', NULL),
(11, 2, NULL, NULL, 9, NULL, NULL, '2026-02-09', '{\"mon\":{\"normal\":\"\",\"extra\":\"\",\"noturna\":\"\"},\"tue\":{\"normal\":\"\",\"extra\":\"\",\"noturna\":\"\"},\"wed\":{\"normal\":1,\"extra\":0.5,\"noturna\":1},\"thu\":{\"normal\":1,\"extra\":1,\"noturna\":1},\"fri\":{\"normal\":1,\"extra\":1,\"noturna\":1},\"sat\":{\"normal\":0.5,\"extra\":0.5,\"noturna\":11}}', 20.50, 3.5, 3.0, 14.0, 'aprovado', NULL, '2026-02-11 16:09:05', '2026-02-11 16:10:54', '2026-02-11 16:12:00', 1, 4, 'data:image/png;base64,iVBORw0KGgoAAAANSUhEUgAAAfQAAADICAYAAAAeGRPoAAAQAElEQVR4AeydT4gc153HixBwIGARhwgsMiJebDBYsAEJHDR7WeWyNlGQYINK65zWoIBBwzp4dIl9sy8qg6HmJEEOWRzcIgtScLBu9kliBdISQwyG+BCmlwQU4iCTgRgMu/V5o9eu6emZ6X/V9ac/Qr9+f+rVe7/3ed31rffqz3zlb3/b+j9NBn4H/A74HfA74Heg3d+BryT+k4AEJCABCUig9QSqFfTW47EDEpCABCQggXYQUNDbMU56KQEJSEACEtiXQJsFfd+OuVECEpCABCSwTAQU9GUabfsqAQlIQAKdJaCg7zW05ktAAhKQgARaREBBb9Fg6aoEJCABCUhgLwIK+l5kqs23dglIQAISkMBcCSjoc8VpZRKQgAQkIIF6CCjo9XCvtlVrl4AEJCCBpSOgoC/dkNthCUhAAhLoIgEFvYujWm2frF0CEpCABBpIQEFv4KDokgQkIAEJSGBSAgr6pMQsXy0Ba5eABCQggakIKOhTYXMnCUhAAhKQQLMIKOjNGg+9qZaAtUtAAhLoLAEFvbNDa8ckIAEJSGCZCCjoyzTa9rVaAtYuAQlIoEYCCnqN8G1aAhKQgAQkMC8CCvq8SFqPBKolYO0SkIAE9iWgoO+Lx40SkIAEJCCBdhBQ0NsxTnopgWoJWLsEJNB6Agp664fQDkhAAhKQgASSREH3WyABCVRNwPolIIEFEFDQFwDZJiQgAQlIQAJVE1DQqyZs/RKQQLUErF0CEggEFPSAwQ8JSEACEpBAuwko6O0eP72XgASqJWDtEmgNAQW9NUOloxKQgAQkIIG9CSjoe7NxiwQkIIFqCVi7BOZIQEGfI0yrkoAEJCABCdRFQEGvi7ztSkACEqiWgLUvGQEFfckG3O5KQAISkEA3CSjo3RxXeyUBCUigWgLW3jgCCnrjhkSHJCABCUhAApMTUNAnZ+YeEpCABCRQLQFrn4KAgj4FNHeRgAQkIAEJNI2Agt60EdEfCUhAAhKolkBHa1fQOzqwdksCEpCABJaLgIK+XONtbyUgAQlIoFoCtdWuoNeG3oYlIAEJSEAC8yOgoM+PpTVJQAISkIAEqiWwT+0K+j5w3CQBCUhAAhJoCwEFvS0jpZ8SkIAEJCCBfQjMQdD3qd1NEpCABCQgAQkshICCvhDMNiIBCUhAAhKolkDjBb3a7lu7BCQgAQlIoBsElkLQs+xycvbsmaTX63Vj1OyFBCQgAQlIYIhApwUdAT9+/HiSZVly69at5Nq1YUEfomFyrgRg/uqrP0vW1tbCCRUnVRjj0u9vzrUtK5OABCSw7AQ6KegIBkK+tnYxKQvHuXPpso935f1HxBFw+CPeV69eLVZG3gknVGzDGBfGqHJnbEACEpDAEhHolKBnxdI6QoJglIV8dXU1uX79RpKmixX0JfoeBcFGwLFe750dJ1KjOCD0o/LNk4AEJCCB6Qi0XtC3Z3xryeHD3wpL66OEHDFH1KdD5F4HEeBECiFnLEaVTdPz4YTq3r17ycrKSijy4MGDEPohAQlIQALzIdBaQWfJFhHBmBGWcSDeiDhGvLytO/Fm9AT+WZaNdGZ9fT1BxPM8TxiHlZWjRfhPI8uaKQEJSEACsxFonaAj5MeOPZOwrD48I0QwEHEMAZkNjXsfRAAxHx4DuMP//v0/J+vrl4oZ+dEd1cTyjNWODSYkIAEJSGAmAq0RdJbSERCE/P79+7s6jZAwGyTctdGMiQkctMOLL/57uG6elP4xI0fM9xoDxhBjlzQ9R6BJQAISkMCcCLRC0LOHN7vF2V2578z0EBGsnG+8OgLcxf7uu+8OGnj88SPhGjkz8kHmiEiWvRlyGbODyoaCfkhAAhKQwNgEGi3ozOaYlWd7XKM9duxYcuPG9eK67OrYHbbgbAQYj/I9C4zBhx9+eOAYMJZxvzR1dj7bKLi3BCQggd0EGivozMZ5BI1wt9tJwp3T77//wa5rtKPKmjcfAoh5eTxYWmcMxqmdWT3lnJ1DQZOABCQwfwKNFHREA/EY1V1EhOV17pwetd28aggwHoxLrD2OQ0zvF7IfRhmusxNWadYtAQlIYBkJNE7QOfAjHqMGAzFAzBGTUdvNq4YA48G4xNpZHWEcYvqg8I03Xg9FGLfUl/sEFn5IQAISmDeBRgk6ooF4DHeSZVoExBuphslUn2ZMsNgSojzJ6giPGd69ezf56le/mrzyynqspsWhrktAAhJoJoHGCDoH/lFizqzcx9Hq+fIg5OUxQcw5sZrEm/gHcbgTnv0n2deyEpCABCQwPoFGCDpizvPlZbc5+CMezsrLVBYbjzey0WpcJSE+rnFCgFGeEzNCbX8CbpWABCQwLYHaBZ0ZYFnMEY483wjPNSPq03bM/WYjwLj0S3/iNM/ziSt8880vXwnrtfOJ8bmDBCQggYkI1CbozMr5gypxBofXFy+uhefKPfhDoz5jTLDoASslk55csT9GHXm+QaDVTkAHJCCBLhOoRdCz7HJ4F3sZLKLx2muv+Vx5GUpN8fJSO0KOTeqKs/NJiVleAhKQwGwEFi7ovAM8K735DbHwprfZBnGeeyPm/YdL7YwNJ1qT1s/qS5yde+18UnrtLa/nEpBAvQQWKuhclx31DnCum9eLwdYhgAjH17MyJvkU182pJ97ZTh3e1AgRTQISkED1BBYm6Ig5ghG7dOLEiYR3gMe0Yb0EmJUzO8cLnhlHzBFk0pNYeXZOHZPsa1kJ7E3ALRKQwEEEFiLoCDkWnUEo3nvvZkwaNoAAYo6o48qvfvVfB/6xFcoNG2Mcn1hguR4bLmNaAhKQgASqIbAQQf/xj1/Y4T3XzHdkmKiVAGKOGONEmp6fSszZt3wjnLNziGhtIaCfEugCgcoFPcsuJ1tbWwNWPJo2SBipnQDjM4/r5tQTTwryfMOnFWofWR2QgASWjUDlgt7rXRswPXLkSMKjaYMMI7USQICzh08ccBnkxo3rU/nT728msR6W2VP/AMtUHN2pqwTslwQWQ6BSQc+K2TkH+9iVF17YufQe8w0XTwAx50bF2HKe51PPql966aVQDWI+zWNuYWc/JCABCUhgJgKVCvrt27d3OOcjTDtw1JbgJIvr5tEBRBgxjulJQuq5c+dOcujQIf+a2iTgLCuBORGwGglEApUJOqLBLDA2NK1gxP0N50cAEWZ8qJEXv0w7NoxvvP5+4cKFqW+mww9NAhKQgARmI1CZoA8/lvbMM8/M5ql7z4UAIoxRGUI+7aoJdcQl+1nqwQ9NAhJoKgH9ahOBygT9o48+ahOHpfF1Ho+WMbtnlg80xJzr78Q1CUhAAhKoj0Blgs5Bv9wtrrGW08YXT4BZNUbLLLVzZzvxSYxxRcwJ2R8xJ5ykDstKQAISgIA2XwKVCXoUjujuyZOrMWpYE4Hy7HzapXbEPI6tYl7TQNqsBCQggREEKhP04baOHl0ZzjK9YAJRiNP0/MQtMyM/fvx4Qh3MyGe5M37ixt1BAhKQwMQElm+HygSdg34Z5+Zmv5w0vmACV65cGbS4vv7KID5OBDFnZk7IuPLqXq6dj7OvZSQgAQlIYDEEKhP0zz//+44e+JfVduBYeOLXv74R2lxZWZnoBTKIOGIeZ+bTvk0uNO6HBCQggY4QaGI3KhP0J598ckd/t7b+tiNtYnEEEOW7d++GBtMJXsvKfrwFDjFnRu4184DQDwlIQAKNJFCZoCMA5R4PvzWuvM14tQR6vd6ggUluhmNmzlvgmNW/8sq6L44ZUDQiAQlIoEoC09VdmaBzrbXsErM8ZnzlPOOLIRBPpobHZL/WeWkMY8Y+eb6hmO8Hy20SkIAEGkCgMkFfXT2561pt9vAvezWg30vlAsJMh9P0HMGBxsw87pPnuWJ+IDELSEACEqifwLiCPrGnzOyGd2LpFxvON10dgX5/c6LKmZnH97P7aNpE6CwsAQlIoFYClQk6vWJ2R1i2tbWL4Vnmcp7xxRA46OU+5Zm5Yr6YMbEVCUhAAvMiUKmgr66uJs8999wuX7dngb1kMHvcVcKMeRG4dev2oKr9Xu6TZZeTODPPc6+ZD6AZkYAEJNASApUKOgx+8Yv/HHkNlpk6M8L+hEvC1KlNR2Cvl/twvTx7eH8DJ2GTPNo2nSfuJQEJSEAC8yZQuaDjcJ7nu26QIx8hYQZ/585/k6zKlrpeHjnbDwBjwIoJZRBzltqJaxKQgAQk0C4CCxF0bpDjdaHpiHeI379/Pzl9+rTL7wv43vT7O1+/yw2KivkCwNuEBCQggQUQWIigx34wU8/zjZGz9fiHP2LZ1oQNd5RZ9ygXs+KaOZc92EYZZ+aQ0CQgAQm0l8BCBR1MaZomvA/81KnvJ8P/mC0yaxzONz0fAvEFMzDOStfMFfP58LUWCUhAAnUSWLig01mW4BEVZuuky8askW3lvCWOz6Xr8KailZVvJ5w0wZh0WlwCUcwhoUlAAhJoP4FaBD1iS4vZOqIeBSfmIzhZsSQc04azEYh/+e7tt98evAMgLcQ8z/PZKnZvCUhAAhJoDIFaBR0KaRD13XfBZ8WSsDN1CM1u3/jGN0Ilf/rTn0LIrDyIeUj5IQEJSEACXSBQu6ADkZuybty4vutmOWbqr776M4poUxLgsTSeJGD3r3/96wliDm/SmgQkIAEJdIdAIwQdnCy7j3q07erVqwl3wGcuwYNpImOFg2vmf/3rX8N+zz777MiX/ISN8/+wRglIQAISWCCBxgh67DNLwcwiDx8+HLPCM+pZsQSvsA+QHBjhLXyscFCQmTnh73//CYEmAQlIQAIdJNA4QYcxS8I3b95M1tfXSQ6s399MFPYBjpERGDErj+9lh+Xp0z8MZdmGhUTbP/RfAhKQgAR2EGikoOMhS/Dr65eSUcvwiNJbb71ViPtlimoPCcCFVQyum5OFmLPacfLkSZLBWIYPET8kIAEJSKBTBBor6JEyws4yPMJenrF/8cUXhaBn4fo6QhbLL2uYZZcDi9h/WCHmpHmSAI7Es+LSRVaUJa7tScANEpCABFpHoPGCHokiSMzY33333eSpp56K2eH6+pkzZwfPVw82LEmEkxmW2LNCqGOXEXNYxTThc8/9C0EwysZZfMjwQwISkIAEWk+gNYIeST/77PcSlo3T9HzMCqLOTWDLJlJwKC+xc9LDrHxYzAH1+utv7HgsEF6cDLBNWzABm5OABCRQAYHWCToMEC6W4ZmJksYQJ0RqGUSdvjIrj3ex03+ul/MsPyHpUcZlC9ixjTpY2SAkrUlAAhKQQLsJtFLQI3JmoqNEvasiRb+y4vp3eVYOCxgwM49iTd5exolQLEd91MVMf6/y5reOgA5LQAJLSqDVgs6YjRL1Ls48o5BnpWvlCDOzbhjAYhxjBs8JQLksM31m/KxuIPLlbca7Q4CxxeI4xzjpaOQNG9vIiyFxqMSQuCYBCdRPoPWCDkIErSxSHGgQdQ5AbG+zMXtmFj0s5Hm+ER7pQ9Qn7V8a3p+/seOaOqwQ9VOnTiXL3A1K3gAAEABJREFUculiUm6LLN/vbw6aI46RwThhpAn5fmBZsXLDuEVjLDG+O4cPfyvBiGMxP8ZJRyNv2NjG74m6jx8/nhDnO0Q5tpXrJj7KKFs29sOoE6MPGH2in5oEJDA5gU4IOt1G1BE54hgHvB/96F8TDnSk22T4jt8cGH/605fDTX9J8Q/x5sSFWTkH1CJr6v/sv13P+R3C/uDBg4SX0nCw5QAcD7YeaMdDzdhh8MIQKYzxhCUG22GD9Sg7deqfw+OIbOP7EPcjTTwrVmywXu9aeNKDNjG+K1hckeF7g/Eb4fLMsPFd2M+4PwNjP8KXX/6PhLryPA9/H4C6sTzfCPnEy4YfaXouwYjjG0Txle8bq0QYfaJvWFacpPR6veL72KOoJgEJHECgM4JOP6NIxYNFfFadg0S/NOOhbNMM/zh4cRDbPphlwUX6QISDIwdcTlxIz8vy4oBMvXm+kTzxxD/sqLZfMIsHWxgiKGUj7+mnn06ef/65cOKEWOE//YhGumyxzHAef4Qn5lEGi2lC0tFIY+U2Ynw4RDBGGeXoH8b2mI5x6o8W240h/WaMsDIP4uRhlMEQKSwrhBeWGG1gm5v9AW9EDkPwMMYjL8bm4sW1IJCMEWJKOI6xbzS+M9H4jdDOsPGbGcfYj3I8bUJdxMkjXrbYXgzxpRwnHftz//6fE+zevXvh5ID+U2evOEmBHRaZMgZZIfSM2wCeEQlIIBDolKDTIw4wzCBYOiaNcfBkmZADAekmGAck/MInDlYYB66sOPCX/UPIOdhxMCznzzvOwfjOnTthGZ824XhQG/j/6ad/Se7evVsIelbMpN4JIf2IRn/KhqCV08TJ44/wEMdIY8SjkY4W88ptxPhwiKiOMsrBHHvxxReLywwXw0yYsmyLbRDGdmNIvxk/+EROCBCWpueLWej58NpiOGJ5vhGEKgox44mRRtSwvBBvjHHG0uKyCPWdPXu2qC8Nqyikaa9s+NAVo1/0kf7DAj4YfOBIP2F/797/lMZqrfjOXQ6rE2zXJLDMBDon6AwmBwbO7jkIECevX8w2OThzAM9qOsPf9uFyIR5rgwNSVgg4+fhYNg5s2weyS+XsyuPw4oDKgRTL841CUM6Hv9LGNgzfoj366KGZfKKetBDBxx77ZmiDNDbcTswjH6NRQow4NhwnvZdRH+1izPr4rtDXssF/2GCCRUGO8VguHxJmWKYPxTn6gq/aeARgtj1WaTgp4mQ9K36/efG95JXGCHxW/IbOnj0z+E31imX6fvF739WCGRLoOIFOCnocMw6mHAA4IMQ8fugcADgYZMWBIeZXGdLm6dM/CAecrDj4MNMb1R4HL4QFkUAgyn6PKl91Hv4gRnkhUviDXxjxaJ988slguZRtWNwWQ/KiIYRlowz1f/zxx+GATRqjPGHZyItGHeV4TBNicdteIfXSLvbSSy8VM+pLxYlLusPgP2wwwapmb/2jCcAe43vJ7zuOL+PJWCHwrLBw4o7II+6jazJXAt0j0GlBZ7j48fNjx/jBk4d9/vnnxVLd9rvgq/rRZ8UJAwcWjOVs2i0bvqXF7BQRjyLEQYr8crk2xPE5GpzLFvMJ29AXfWwXAb5XfN84OUPg+a3zuyqLO7/Fintl9RKonUDnBT0S5gfPDz3PeVxrJWaHO8jjGf04wt4/YCmP7Rw8uEEqK2bjpAeNFREOPgg4vnDwyYvZLyJebPK/BCQwIwF+X/zW+V1t/742kqNHVwYn71lxkj1jE+4ugcYSWBpBjyOQFtczb9y4USyxrocbjWI+wouwP/HEdxKW6qIxu0acySeMacJYhmuw5e1ZIeSx3hieOHEi4cYvDjIIOAeduM1QAhKYPwHEnd874p7nG6EBfpv8drO2CXvw3g8J7E9g6QQdHPzQEVWur6fFkjd50ba2tsIdsyzXYf2HM3LyYxlC8tmOcU18eDtlMGbjiPh7790ML+QgT5OABBZHgN97Gk7kr4cTeX67WXHSjbDz+12cJ7YkgWoJLKWgR6T80PNiyZvl79Onf5g88sjX4qaZQupFyLkuzokD6ZkqdGcJSGBmAvwO+T1ygs3vE2FndQ2bufJ2V6D3HSGw1IIex5Dl75///OfJ7du3wp3Web79qBY/eoz0lStXwws+EH/SGNuiXbhwIeyLiG8fMBb7uFnsi6EEJLA/gSjs/JYpyQobs3VW7PoPV+TI1yTQNgIKemnE+KEj7izP5cXMnbN5jPTZhy/4iNvJY1u0119/IzxHXarOqAQk0GAC/JYR8TzfSHjlMSflzNb7ivp8R83aFkZAQV8YahuSgASaRoCTeE7OP/jg/XBCzjV1ZusKe9NGSn/GIaCgj0PJMhKQQKcJIOwswWPE4zI8At/pjre/c/agREBBL8EwKgEJLDcBluG5ByZNt/8K4dmzZ5IsuxzeV7HcZOx9Gwgo6G0YJX2UgAQWSiDP8wRjtp5lWfj7C15bX+gQNKOxlnmhoLdswHRXAhJYDAFm69w0h6iz9M5fbFTUF8PeVqYjoKBPx829JCCBJSCAmEdRR8x5PTThEnTdLlZPYO4tKOhzR2qFEpBAlwiURZ3ld0S9S/2zL90hoKB3ZyztiQQkUBEBRD1Nz4XaEXWW4EPCDwk0iMAOQW+QX7oiAQlIoFEEeIkUd7/jFH/IyaV3SGhNIqCgN2k09EUCEmg0gfX1V5Jjx44l/X4/ybI3i3Cz0f7q3HIRWKCgLxdYeysBCXSPAEvvFy78JHSMl8/cunU7xP2QQBMIKOhNGAV9kIAEWkMgTdMkTc8Hf7me3vfd74GFH/UT6Iyg149SDyQggWUhwNI7s3XE3Fn6sox68/upoDd/jPRQAhJoGAHE/OjRleDVtWu9EPohgboJKOhjjYCFJCABCewkcO5cGjJ8hC1g8KMBBBT0BgyCLkhAAu0mwNJ7u3ug910goKA3YBR1QQISaB+BlZXtJff2ea7HXSWgoHd1ZO2XBCRQKYF4DZ1GvDEOClrdBBT0ukeg8vZtQAISqIIAN8YdPnw4VH3z5nsh9EMCdRJQ0Oukb9sSkEAnCHz22Wed6IedaDcBBb3d41e79zoggWUmcOrU90P3udPdG+MCCj9qJKCg1wjfpiUggXYTWFn5drs7oPedIqCgd2o4u9YZ+yOBZhPgOnr00BvjIgnDuggo6HWRt10JSKD1BFZKj67dvu0famn9gLa8Awp6ywdQ96cn4J4SmJVA+dG1WetyfwnMSkBBn5Wg+0tAAktLgCV3DADeFAcFrU4CCnqd9G27wwTs2rIQiEK+udlfli7bz4YSUNAbOjC6JQEJSEACEpiEgII+CS3LSqAhBHSjOQTikntzPNKTZSWgoC/ryNtvCUhgLgQ+//zvoZ6tra0Q+iGBuggo6HWRt10JNJaAjk1D4MiRx6fZzX0kMDcCCvrcUFqRBCSwjAQeeeRroduHDh0KoR8SqIuAgl4XeduVwJIS6Fq3413uXeuX/WkfAQW9fWOmxxKQQEMIlMXcm+MaMihL7IaCvsSDb9cl0D0Ci+1R+f3tK/6hlsXCt7VdBBT0XUjMkIAEJDAeAWfo43Gy1GIIKOiL4WwrEpBABwgMd+HKlauDrNXVk4O4EQnUQUBBr4O6bUpAAq0nwOz8s88eDPrhNfQBCiM1EVDQawJvsxKQQHcIzEfMu8PDntRDQEGvh7utSkACLSfQ6/UGPVhdXR3EjUigLgIKel3kbVcCEmg1gdu3bw/8b8Md7gNnjXSWgILe2aG1YxKQQJUEbt26Naj+5Eln6AMYRmojoKDXht6GJSCBthLghriy7y65l2kYr4uAgl4XeduVgARaS8Dr560duk47rqB3enjtnAQkUAWBfv9/B9WePOnz5wMYFUWsdjwCCvp4nCwlAQlIYECgvOR+0uvnAy5G6iWgoNfL39YlIIEWEtjc7A+89vr5AEVLI91xW0HvzljaEwlIYEEEtra2FtSSzUhgfAIK+visLCkBCUggYbn900//IgkJjEVgkYUU9EXSti0JSKBTBFxu79Rwtr4zCnrrh9AOSEACdREoX0uvywfbXWYCO/uuoO/kYUoCEpDAvgQU8X3xuLFGAgp6jfBtWgISaDeBo0dX2t0Bve8UgXkLeqfg2BkJSEACwwTKIl5+n/twOdMSWDQBBX3RxG1PAhJoNYGVlaMJFjuhqEcShnUTaJeg103L9iUgAQkUBMp3t2fZ5SLH/xKon4CCXv8Y6IEEJNAyAi+88G8Dj//whz8kztIHOIzUSEBB/xK+MQlIQAJjEXj22e8lcZb+xz/+Mbl27dpY+1lIArMQ4KVGGKtC2HBdCvowEdMSkIAExiBw7lw6KNXrvZOMOsAOChgZSQBxGrnBzEAAPnyv1tbWksOHv5UcP348WJZlxfctS8p/xpcdFHQoLMJsQwIS6BSB1dWTg1k6Hds+yHo9HRYIEZchsCy7XIjP5WRt7WJha0GQECcMgXr66aeTs2fPhG0IF/skS/YPXtj169cDK3hEPlkh3pwwjkKysrLzsUkFfRQl8yQgAQkcQIA73fM831Gq17sWDsg7MjucQISwrBBtxLgsRMSxrBAkrNfrFTPKd8K78MtIeC8+Io5oYeyD0BNmRb03blwvF291HFYY/aVvkRn9xX7ykwvF9yfbdU8G37X19fUEu379RnLv3r3k/v0/7zihBIyCDoX2mz2QgARqIMCBloMrIc1zsH7rrbeKg3J3Z+r08cqVK2FWjQhhWSHaiDFCBYdR9uijh5IjR46ER/7S9Hxy4sSJUcVCHm1QF/VeuHAhzOoRP04KQoGWfNAPfM6KExNOUGCFEc9GMHvssW8GLvCJ4o1w8x1bX79UCPqlIOLx+zaM4SvDGaYlIAEJSGB8AhxcmUU+/viRsNMXX3xRzES7NVNHmLJClOIy8GuvvTpyFgmLKEZRkBAj7JNPPkl++9sPw+ySlY333rsZ4sw483wjYT/2DxCHPvr9zYLpO8Wy/MWBuCP4Q8VqTeLjqCVzLjVkhXgP+0tf6XOZ08cff5zAJS9WfhDw1dXVifqkoE+Ea0kL220JSGBfAhycf/Obd8PsioIc3HstX36nD1kh4swosawQJfoW7fDhw0GEy4KEcEcxioIEGyzuVw7JR7TSNE3Yj/0x6txrBo9frAYwy9326/Kuk4tyG1XF8SMr+OBHPNEZtWROHzH6hHECE2fd9LnMaVZfFfRZCbq/BCQggYIAB22WohGoIhmuFSPqwzMztjXZolBti2UW+hH9pY+IEqL7u999FEQ4ClIsM2u43calMFOlnTzfCMvMo+rtFzP3rDjRQFSfeurJYga/Fi539Irr9Wwbtc8sedSZFSIOGywr2i6Pb1wyhxF+4380OGHx+zGLH3vtq6DvRcb8RRGwHQl0hgBilBfLpbFDCADXfgljXhND/MuGhKrsJwJVFib6Wd5eVZx2mL0zq6V9/NhLEB88eBCW5bNCZFnmRnAx+CPwZeEd11/2yQou1BFn4VlRP7xiHVXMQecAAALpSURBVPiIX/gYl8wRbvxmWyy3iFBBXwRl25CABJaGAAdxDu6xwxz8z5w5u2OmG7fVGeLXyy+/PLi5bS+hYnkYgaJfdfpL+/gBW8Q9z7evuyPwjzzytZGu9YsZPMvzCDyz+CjKxDGEGjt9+geBA3HyKYcRhwt1lBvY9mU93GmOL/iFH0nN/xT0mgfA5ismYPUSqIEAB3dmbbFphAVRz4rZXsxbdIgPtI9oIVbMXn/5y7d3XX9GrBDLKFSL9nOc9vCRGXBerIYg8Ldv30oI8/xLkd+rnn4h8sy8MYQau3PnTuBAnPzhfWkPY0zhgiHiw+XqTivodY+A7UtAAp0kwAEfAYidQ0iyYrn2iSe+E671jhKOWHbWkLaoPytOIBBwxBvLivYRreH60/R8gq/MxhGrNP3yLXjDZZuYRmw5icLv/KHI0w9EPi36xjbK7OV7fKSOchj7wCPPN8KJAnVhjOl+9exV/6LyFfRFkbadLhKwTxLYlwACgCiURWBraytc62U5F5ElxBBejHg00iwHP//8c+EkgDSWFULNdWGMOHmU++53/3HwilDqyB4KeL+YlZYdxZ8oWIh4XoggvpbLtD1OHxFn+oawI8h7WXykjnIY+8AjLU5sqKMtLBT0toyUfkpAAq0kgCjwnHqebyTHjh3b0Yd+IbTMpDFmzhjxaKRZDr579244CSCNIdRcF8aIk0c5/lDMjgZKCQQuijjCFgWrVKTzURiMsq50XEHvykjaj+4RsEedIYCIIOzvv/9BeJkKwjrOzI/9WA6eBAT7YLSBcSLBLHxZRXwSdm0vq6C3fQT1XwISaBWBbbG9NLg2u73Eu32tljjCi0URZjk4xsmPhlBTPhr55XLMwDFOJFoFSGenJqCgT43OHSXQagI63wACiDszdUSXECMPG3aPvLKV94n7De9jerkIKOjLNd72VgISkIAEOkpAQe/owNotCdRKwMYlIIGFE1DQF47cBiUgAQlIQALzJ/D/AAAA////TBC+AAAABklEQVQDAF4dunzO11j5AAAAAElFTkSuQmCC', 'data:image/png;base64,iVBORw0KGgoAAAANSUhEUgAAAfQAAADICAYAAAAeGRPoAAAQAElEQVR4AezdwYsc14HH8VpjyIIPBoF1ynj9ByiXjMGgBkO0pxgbpJNKl/WeFMgigSHjy8ZEB+ei51MN0UE3nzwhCxJ4sU6rBYMXDBb4oINBt+mwAZkN2ERLDA679a2Z11M97pnp6anqelX1NX7q6pruV+993sCv36vqmuf+8pdn/2fRwN8Bfwf8HfB3wN+Bfv8OPJf5nwIKKKCAAgr0XqDdQO89jx1QQAEFFFCgHwIGej/GyVYqoIACCihwrECfA/3YjvlDBRRQQAEFxiRgoI9ptO2rAgoooMBgBQz0o4bW/QoooIACCvRIwEDv0WDZVAUUUEABBY4SMNCPkml3v7UroIACCijQqICB3iinlSmggAIKKNCNgIHejXu7R7V2BRRQQIHRCRjooxtyO6yAAgooMEQBA32Io9pun6xdAQUUUCBBAQM9wUGxSQoooIACCpxWwEA/rZivb1fA2hVQQAEFVhIw0Fdi800KKKCAAgqkJWCgpzUetqZdAWtXQAEFBitgoA92aO2YAgoooMCYBAz0MY22fW1XwNoVUECBDgUM9A7xPbQCCiiggAJNCRjoTUlajwLtCli7AgoocKyAgX4sjz9UQAEFFFCgHwIGej/GyVYq0K6AtSugQO8FDPTeD6EdUEABBRRQIMsMdH8LFFCgbQHrV0CBNQgY6GtA9hAKKKCAAgq0LWCgty1s/Qoo0K6AtSugQCVgoFcM/qOAAgoooEC/BQz0fo+frVdAgXYFrF2B3ggY6L0ZKhuqgAIKKKDA0QIG+tE2/kQBBRRoV8DaFWhQwEBvENOqFFBAAQUU6ErAQO9K3uMqoIAC7QpY+8gEDPSRDbjdVUABBRQYpoCBPsxxtVcKKKBAuwLWnpyAgZ7ckNggBRRQQAEFTi9goJ/ezHcooIACCrQrYO0rCBjoK6D5FgUUUEABBVITMNBTGxHbo4ACCijQrsBAazfQBzqwdksBBRRQYFwCSQf6dLqb7ezsZJubm1X57LPPxjU69lYBBRRQoG8CnbU3uUAnxEO4nd28ebMK8Zs3b2Ts2yvTzqA8sAIKKKCAAikLJBHozLwJ8fPnX6pCPIRQzsw/mnPb2Hg5m0wuzu3ziQIKKKCAAqMSOKaznQU6IZ7nVzNC/MqVyxkhfridhPjW1lb26NGjqvD88Gt8roACCiiggAJZtvZAJ8gJcMrDhw8XjgHBXRTbVYhvbb2b8XzhC92pgAIKKKCAApVAA4Fe1bPUP6E8N06QE+qL3jCZTKoQZ0ae5/mil7hPAQUUUEABBRYIrC3QCfJQnhtf0Ibs+eefz5iR37t339n4IiD3KaCAAgoocIJA64E+ne5mhPlxs/I//OHfsqNm5Ce03x8roIACCiigQCnQaqAT5m+++Va2KMw5L86MnMJSe9kW/1dAAQUUUECBFQVaC/R4Q5g//em/f9C0eOV690H+g6a5QwEFFFBAgV4KNB7oIdyuvkvODWEOi+T5tYwZOVeuH/6ZzxVQQAEFFFBgdYHGAj0GeQihurNbvUmXLv1jdfV6URTZmGbldQO3FVBAAQUUaFPgzIEeyhk5N4cJC4KcGfnTp19nLL9zzrzNjli3AgoooIACYxZYOdAJ6RjkhwEJcr5Lzoz88M983pSA9SiggAIKKHAgcOpA54p1voZ21DnyGOTOyA+Q3VJAAQUUUKBtgaUDnSB/442fL/xOeVFsZyytF+U5coO87SFbT/0eRQEFFFCgXwInBvp0/8YwzMq/+OKLWe+4uK0o9oI89zatMxc3FFBAAQUU6ELgyECflkEe/yY5s/PYuDy/Vl2xztfPcoM8svh4KgFfrIACCijQtMDCQA9h77vkOzsfzY7HUjohXrisPjNxQwEFFFBAgVQE5gKdIF905bp3dktluGzHMgK+RgEFFBijQBXoR30FjVn53bt3M+/sNsZfDfusgAIKKNAngec4P77oK2hxVn758pU+9ce2KtCygNUroIACaQo8x9Xr9aYR5HwFzVl5XcVtBRRQQAEF0haoltxp4o9+9Pf+4RQgLAp0KOChFVBAgVUFZoHOeXS+W75qRb5PAQUUUEABBboTqAKdZXbDvLtB8MgKrEfAoyigwJAFqkB//fXXh9xH+6aAAgoooMDgBapAf/vtf864M9zge2sHFVCgNQErVkCBbgWqQP/zn/8nC+EDQ73bsfDoCiiggAIKrCxQBTrv5jav3LvdmToaFgUUSEvA1iigwEkCs0DnhdxkZnNzMzPY0bAooIACCijQH4HnuL3r4eYyWyfYuekMIX/45z5XQAEFhiRgXxQYgsBz9+/fy476yhphTqhvbv40u3Pnd0Por31QQAEFFFBgkALVDJ0/i0pZNFun19PpNLt161a2WS7H8xfZ2GdpX2A63c34UNX+kTyCAgq0J2DNCqxHYHYOnVn6o0ePqtu/sr0o3AmYEILB3sLYYEt4h3A7Y1Xk/PmXKme2NzY2/AZCC+ZWqYACCgxJYBbosVOEObN1wp07yL3wwgvxR7NHwicY7DOPZTYwI7C5xS7l17/+1+riQwK7Ht648rp6nd9999dypv5f9V1uK6CAApWA/ygQBX4Q6PEHPPIX1z799NOsKLYXnmeflkvCBBBL8ZRQzi7Zx3vHUugvhZCmYMC3BAhqTAhrCtvsu3nzRhnkN7K7d+9mXHwYw5sVEUqeX8suXLjwA77J5OIP9rlDAQUUUECBKHBsoPOivZDJq6X444KdUAv7s3bCi0KwhTLkCS0Kr6HO+Mh2aoW2UWgvJYZ0fUZNMBPSFPpJiUEdSoMY1NQT+4djLJPJJLtx42bGCgimrIZQ2M97Hz9+HN9WPbJiwnurJ/6jgAIKrE3AA/VJ4MRAr3cmz/eCnYDJy5lk/Wf1bYKMQjgRcAQgheCLIchjvfCzWC5d+lk5i71ZnUvmfXwwWFRC+WEh7q9vx308sp8SA5l9FOqNhePGtrBNiT8jqEMZ0vUZNUFf72/cJpAp2MSwxoqwrhf2vffee2Wgv5vlpenu7rQ6X45XrItH6nj69OuFqyP83KKAAgoooEAUOFWgxzcRWkVRZIRUUWyXwbRVhc6rr76avfjii/Flp3qclsv3sTBDJdwITgrbiwpBG/fXt+M+HtlPiYHMPgr1xsJxDzeWGXEs9Pfq1bzqJ/2lEMoUDAhdCs8pRWnD6QrCmvdSz+H64/O33/6n6oNLvQ28h3qpI77ORwUUUGBoAvanWYGVAj02gaAitAgeguyTTx5kDx8+rIKe50VxEPaEFK+n1N/P83rhQ8Frr71WzlyvVR8SeB+l/pr6++vb9dfwnrxcRYglLnEz66VdhwvtpRDMFAI1FvZvb9OXvRl1Xs6qqZ/CMWMbTvsYyhWGBw8ezL2NdnG8s9Q7V6FPFFBAAQVGIXCmQF8kRBBRCDuCL4Y9IRUDksCkxOf1Rz4UfPzxv2dFOcvlPbHUX8N7KezjkcJ2vfA+6oglLnHTHtp1uNBeyqI+tbGP1YFQLuXX6y7KD0C0q77PbQUUUECBVQTG957GA318hKv1mPP49Xdev369XJXI67vcVkABBRRQYGkBA31pquZeON2/XiDWyIrG++//Nj71UQEFFFAgcYEUm2egdzAqXNVeP+w6l/rrx3VbAQUUUGA4AgZ6AmP58OF/JNAKm6CAAgookIbAaq0w0FdzO9O7Fs3IWYY/U6W+WQEFFFBg1AIGekfDXw/1p0+fZoeX4TtqlodVQAEFFOipwLKB3tPupdvsixfn783+wQch3cbaMgUUUECB5AUM9I6G6PD3zfleOveN76g5HlYBBRRQoOcCaQR6zxFXaT5fVcvza3NvPXyjmbkf+kQBBRRQQIFjBAz0Y3Da/tHW1q8ygj0ehwvj3njj5/GpjwoooIACCiwtMIZAXxpj3S8kzO/fvzd32C+//DJz6X2OxCcKKKCAAksIGOhLILX5EkKd+87HY3z//fcZS++cU4/7fFRAAQUUUOAkAQP9JKGTft7Az/kK261bt2Y1sfR++F7vsx+6oYACCiigwAIBA30BShe7fvnLf8nqF8kR6iHc7qIpHlMBBRRQoIcCBnpCg1YURfU34GOTdnZ+7/n0iOGjAgoooMCxAgb6sTzr/yGhHo+6N0sPGY9xn48KKKCAAgosEjDQF6l0uI+L5Ipie9aC6XQ3u3z5yux5oxtWpoACCigwGAEDPcGhzPM829ramrWMUPciuRmHGwoooIACCwQM9AUoKewi1Ln6PbZlZ+ejvp1Pj033UQEFFFBgDQIG+hqQVznE3tJ7MffWEDyfPgfiEwUUUECBmYCBPqNIb2Mv1D2fvnBk3KmAAgooMCdgoM9xpPeEpXfPp6c3LrZIAQUUSE3AQE9tRBa0h1DPa3+ZjfPpwZvOLJBqbJcVKaCAAr0TMNB7MGQsvW9t/WrupjOhPJ/u/d57MHg2UQEFFFiTgIG+JuizHoZQL4pi7vawfJWNr7SdtW7fv2YBD6eAAgq0IGCgt4DaVpWEen2mTph705m2tK1XAQUU6JeAgd6v8coIdf7cajynTqhfuXK5Z72wuS0KWLUCCoxUwEDv6cCz/L61fzc5zqXfufO7nvbEZiuggAIKNCFgoDeh2FEdW1vvZtevX6+Ozt9T39nZqbb9R4HWBKxYAQWSFTDQkx2a5Rr2/vu/nV0od/PmDW8Puxybr1JAAQUGJ2CgD2BIWX6P59QJ9eB31AcwqqPsgp1WQIEzCBjoZ8BL6a31UA8hZMFQT2l4bIsCCijQuoCB3jrx+g5AqMcL5UIZ6n5PfX32HqkHAjZRgYELGOgDG2AulIvL79wi1lAf2ADbHQUUUOAIAQP9CJg+767P1PlK2+bmZsZjn/tk2xVIXMDmKdC5gIHe+RC00wBm6kWxXd2IhiNw85ngeXUoLAoooMAgBQz0QQ7rXqfyPM/u3783C/VQnlcn2KfT3cz/FFCgRwI2VYElBAz0JZD6/BJuFfvo0aMsXizH0jv3f+exz/1qq+182KG0Vb/1KqCAAm0JGOhtySZWL0vw3AOegCewmKkHl+CrUcIDi/PnX8q43qBeuKjwzp07XoNQSfnPQAXs1kAEDPSBDOQy3ZhMJhmzdR55fSiX4AkstsdaOCVBgGNRNyDkKXxT4Nat32R8AOJ1PGLmCkddy20FFEhBwEBPYRTW3AZm6nEJnsAiqMZ6H/h33nlnaX0CniDHjGCPM3oDfmlCXzhGAfu8NgEDfW3UaR2IJfh4FTxBNcZbxtLvZ8+ezQaGDzmYxBJXMmYvWLBBHTHg+WBEuI/1w9ECHncpoMAaBQz0NWKndqh4FXyeX6uaxrIzM8/qycj+4doCPuTkeZ7FwkrG06dfV6cpCPmTAj6GOx+OCPcQbmfsGxml3VVgnQIeqyZgoNcwxrhJkBVFMXcVPGE0hiCi7zGk6S9l0e8AryPkDwd8Xn4Q4meL3kNdIYTqIjtm7SzVL3qd+xRQQIGmBAz0piR7Xg+zUwKLbhBGhHooZ5g8H3K5ejU/pFsWFgAACoVJREFUdfcI8bycyfNBiIsMKUWxXc7s91Y6DldYX5Ifg+nh/vtcgd4K9KzhBnrPBqzN5jJbJZwILI4Tyhnm0JfgNzY26GpVPv744+rxtP/gVQ/4GO7sr9c1ne5mmI7lw1K9724roED7AgZ6+8a9OgIhxFe5uECMhrNUTAAN9UKvBw8+oZv75e/2H1d/wK8e7qx6RMtY60Gw/7QMeM+zRxcfFRiZQOPdNdAbJ+1/hYQSS/DMNNmOARQGuAR/4cJPZgN27ty52XZTG6x6YBkvriPc2Uf90+m0DPSD8+xD/dBEXy0KKNC+gIHevnFvj8BMM87Wp7XlYmbtve3UoYbTr7irvh33NfnIhyPCnVk7pzYId/ZxDM6ze3U8EhYFFFhVYC7QV63E9w1XgMAhhGL4EHpctT2U2fp0+sdOBi+68oGJgM/zvQvq8A3hYNY+pA9PnUB7UAVGJGCgj2iwz9JVQp3wIdjrocP2WepN6b1dhDvBzhJ8URTV993xZR8uzNq5KJFrGMIAT3fQR4sCCjQnsMZAb67R1tSNAEFDsLNcTAgR5n0Pm42NH3eDueCo0ZcPTszaMeZlOIf9WXsog53n7LcooIACdQEDva7h9lICBA8zSmaTvCGUYTOZXMz6flFXKuGO72QyyQh1PjxFZ4Ica/78bTDY+dWzKKBATWAwgV7rk5trECB04myd879Pnjyprtjm/PoaDt/YIerL7PXtxg5wxorqzouCHW+C/oyH8e0KKDAAAQN9AIPYZRcIHGbrRbFdNYPzvn1fhq86ktg/OMcPUAQ7z6fT3XJV5KOMGbvBntiA2RwFOhAw0JdC90UnCeR5nnHul7AhaEK5DE+w930ZPkvsP4KcYMeaD1E8x5sPUgZ7YoNlcxRYs4CBvmbwIR+OcCFsOO+b59eqvzTGd6udPTY/6ljn5YcorAl2zrnHYOeDFOZ+5a15d2tUIGUBAz2B0RlaEwibotj7C25sx9ljCLeT62r9Qrj6dnINPaZBBHu8gC4vP0jxUsz5yhuFoGefRQEFhi1goA97fDvtHbN1loYPL8OnFOzffPPNzOirr76abfdxgw9PfJBi1o45fWCWzoyd4ukPRCwKDFfAQB/u2O73rNsHQoZgJ2TisnBI6Pz6t99+OwN69ux/Z9t93ojm3D++KLaz6M7pD4O9zyNr2xU4XsBAP97HnzYkQMjEZeG0AubgL6x9991fG+ptOtXk5Xn26B5n7THY7927V13nkE5rbYkCCpxFwEA/i57vzU5LEIOdmSPb0+luFgOmiyVhjn/aPvTx9VizUsIpEAL+5Zc3su3tIuPKeGbtY3Ho49jZZgWWFTDQl5XydY0KMHNkGZ5gPzxjDx1dPMf55kY7mWBlBDvehPqHH36YxVk7oU7B3nBPcOBskgJLCBjoSyD5kvYECPaiKLKi2M4Im2k5Yw/lOXauzt7Z2WnvwPs17+5O97fG94A3/vUPVjs7v88IdkooP1iN4UPO+EbeHg9VwEAf6sj2qF/1YGHmyAySIGEp/q233sx2dtoLdpaee0TVWlMJ9qL8YMWSPLN2XML+Bys+XAXDvTV7K1agKQEDvSlJ62lEgDAn1Clsf/7559U94pkxNh3sNJgPEzxS6ts8H2PBgHPt+DNzJ9xZxQj74c44BMN9jL8a9rkHAgZ6DwZpjE0kzAmVopj/2lWcLTZlwkpAU3UNrZ4Y7gQ7hXCnj8Fwh8GiQHICBnpyQ2KD6gJxKZhAIeQJYAIlzhTrr11l+29/+372tvr2bOfKG8N646Jwry/Lx/FgfIbVc3ujQH8EDPT+jNWoW0qgMGOnEOzT/YvnYpDwfBWgc+fOzd72yiuvzLbdOFqAsYjL8oxHvn+7WT5ocQ95xqSN0yNHt8ifKKAAAgY6CpbeCBDmhEh9KZ4g4fvUhMlpg+TChZ/M+v7yy/8w2059I5X2MR7F/sV0jAvP+XDFBY0E+507dzJn7amMlu0YuoCBPvQRHmj/8tod0PJyhkiI8AdJYpAQ7ssEycWLF2dCff3jLLMOdLjBrJ0wJ9w5PVIU2xlL8rdu/SZjLAj3EG57Z7oOx8hDD1/AQB/+GA+6hwRJUc4QCREu2uL5tFyOJ9y5gO7SpZ9lBMkyCNPpH5d52Qhec7YuMgb53Aeuq1WFIYTqznQEPGNU7fQfBRRoTMBAb4zSiroUIEQ4r8v3qFn6zctZO+15/PhxGeihulnKoiDZ2NjgZVXZ2Phx9eg/zQnUx6Uo9mbtfNhixk4J5ay9uaNZkwLjFjDQxz3+g+s9ARKXfvlrY4dn7YQIM3fOtfPHSd59d2twBil2iHHJ92ftcTVlWq6khHLWzpjwYWuZUyQp9s02KZCKgIGeykjYjlYE6rN2gp6DEByca//FL65nT548YVd121leWz3xn1YFCHesY7Bzrp1ZOx+0CHc+bLXaACtXYKACBvpAB9ZuHQgQIIQ5S/EUtg9+mmUXLlzIWKqv73O7fQHGhWAviqK6lz/jwqydD1sEe1hpOb79dnsEBVIVMNBTHRnb1YoAoUGoMzvkkWX5hw//s5qht3JAKz1RgGCvL8fn+bXqaviwvxwfymAn6E+syBcoMHIBA33kvwBj7T4hQriPtf+p9ptxYcbOBy6ufyDIQxns8T4DnC7psu0eW4GUBQz0lEfHtikwUgGCneX4GOwwcJ6di+dYjvc8OyIWBeYFDPR5D58poEBCAvVg5xQJF9Axa4/n2YcV7AnB25ReChjovRw2G63A+AQ4RUKox1m7wT6+3wF7fLyAgX68jz9VQIHEBBbN2jdqNwha1FyW6SljPge/yMV9wxIw0Ic1nvZGgdEIEOxx1s7jUR1nWZ7Z/F6ZHvUy9yvQewEDvfdDaAcUUOA4gcnkYjaZTKqvJk7K7eNe689WFfB9KQgY6CmMgm1QQIHWBJjJx3PvbLd2ICtWoGMBA73jAfDwCiiggALHC/jT5QQM9OWcfJUCCiiggAJJCxjoSQ+PjVNAAQUUaFdgOLUb6MMZS3uigAIKKDBiAQN9xINv1xVQQAEF2hVYZ+0G+jq1PZYCCiiggAItCRjoLcFarQIKKKCAAu0KzNduoM97+EwBBRRQQIFeChjovRw2G62AAgoooMC8QNOBPl+7zxRQQAEFFFBgLQIG+lqYPYgCCiiggALtCvQr0Nu1sHYFFFBAAQV6K2Cg93bobLgCCiiggAIHAgb6gYVbCiiggAIK9FbAQO/t0NlwBRRQQAEFDgQM9AOLdresXQEFFFBAgRYFDPQWca1aAQUUUECBdQkY6OuSbvc41q6AAgooMHIBA33kvwB2XwEFFFBgGAIG+jDGsd1eWLsCCiigQPICBnryQ2QDFVBAAQUUOFnAQD/ZyFe0K2DtCiiggAINCBjoDSBahQIKKKCAAl0LGOhdj4DHb1fA2hVQQIGRCBjoIxlou6mAAgooMGwBA33Y42vv2hWwdgUUUCAZAQM9maGwIQoooIACCqwuYKCvbuc7FWhXwNoVUECBUwgY6KfA8qUKKKCAAgqkKmCgpzoytkuBdgWsXQEFBiZgoA9sQO2OAgoooMA4BQz0cY67vVagXQFrV0CBtQsY6Gsn94AKKKCAAgo0L/D/AAAA///3O7RgAAAABklEQVQDAGBsdzH9KUEiAAAAAElFTkSuQmCC', '2026-02-11 16:08:04', '2026-02-11 16:12:00', NULL);
INSERT INTO `apontamentos` (`id`, `funcionario_id`, `funcionario_nome_snapshot`, `funcionario_passaporte_snapshot`, `obra_id`, `obra_nome_snapshot`, `obra_numero_snapshot`, `semana_inicio`, `horas_diarias`, `total_horas`, `horas_normais`, `horas_extra`, `horas_noturna`, `status`, `observacao_rejeicao`, `enviado_em`, `aprovado_em`, `aprovado_admin_em`, `aprovado_por`, `aprovado_admin_por`, `assinatura_base64`, `assinatura_admin_base64`, `criado_em`, `atualizado_em`, `deletado_em`) VALUES
(12, 2, NULL, NULL, 12, NULL, NULL, '2026-02-09', '{\"mon\":{\"normal\":1,\"extra\":1,\"noturna\":10},\"tue\":{\"normal\":1,\"extra\":2,\"noturna\":0},\"wed\":{\"normal\":\"\",\"extra\":\"\",\"noturna\":\"\"},\"thu\":{\"normal\":\"\",\"extra\":\"\",\"noturna\":\"\"},\"fri\":{\"normal\":\"\",\"extra\":\"\",\"noturna\":\"\"},\"sat\":{\"normal\":\"\",\"extra\":\"\",\"noturna\":\"\"}}', 15.00, 2.0, 3.0, 10.0, 'aprovado', NULL, '2026-02-11 22:33:34', '2026-02-11 22:35:09', '2026-02-13 12:00:46', 1, 4, 'data:image/png;base64,iVBORw0KGgoAAAANSUhEUgAAAVIAAADICAYAAAC6X2l+AAAQAElEQVR4AeydX4gd133Hx6kfGlRsUKjAItJTFQxVsKiEXVY4rQM2VUBFftIIBwwNSLBBejBegbFMN8h98ZgIZolBAoe6pOTuk1RU7D6lVCARgw02lsHYalT2ljUolcHGNvjJPZ/Z+5s9dzR39879O2fmK/Tbc+bMmfPnc2a+8ztn5t77nS+//OpbmRjoHNA5oHNg9HPgO5H+iYAIiIAIjEVAQjoWPh0sAiIgAlE0lJAKlAiIgAiIwGACEtLBbLRHBERABIYiICEdCpMyiYAIiMBgApMT0sF1aI8IiIAINJqAhLTRw6vOiYAIzIKAhHQWlFWHCIhAownMWEgbzVKdEwERaCkBCWlLB17dFgERmBwBCenkWKokERCBlhKoo5C2dCjUbREQgVAJSEhDHTm1WwREoDYEJKS1GQo1RAREIFQCwQppqMDVbhEQgeYRkJA2b0zVIxEQgRkTkJDOGLiqEwERaB6BZgtp88ZLPRIBEaghAQlpDQdFTRIBEQiLgIQ0rPFSa0VABGpIQEIa1XBU1CQREIGgCEhIgxouNVYERKCOBCSkdRwVtUkERCAoAhLS4YZLuURABERgIAEJ6UA02iECIiACwxGQkA7HSblEQAREYCABCelANNV36AgREIF2EpCQtnPc1WsREIEJEpCQThCmihIBEWgnAQnprMdd9YmACDSOgIS0cUOqDomACMyagIR01sRVnwiIQOMISEhrOaRqlAiIQEgEJKQhjZbaKgIiUEsCEtJaDosaJQIiEBIBCWlIo9XfVm2JgAjUhICEtCYDoWaIgAiES0BCGu7YqeUiIAI1ISAhrclATKsZKlcERGD6BCSk02esGkRABBpOQELa8AFW90RABKZPQEI6fcb1r0EtFAERGIuAhHQsfDpYBERABKJIQqqzQAREQATGJCAhHRNgew5XT6dNoNtdi5LklejMmTMR8WnXp/InR0BCOjmWKkkERiLQ6XSigwcPZpYkSdTp/DY6cuTISGXpoPkQkJDOh7tqFYHM6zx48K+cB3o6i/tI7ty5c0+av1/xehGQkNZrPEJvjdo/JIHr169nHmi3282PiOMT0Z07f8y39+zZm8cVqTcBCWm9x0etayCBxK2DPv30sb6enT59JkrTNPdCDx8+3LdfG/UmICGt9/iodQ0jwHpo4tZB/W4tLS1FL730UpbEfiKIKqEsDAIS0jDGqVGtbGtnmM6fOXO6r/tpuhItLZ3N0rrZU/skYkqPZYn6EwQBCWkQw6RGhk4AkeS1Jr8frInGcZwnJcmrWfzKlctZqD/hEJCQhjNWamnABBBRxNS6wBpo6tZEbZspPa89Mc2XN2pUwgklpOGMVbta2qDeIpJM661LCOXly1dsM3r77d9nr0DF7qm9TfPznYoEQUBCGsQwqZEhEyg+XCpO3Y8ePZq9gO97qCH3t41tl5CWjDoeBOZPxUqyKUkEtiWQJK/krzSRGU8Uj5Q4Zq9BnTx5ik1ZoAQkpIWBQ0B5sooRL+zWZq0I1Lsx3IgT71Un1j9ZG7VWs27KlB9x9dNtv8JwCEhIvbHCO0BAvSRFRWBkArH3RB6h9Nc/uUnzcClNVyL2jVyJDqwFAQmpGwa8AkSU0G1m//ES/BM/S9QfERiSQOKm9J988kmem/PJNrrdtezhEgLqi63tVxgegdYLKeJZJqKc5OENp1pcQmDmSQhl4k3p/c/Ps+/YsaczL9QX15k3UhVOlEBrhZQTGgHFjCgPATi5JaJGRGFVApxXCKUdx9Td4oSsixKm3jukbMvCJtBKIcUL5WQntOFDRN99993MU7A0hSJQlQCfTkJMOS6OT0Sxt07KTZtzDhHlfCOPrBkEWiek5869GHFC28nOMOKBIqLEZe0kMIleJ25dlAdIlIVQIpjEMR4ubYioHi7Bo2nWKiFFQC9dutQ3hpzwTOf7ErUhAhUJcGNOvHVRX0QRUN4G4fUn30OtWIWy15hAa4QUEeWELo6Ff8IX92lbBIYlYGuf5EcwmeUQ55zj3GNbb4FApJnWCiHlJOeELg7hyZMntSZahKLtwQQG7EnclN7OL18wSTMR1axnALyGJDdeSFmbsnUrf8xi9yDg5Zf/yU9SXAQqExg0pZeIVkYZ9AGNFlJOZtamiiOEiGpKX6Si7VEI8PaHHceUnjV3zjt5okalHWGjhZQpfXEYmXpJRItUtD0KAab0eKQcy82ZNdBOp5O9FcJ5puk8ZNphjRVSPAI7yW0odXIbCYXjEuDcSnpP6fFCuTmzjMQMCFGViI5LOKzjGymkibf4b8NhJ7ttKxSBcQj4sx1ElG1ElOk92+OUrWPDI9A4IfU9BX84OLkRUz9NcREYhYB/o+bNj9XV1YgHmmm6+UN225Sr3Q0j0Cgh7XbXIr5tvDhGTLOY1hfTtS0CVQlwjiW9KT3n2ocffpiJKJ+Mi72Pg1YtV/nDJtAYIeVJ6cGDB6P19fV8RHbs2BFJRHMcioxJABE1sdy9e3f02WefRWtr3QgR1WxnTLiBH94IIWWRn4dL/lhwov/mN/+qF+59KIqPRYB1UPuO0UcffTT7/flpiuhYjdXBMyUQvJAm7sESi/w+NbyDX/3qtVaJKN4SN5TLly+7qWYnM9J8LoqPToAZD0YJO3d+L9q3b1+U6qvwwCFzBIIWUoQj6a1Xub7k/znB27AmyoWNl8SSBsYN5dSpk9m3rxMnDSNfDqfGEYS/zPjVTcaafvhG3ll0h3r8Gc/y8nLEO6OzqFt1hEEgWCHlgkIsfMyIJ99GTuinNy1uFzYXN0+L2R7UR/aRL3Ge+6A8k06nTgzxw6gbQ/Qx2oMh8rt2/XmEER9kPBlnrDnGN8tPmdQ36X5YeZRv8TRd6fuOUUufW6iKa0EgWCF97rnn+gDG8YnswVJfYgM3ECY+lsiNpEr3Op3VCDGrcsxWebvdtQjrdDpZuYgNIueLIuKHJW7WgCH6GG3HON7q8OOWNkzIcZQJk2QKN4vTp09HtJW2nD//skQUELJ7CAQppFy8t2//Ie8MHmjagvUqxAphQjzyzvci3Eh4GZzvW+VNBYzt3u5M9GBUdqzlKQvJj8EcoaINRbFMnFAiZiY4ZeVMO4020o4DBx6J3n779xOpDtarq52sLF51OnXqVBbXHxEoEghOSLlgOMGtI4cOHWq8J4pA7dv3F+4B0m+t23mIWLKcgUiybodnxo0FYztNV/K833zzjfMeX823yyLUZaKJh7k5fT7tjk1K21BWzjBpPBT0jTZzQ8Dol4VM7ekHxlNyM7bJ59e1vr4eLS4uZjcOP71q/Cc/OeL6uiGitPH1139dtYga5VdTpk0gOCHlN3EMCif4m2++ZZuNC7tu+oyYYZ9//nlf/+j7htd5ti+9uBHHcXT06N/nyZTJBqEJZuKmxAgmniZ1caNKnJeJqJJ3O6MtGEKIxW6ZBUPkEDvaiZkAEiL+hL6RJ3UzC2zjJpBmD3X4usPY9QOjHjO2yUcZ3FCtnd1uNxdBSxs27PaYv/POO/khPOzKNxQRgRICQQkpJzlTSOtHHB+3aOPCpCduZWIWO6FCPBCtQR2HFcbxd+/+X57tvffei/bv/8sI4TTBTJxokjfP5EWog/owE8Y0XclmAbTBF0SEEEs9MYydAFIGZgJI6FUxdpTyLl68GPFakhV248YNiw4dwgouH3xwMz8mdX2l/DxBEREoIRCUkOJBWR84ufFGbLtJIeuQiFuxT4iRCRX7us574uKHS+KEl+PwKPEsEQSMbV9U+LTXsWPHnKe3lBlCQZmYCSPiaEZ6WhBGE0fGgHbUwWjLU089lTeFTxzlG0NE4ITt378/+uKLDe8/djes2N0Ihji8CVnUhzEIBCakq3lXm+qNIo6+102HH3pod3T69JloYWEhWl1dzb7v0sSSi988S0SV/LETAPMeEUfipGN79+6NmCpzE8JiJxQINIYYkSdUg13VtsOMGw4ha7Gff/5FVgQsuIFkG/ojAtsQCEZIuUgw68/CwmGLNiKkb9iPfvQ39/Tn00/Xo5WVNHvYwwVPBsQRS9OV7LPeeJCIpnmQJpIIgs+KtT+8V8pomq2tdfMucWPINwZE4MCNiN1we+ut/8geUsEsdV446TIRGIZAMELqd4a1sGEuFP+YusS7bjqO+dNx8y7xjL766su8qQ888EA2/UYwudB9sUQoMTxKLvz8oJIIrJ555qf5nsStiVJ/ntCQCFyH6Qo3I1jDIXbeOzegV19NMhHleEQUZsRl/QS0VU4gGCH1L/wnn3yyvDc1SuWixmh30lu/5OI1s+k4ebhomVb6zUccb936byekZzMjj7+/avzChQt93z2wUf8rVYupdX6YbddAPFCMfNycEE22EVdLG5c15cjaRSAYIU2cF2VDE7t1PYvPM0QEqd/EMhkgmJ3Oxtou67pp2v/Em4sZe/DBBykqt3QKU0vq8UUicUw7nU5eZ5Mit2590tcd+onnj2DGPS8UFufOvZh/cqnIp68AbYjAFgSCENKumw77feAC8LenFadejIswcSKJ8WQcw7M8duzpCHFMnCB1u/+bNWPPnu87D3IpStP+tcvUCaNNxWl/0Xvyn6yzjzxZgRP+g1iwVGDFrvY+uWPbIYewt/b7790yXnjgcKX/jAX5GFc+CUY8deM1LeaU3yprYWeDEFJOeBsbvAmLjxp2nTBjeCdY4okk0zxEEu+FEOMiROgQSy5WDDG6coWvrFvNHvakPaE0sYyd18yFO2wbaYflRZwtPo2QNlrbqHdSH6mcRlurlEm/LP+uXbuyl/IZP96CYLxYCzWxpN+MK/nTVF9EAgfZ6AQCEdKNqTHdRMQIy6zrBJJ0hBfbTiARTazjpt4IJcciMAgZFxfeCw94MOJpQSzJyzHjmrXbyplUuVZeWXjkyN/lydeuXcvjTYnwdgJCuXfvnuzDA77IIqKMO32N3TQ/djc94jIRGJVArYWU9auf/ewf8qepdBKvYmOqdiZ7n5ILAsPz4GLBk+QCwhBIjOMWFhayaTieCaJIOQgkRpw0hBKjHC4u8144fprmv7YzzXr8sv0v4MDT9veFGu8fr/uy5RXGFTHlW5z4voInnvjb7Lyhj+RnvInLZk2gWfXVVkjPnz8fsX519erVPuJ88QYeHF4FO/DeEEkEEg8UUcRMIIlzsSCOZlxAHMfxdbBud/P9x1m1h/5j1MfUlzBk43zgBmt9+MEP9mU3YMSTmyxrwayb8mN15OEcQGSJy0RgXAK1FdIf/nB/ad+4+I8fj523keaGQOJBss+s9OCaJu7Zs6evZcXtvp0T3EBMrLhub1nEtkMKO51OhIheu/ZfEWujtP2DDz7IPsCAeLLtG/2WiPpEFB+XQG2FlCfinOz8iJ3fSbwnpu02ncfb4CvPWAbAKzELSRi6BY+UqajfZ8XLCXSd+COgnA/f/e6fZr8ge+fOnfLMvVTOJ86r3qaCehMIpnW1FVII4jns3LmTaGZ4G3ic2UbvDxcTaBuddwAADkNJREFUDxZYBkBczRBYDGHtZa1tQB/8xhX76O+bZHzPnu9PsriplsWyDaIJK4xtvqSEKTsVf/zxxwRbGufTe++9v2Ue7RSBUQjUWkjpkH2JBPFnn3024pWjjXXPlb5P6rC/aFxwN25cLybXbrv4sId2166Rc2wQPJJk40uljx8/Hj3++OPZtP3u3bvRt99+e0/L7r///nvSWEOXJ3oPFiVMiEDthZSLyPqKp2bGmigXBqLKrzribbDP8lq4EMCXmxQ9w3k8xTdedQkZd2YTSfJK5L9hcOvWrejrr78ubSbnAOfD+vqn2StP/MZSmq5Ed+78MWIdvfQgJQZPoA4dqL2QbgcJ8Vxc/Hl24Zi3ysXEBUTIxbVdGfPeTx/8Nth01U9rcrzr1joxRJPpO0syGMs0ifNEWbrZqv+se/J2BzdWY8m4I8DccLc6VvtEYBIEghJSLratOs1FZMYFRHyr/HXZV2wrT6HxxmbVPjhhs6iPMcS46fmiiXAimjxMZD9teeCB/u8fIM032swNk3XPxx77a3+X4iIwUwK1F1L/Yrp5c/MnIGZKaQaVHT680FcLItOXMMUNhAubRhXcEBI3Pac/iKUZX1RtookgYqxjYkzJ2bZvqi+2i33kY8bBTai4X9sicA+BKSfUXkjvu2+TwBdfbHx7+WZKc2IIg98bhA3x8dMmHd+x488mWiRtNtFkWs6nzAgTNz030aRChPCFF15w65ZL2fcUIIgYoshHdV966Vz2Mj15ixbHJ7IHjlrzLJLR9jwJ1F5I+Q0dA8QFaPGmhfSNaarfL8Qncd6cnzbJ+COPPDJycXiaLEHQPrxMRJMw6Ykm+61w+oYA0j8e/CCai4uLTkjPRuwjX+L6yfH+caSbkY810DRN82Nsn0IRmDeB2gspF9C8Ic2qfqb3hw/3/4RK4oQJz3SQwIzTtvvv/5P88KtX/z3zAvEqzajztddeixInchjeJYKJEedF+MS1j/x5QS7CmCGceNmIJoYAxiVfDkIdlEc57tDS/1ZOkU1pZiWKwMgERj+w9kLqX6RcdKN3tf5HIkAITrGleKYI18MPP5x94QaeIAYPs8QTO/Lyaa/HHnsswsvDEKuiHT16NLJ/y8v/mOclP0Y5pCdOLDHqsvx+SLsRO8w8TvrB9Jt9fl6LM66Uj1laMeRYRJhyivu0LQJ1IlB7IeViqhOwabeF/iIehMW6PvvsbvZt7niCGCJkhtBhiB3GK0O3b/8h9zKLZVXdpj1Y7NYo03QlwminCSdih21Xbre7lnm4CDXtLMtPPVY+8bI8ShOBOhGovZDWCdas2oJ48HoQHt6s6vTrYQqNYFI/65Imlghn6tYoYzdFx2inf9x28cR5zQho4jzcQXmpk3oof1AepYvAHAmUVh2UkOLNlPaigYmIFB4eorK8/IuIaThpw3SVfIcOHYoWFhbcA52lKHZeJIZIFe2ZZ34a2T/qQjQRTwST+hFV2z9qiOc5jIBSN3WOWo+OE4F5Eai9kPLZ6nnBqUO9iCJPuF9//df5q0JpujG19kWRNIQIQxDffPOt6MqVf3NCetZNwze+chCRKtru3Q/l3aSufGMCka6bxvOgjOUH4mVFIva0l3aV7VeaCIRAoPZCWvSIBl2QIcCeRBsRu7g3tUZ8zEgbpXz7whTKHeX4QcckvWk8D8oG5UFAEftJ1z2oPqWLwLQIFIV0WvWMVe7Ond8b63gdPJgA0+7Be6vvoTzeDki2WAeN3VIDnrMEtDpfHVFPAkEI6YEDmy+OJ8mr9SQZYKvw7jGazg/+EY5qlGPT+EFlIJy2/jooj9JFIEQCQQgpn8s2uFywFlc4HoFf/vJCXgBLBPlGxUgyxDSe9Vym8sWlmopVKbsI1JLASEI66574P73B1FFiOpkRuHbtWlbQkSNHsrDqH8aBB0nJgGk8X7BsXug4Ql21XcovArMmEISQcjFiBuf69RsWVTgiAT4ZhRBy+MmTpwgqWdLzQrmxlR3IeOHxygsto6O0phEIQkiB7q/hJc4DMhFgn6w6ARhyFFNtjPgwxgcFtnsnlIdJ5IvjeJgilUcEgicwPSGdMBouSrwcikVE8aiIy6oTYDoOQ458/vklgm2N/DxMOnnyZPax07IDGB97mES8LI/SRKCJBIIRUi5MeaXjn4KJm5LbdBxPFNuuVI7BC93qnVA9TNqOovY3mUAwQsog8MDCf6cUD4l02XAEEMTELYuQmxsT3iPxQYYXivdqx5TlQ4h5J5SxKduvNBFoA4E5C2l1xG+88c/5QXhWEtMcx5YROJkgIqKsYQ46AAFNnOeKFwrjsnyUgRBjZfuVJgJtIhCckPIjZ0wjbZCYbg662C1P20NEFE5wwIPkSTpCyHbRWHtGQJOe51rcz3HwpwzKKu7Xtgi0kUBwQsog8eDJv4gRCrwo9sn6CTA190V0kAcJPwSU7zntL2FjyxdQTeM3mOivCBiBEITU2pqHXNRpmubbiIA+OprjyCOIqHnrcXwiGiSiSW8aD8f84F5k165dkXmgEtAeFAUiUCAQpJDSB8SUC5w4hteFIBCXRRE/NeKLqH/jMT7sH/QFI/BN05Xo5s0PnZCetUMUioAIlBAIVkjpCx4SnhZxrNNZzX7GgnibDU+UnxqBAR//TD3vnTTs4sWL2e8/EfftoYd2R6kTUNZAY71Q76NRXAQGEghaSOnV0tLz2c/zEu921yLEtNPpsNk6o/+IKJ4mnY/ddP6NN/6F6D22srK5NMJOm8K///77USwBBYlMBIYmELyQMgXlVR5Ceo2YJO6JcxvF9Nixp7Mfx4ND7EQ0LfFE2Yc9+eRTBNGOHTvc1H1JU/iMhv6IwGgEghdSuo2IIqaIB9uIKU+fE/cQhe2mG/3liTshfeWNhq1ElDwXLlyIeJH+9u3/cUKqNVCYyERgVAKNEFI6j5gyzV9a2vzseOI80/Pnz29+NpyMDTOm8b6IcjMZ9HS+YV1Xd0SgNgQaI6QQRUxjt77niylrgbwaZd4a+ZpiifO4WRO1/gzjiVpehSIgApMj0CghBQtiytP8q1ev5g+heDWqaS/tI6CJ87jpM4YXihGXiYAIzJZA44TU8PFRUl7hQVhJsylw4ry4rb1TctfX6AfvfhLSSvqHgOKNsi0TARGYPYHGCqmhRExj9wTbthPnxbGmGKKHiheKWV8QT/pHaGkKRUAEZk+g8UIKUp5g47XhvbGNMd1HUJMAPNRz516MfC+U9tMfjLhMBERgvgRaIaQgxmvDe+NBlC+oifNQef+y4nunFDl1YwkCD/TSpUt5XdYPwjxREREQgbkSaI2QGmUeRCGoabqSP4zqdtci3jtFtIhb3nmGifOU8ZhtLZS2LC8vZ1884t8ISJeJgAjMl0DrhNRwx3EcIah4qPat+4gW4oV3Oi9BpW6m8YnzlK2tCCdtXVz8uSUpFAERqBGB1gqpjQEe6kcffRTF3gMpvNNJvHtqdQwTIqCIOHX7+WkXIoqY+umKi4AI1IdA64XUhiJN075pMw+jWDvFS7U8kw7xepPeFB4BZduvA2+ZdvlpiouACNSPgITUGxMe4PCZfUKSETbWTSf9qhTlmoAmbgrPNvWZUT+fg8dbtjSFIiAC9SUgIS2MDVNoXitiSm278E6Zdv/4x09ETMEtvUqIWPK5/wMHHokoCwHNjvf+WN3U7yUrKgIiUHMCEtIBA8SUOk03n+yT7ebNm9nTfYQQw1PFEjc9J8R7RWzZR9yMbYzP/a+vr1NUnzGFZx0Uwxvt26kNERCB2hOQkG4xRHHvyT6Cun///jxnt7uWfaMUniqWuOk5IeupiC37iZuxnR/ci+B9IqA2hWe7t0uBCIhAYAQkpEMMGIL6u9/9Z/661Dhe48ZPf6z0yhr2e0CHaKSyiIAIzI2AhLQCerxGHgCxhsk0HMNb9W15+RcRniYWxyey16qIkwfvk5/+iJ2nW6FaZRUBEag5AQnpiAOEqGKIom+Li4tOSM9mlqZphCG+5BmxKh0mAiJQcwIS0poPUIXmKasIiMCcCEhI5wRe1YqACDSHgIS0OWOpnoiACMyJgIR0TuDnVa3qFQERmDwBCenkmapEERCBlhGQkLZswNVdERCByROQkE6eafglqgciIAKVCEhIK+FSZhEQARG4l4CE9F4mShEBERCBSgQkpJVwKfMmAcVEQASMgITUSCgUAREQgREJSEhHBKfDREAERMAISEiNhMJpEFCZItAKAhLSVgyzOikCIjBNAhLSadJV2SIgAq0gICFtxTDXu5NqnQiETkBCGvoIqv0iIAJzJyAhnfsQqAEiIAKhE5CQhj6CbWm/+ikCNSYgIa3x4KhpIiACYRCQkIYxTmqlCIhAjQlISGs8OGpaVQLKLwLzISAhnQ931SoCItAgAhLSBg2muiICIjAfAhLS+XBXrfMjoJpFYOIEJKQTR6oCRUAE2kZAQtq2EVd/RUAEJk5AQjpxpCqwCQTUBxGoQkBCWoWW8oqACIhACQEJaQkUJYmACIhAFQIS0iq0lFcEfAKKi0CPgIS0B0KBCIiACIxKQEI6KjkdJwIiIAI9AhLSHggFIjAdAiq1DQQkpG0YZfVRBERgqgQkpFPFq8JFQATaQEBC2oZRVh/rTkDtC5yAhDTwAVTzRUAE5k9AQjr/MVALREAEAicgIQ18ANX89hBQT+tLQEJa37FRy0RABAIhICENZKDUTBEQgfoSkJDWd2zUMhGoTkBHzIWAhHQu2FWpCIhAkwhISJs0muqLCIjAXAhISOeCXZWKwDwJqO5JE5CQTpqoyhMBEWgdAQlp64ZcHRYBEZg0AQnppImqPBFoBgH1ogIBCWkFWMoqAiIgAmUEJKRlVJQmAiIgAhUISEgrwFJWERCBfgLa2iDw/wAAAP//KrYe4wAAAAZJREFUAwDPxh4I1/TIIQAAAABJRU5ErkJggg==', 'data:image/png;base64,iVBORw0KGgoAAAANSUhEUgAAAfQAAADICAYAAAAeGRPoAAAQAElEQVR4AezdT4gc2WHH8cIX5yZwsGCFpdvCHgQxmQWFGVhwbrppIEalSwQxSKBgnTy6ZE0ULF9UPpVgYX3b0/aCgyYsOKcop9VNsAIFFhRimHZ0mMUCm9Vtwa5vzbxWdaun1d3Tr/5+l33q6u7qV+99Xk/9+lVVz3znm29e/dmige8B3wO+B3wP+B7o9nvgO4n/KaCAAgoooEDnBeIGeud57IACCiiggALdEDDQuzFOtlIBBRRQQIGFAl0O9IUd80kFFFBAAQWGJGCgD2m07asCCiigQG8FDPSThtbHFVBAAQUU6JCAgd6hwbKpCiiggAIKnCRgoJ8kE/dxa1dAAQUUUGCjAgb6RjmtTAEFFFBAgWYEDPRm3ONu1doVUEABBQYnYKAPbsjtsAIKKKBAHwUM9D6Oatw+WbsCCiigQAsFDPQWDopNUkABBRRQYFUBA31VMdePK2DtCiiggAJrCRjoa7H5IgUUUEABBdolYKC3azxsTVwBa1dAAQV6K2Cg93Zo7ZgCCiigwJAEDPQhjbZ9jStg7QoooECDAgZ6g/huWgEFFFBAgU0JGOibkrQeBeIKWLsCCiiwUMBAX8jjkwoooIACCnRDwEDvxjjZSgXiCli7Agp0XsBA7/wQ2gEFFFBAAQWSxED3XaCAArEFrF8BBWoQMNBrQHYTCiiggAIKxBYw0GMLW78CCsQVsHYFFCgFDPSSwX8UUEABBRTotoCB3u3xs/UKKBBXwNoV6IyAgd6ZobKhCiiggAIKnCxgoJ9s4zMKKKBAXAFrV2CDAgb6BjGtSgEFFFBAgaYEDPSm5N2uAgooEFfA2gcmYKAPbMDtrgIKKKBAPwUM9H6Oq71SQAEF4gpYe+sEDPTWDYkNUkABBRRQYHUBA311M1+hgAIKKBBXwNrXEDDQ10DzJQoooIACCrRNwEBv24jYHgUUUECBuAI9rd1A7+nA2i0FFFBAgWEJGOjDGm97q4ACCigQV6Cx2g30xujdsAIKKKCAApsTMNA3Z2lNCiiggAIKxBVYULuBvgDHpxRQQAEFFOiKgIHelZGynQoooIACCiwQ2ECgL6jdpxRQQAEFFFCgFgEDvRZmN6KAAgoooEBcgdYHetzuW7sCCiiggAL9EDDQ+zGO9kIBBRRQYOACAw/0gY++3VdAAQUU6I2Agd6bobQjCiiggAJDFjDQI46+VSuggAIKKFCXgIFel7TbUUABBRRQIKKAgR4RN27V1q6AAgoooMBrAQP9tYVLCiiggAIKdFbAQO/s0MVtuLUroIACCnRLwEDv1njZWgUUUEABBeYKGOhzWXwwroC1K6CAAgpsWsBA37So9SmggAIKKNCAgIHeALqbjCtg7QoooMAQBQz0IY66fVZAAQUU6J2Agd67IbVDcQWsXQEFFGingIHeznEZVKvG44MklP39h8loNHqjfPHFFwmF9QaFY2cVUECBJQUM9CWhXG2zAgRzlt1PdnevJFtbW5Ny48aN5Pbtn75RWI9SXXd2mcDfbCvrr80tKqCAAusKGOjryvm6lQVCiIcgzrKsnHWvWhH1zC/jVatyfQUUUKA3AgZ6b4aynR0heLPKTDwrQpzHlm3tzs5OMq+cP38hCYXnWd7Z2V622oGuZ7cVUKDPAgZ6n0e3ob4R2FkR4mfPfr88lJ4VIX7S4fCjIN5J9vb2kocP95MnT56U5fDw64TCY/NKWI9bnueWuhrqsptVQAEFGhcw0Bsfgn40YF6Iz+vZmTNnkrNnz04FOIG8t3ennIkTypR5r/WxdgvYOgUUaFbAQG/Wv7NbJ8CZdWfFTLx6TnxehwjoMAN//vx/k2fP/qcI9KMAn7e+jymggAIKrC5goK9uNshXEOB8nawa4Fx1nhWH03luFiWEOIfCKWEGPrue9xVYTsC1FFDgbQIG+tuEBvo8IZ0Vs29KOBfO18myEwL8e9/764SvnOX5g/Lcdwhxgn2ghHZbAQUUqFXAQK+Vu/0b4zD67du3JxezEeDzWk1Q7+wcXczGxWtfffVVcu/eL5M0Teet7mMKtFrAxinQBwEDvQ+jeMo+jMcHSVbMxpmJcxh9NPr0jRoJ8DS9Vpz73iuvQmcGHi5me2NlH1BAAQUUqF3AQK+dvD0bDEF++fLlItCzqYYR4OFCNmbgBHie50Wg3ym//z21sncUUGCBgE8pUI+AgV6Pc6u2EoKcq9Oz4pz44eFh2b4Q4oeHX5ezcC9kK1n8RwEFFOiEgIHeiWHaTCM5P06IUwhyaiXEuZiNGTiFEOdxiwIKdEPAVioQBAz0INHjW75uRohzfpzZOV0lyPP8QTkT52I27vO4RQEFFFCgmwIGejfHbalWj8cH5V8z4+tmLPMigjsEeeoV6ZBYFFDgRAGf6JKAgd6l0VqyrYR3+OoZh9l5mUGOgkUBBRTor4CB3rOxDYfXw1fPDPKeDbDdUaBHAnZlswIG+mY9G6stzMo5vE4jCHK+dsaFbh5aR8SigAIK9FvAQO/B+HJY/cqV3aQ6K9/ff1h+Z7wH3bMLCiigwBoCw3uJgd7hMWdWzpXrFJaZlYcL3ljucNdsugIKKKDAigIG+opgbVk9y+4nP/rR3yfMzmlTml4rv4KWeuU6HBYFFFAgqkAbKzfQ2zgqC9rETJwZeZZlyZ/+9MfknXfOlUGe5/mCV/mUAgoooEDfBQz0jowwQZ4Vs3J+QQyzcg6p5/mD5OnTp/5u9Y6Moc1UQAEFlhNYby0DfT23Wl8VvoqWFbNyNpx6eB0GiwIKKKBARcBAr2C0cTErZuXVr6LxJ0tzD6+3cahskwIKKNCowLKB3mgjh7pxfttbdjwr39nZKc+VcztUD/utgAIKKHCygIF+sk2jz6Tp1cn3yglxZuaNNsiNK6CAAgq0WqAdgd5qovobx1Xsjx49KjecpmlimJcU/qOAAgoosEDAQF+A08RT4Sp2ts3MPM8fsGhRQAEFFFBgocAQAn0hQFueHI8PEsKcW9rE19KcmSNhUUABBRRYRsBAX0Yp8jqEOBfAccum0uOvpbFsUUABBRRQYBkBA30ZpUXrnPI5Qpw/rMIvi6Gqo8Ps/tY3LCwKKKCAAssLGOjLW0VZszozJ8w9zB6F2UoVUECB3gsY6A0OMVezV2fmc8K8wda5aQUUUECBLgkY6A2NFr/O1TBvCN/NKqCAAj0UMNAbGtTw61zZfN7Ur3Jl4xYFFFBAgV4IGOgNDCOH2sNmOczOV9TCfW8VUEABBRRYR8BAX0ftFK/hMDuFKrgIjsJyD4tdUkABBRSoUcBArxGbTf385x9yUxZm5+WC/yiggAIKKHBKAQP9lICrvDzL7ifPnj0rX/KLX9wrb/1nTQFfpoACCigwJWCgT3HEvZMd/ylUzpnfvHkz7sasXQEFFFBgUAIGek3DnRWz87Apr2oPEq29tWEKKKBA5wQM9JqGLKvMzr0QriZ0N6OAAgoMSMBAr2Gws8rsfG9vr4YtuolWC9g4BRRQIIKAgR4BdbbKx48flw9x7jxN03LZfxRQYD0BPiBfunQpqf4dhMT/FFAgMdBreBOE752n6dUatuYmBi7Q6+7zS5my4vTV7373f8lo9GnCXyrsdYftnAIrCBjoK2Cts2oIc167vb3DjUUBBVYU4M8Mb21tJfw8vfPOueTMmTMr1uDqCvRfwECPPMaPH39RboHD7V4MV1L4T5cFGmg7Ic5MnFDnZ+jp06fJxYsXy5bwWLngPwoo4CH32O+BcP489nasX4G+CRDWWXY/4TA7y1xQGn674sHBuG/dtT8KnFrAGfqpCU+ugJ0QswvW8Pw5ChYFFgok/MwQ4hxep2TF+XKObj158iTZ27szefHLl3+YLP/kJ/80WXZBgSELGOgRR380Gk1q9/z5hMIFBaYE5oX4hQvnk48//nVCkFMI9eqLXr16Nbn75ZdPy3PrkwdcUGCgAgZ6DQPPzohzfzVsyk0o0AmBeSFOw8NhdQ6t7+7uJvzs8PhsYb3wGHX96ldZuHvyrc8o0HMBAz3iAP/mN/9e1u7h9pLBfwYuwOmnrDgnzqF0SlYcToeEcCbAmYlzWH2ZD7+zv8+BuinUZ1FgqAIGeqSR53A735Wleg+3o2AZmgABmxUBvrt7JTl79vvlxW1ZJcQJcMqyIV71Y+bOB4HqYw3/oplqU1xWoBEBAz0S+2efHZ0/Z8ezzIwjUjOsVoFaBDjsHQKcYK0GOFekp+m1hAA+PPy6PC9OiPOzcZrGpWk6dUieNvD1ttPU6WsV6LKAgR5h9Jids3OjasMcBUvfBAhPSlbMwAlwgpSZeFbMwHnvE955/iAJh9LzPC8C/fVV6pvw4AMB9VbrGo8PEoK++lgvlu2EAksIGOhLIK26Cju18JrZHU543FsFuiJASFL4oEp4c/77+vXr5a9dHY0+K7sRArw6AydYY3+gpX62XTbi+J9Hj/6r/D3vx3e9UWAwAgb6hod6NBqV36Wl2rQ4zMitRYEuCTDD5n2cFbNvZt0EOCWrzL4/+eSTZH//YXn4nA+taXH4m9JEPzl8n+cPpjbN73nnw8fUg945ScDHeyJgoG94IF++fDmp8b333pssu6BAmwTGxaFpgjsrQptCcFOq577H498n29vbCWHJxWuhENwc7qa0pU+06e7du1PNIdT5IEJfp57wjgI9FTDQNzywL178/6TGV6++mSy7oEDdAsyyQ2G2SiGwKZzz5j6hTbsI7p/9bK885x0Om+fH570JyzaFN+2dV27d+ufiPP3e1FOE+eXLl4t+PZx63Ds1Crip2gQM9A1T+1egNgxqdScKEFYhsLllps2M9MMP/6U8h5wVh8hZh0JgX716tQi2/SQENjPuENoctuZ8NCXp8H/0Y/ac+uHhYXLz5o0kK45GYNHh7tl0BRYKGOgLeVZ/crvyJ1LD7Gf1WnzF0AUIHkoIasKIGTWHxQltCvf5eiTr4cUsmoC+efNmcZg8L89vHwXcnfLKb8Kawrp9LvQ5zx9MfaWN/mbFBxyOTIyL0w3ct/RCwE5UBAz0CsamF91xbFq0H/XxvqDMC2sOh1MIbMpRYP8+4cPh+fM/KIM6XIzGV8IoBBiHxSkENsHeD6n1e4EFTtvb21OV4I4r1w9MPeEdBXogYKBHHER2GuxAIm7CqlsowLhTsuIQL4WZdJhZV8M6K2aMo9Fnk7C+ejUtD4kT0oeHX5eHxlnOi3PZFIKbsKa0sNutaxJO+/v/UZqyXG0g45EV4+PPZ1XF5TcEOvaAgb7hAZudIY1Gow1vweqaFCAAKAQ2Y0shsJn1EdYU7lMeP36cUJhZM1Pk3C4BzblrAptbSghrZpW8fyhN9rFv28aT2fpsqGfFByrGifHsW5/tzzAFDPQI4179YyzsND766KMIW7HKGAJh505Qh5IVM7kQ2JyDpRAER4fDD4pztT8or64mrCmENIVlCjNrSgjs2WCJ0Q/rnBbAnDHhQ1X1GT6YMZ7cVh93WYEaBDa+CQN946RJsXO/QZwAuwAACPJJREFUU+zkL0xqvnv3X8srbCcPuNCYAIFNYQdOYBPW4ZbQ5rvMR4djs3J2TUMJA4KAQGCmxy1lXlgzG+Q1lnYK8MEqz6cvmBuPD8o/HMOHNJbb2XJbpcDbBQz0txuttQYB8N3v/tXktVlxeC8rZnruMCYk0RYwpoSgZkdN4XA4oU0Joc3FZjQkhDaBTlAT2Hlx7ppZdSisQ2F9S3cFGE/GN02vTX3w5hfRpGma8N7pbu9s+ZAFpgJ9yBCb7js7huvX/3Gq2qwIdYLFHcYUy9p3cGSmnRUflCiEdDW0b9/+aXFkJEtYh43wISvPj/5gSDiHnc8Jbda19F+AsadUj6o8f/484QOfP6f9H/8+9tBAjziq9+79sjj8vjc1CyBc2GEwexwXh/oibr43VeOEF6HNjrYa3CxnxQclSvXPdOb5g/J72NXg5nArH7SqO/DeINmRtQR4L3BE5uOPf52cO3duUgezdX5Os+LD4tif04mLC+0WqDHQ2w0Rq3WECDPD2UO1zB6vXNktZpD3PcRX4LPT5MMOO1AKQc0ONcy48cqK4GZHS3DjmRaHTLFlhzwvuFmnqNr/FXirwO7ubvLll0/f+ADOe44Pkbw331qJKyjQsICBXsMApMV5ubw4tDsbMIQYOwyCa3f3Sm/DnX5S2CnOzrTpewjtI4OscHh9mByztBLcnPsMBVM+MDHLqmEY3cQABHg/8b6qvqd43/LepLA8AAa72FGB3gR62/3ZQRBEeT59hW1oNzuKEO4//OHfJAQfJTzfpttxcQgyFNpNO7nPbVYcoqQwqyGsq4UdYnWmzWvpFzYUZtuU6oz7yCwvZk53EtYh4HmNRYFYArzPeA9Squ833q+8hym832Nt33oVWFfAQF9Xbs3XpcVsnZBiZ5EWM8/qDiNU+eLFi4Tgo8wGIjuT6mNbW39bXsSztbVVfvVm9nnuzxbWJXDD49Xl8Fi4Zd1FhfVCO7nNisPiFHZ+9OfChfMJ/SSoQ6HvGITD5NynMDuisEPltRYFmhTgfcj7dPZDOO9tfib4uTHYmxwhtz0rYKDPisy9v/kH2VnkxWF4dhgUAu3GjRvJxYsXpzbGDiMUdiSUcP/odlyeg2eZ5ygsh8L92cJznIsOj1eXw2PhlnVnCw3kgwglhPXnn3+e5PnRFeT0JxT6lRf9JKhDoe+8lnosCrRdID3+EJ4X7+/q+5afmw8++KD48H178k2KtvfF9vVbwEBvwfiykyDkuCr+0aP/Lq/OJgiZ0fI4z1ebyX3K+++/n7z77rvlVfTcZ930eNbPfQqPcUuhDm5Dmb0f1uWWeii0gR0ZhTYxq6aEwM6Pw/rSpb8rZuKph8VBtfRSID0Odn4O+Bmhk69evSpOj31aHh1j1p4Vp5z4MMxzFgXqFjDQ6xafs73ZhwhcdhjMaNl5EJ6EaCjcp/z2t/9ZzAwelx8AuM+6BCzLofBYWOb1YZnb2fthXW6ph0Ib2JFRaNNsW72vwNAE+DngZ4SvuqXHH6AxGI8Pygs6OQ1FuHNI3nBHxlKXgIFel7TbUUCBXgns7u4Wp5nyhF8HzJEsPoiHDhLuHJL/8Y//obzGhZl7eM5bBWIJGOixZFtTrw1RQIGYAgQ5R7I46kWphvu3335bXuOSZZnBHnMQrLsUMNBLBv9RQAEFTi8Qwp1Z+927/1ZeUxJqZdZusAcNb2MIGOgxVAdUp11VQIE3BQj2W7duJZxrp3DePaxVDXZ+d0N43FsFTitgoJ9W0NcroIACCwQIc0I9z6d/qdR4fJDwuxv4RVJZdn9BDT6lwHICBvpyTq7ViIAbVaA/Ammazr2Ajl8klR2fY/fK+MT/TiFgoJ8Cz5cqoIACqwhwKJ4L6MI5du6H1zNj58r43d0r5QV0hnuQ8XZZAQN9WSnX652AHVKgKQGCnHPsXBXPoXgOy1fbEsKdUK8+7rICiwQM9EU6PqeAAgpEFuBQPOfYCXe+8lbdHMFOqT7msgInCRjoJ8n4uAKnEvDFCqwmwKydw/EEO7P2NL1WXiXP46vV5NpDFTDQhzry9lsBBVopQICnaVr+FrrZQ/GtbLCNao2Agd6aobAhCiwv4JoKKKDArICBPivifQUUUEABBTooYKB3cNBssgJxBaxdAQW6KGCgd3HUbLMCCiiggAIzAgb6DIh3FVAgroC1K6BAHAEDPY6rtSqggAIKKFCrgIFeK7cbU0CBuALWrsBwBQz04Y69PVdAAQUU6JGAgd6jwbQrCigQV8DaFWizgIHe5tGxbQoooIACCiwpYKAvCeVqCiigQFwBa1fgdAIG+un8fLUCCiiggAKtEDDQWzEMNkIBBRSIK2Dt/Rcw0Ps/xvZQAQUUUGAAAgb6AAbZLiqggAJxBay9DQIGehtGwTYooIACCihwSgED/ZSAvlwBBRRQIK6AtS8nYKAv5+RaCiiggAIKtFrAQG/18Ng4BRRQQIG4Av2p3UDvz1jaEwUUUECBAQsY6AMefLuugAIKKBBXoM7aDfQ6td2WAgoooIACkQQM9EiwVquAAgoooEBcgenaDfRpD+8poIACCijQSQEDvZPDZqMVUEABBRSYFth0oE/X7j0FFFBAAQUUqEXAQK+F2Y0ooIACCigQV6BbgR7XwtoVUEABBRTorICB3tmhs+EKKKCAAgq8FjDQX1u4pIACCiigQGcFDPTODp0NV0ABBRRQ4LWAgf7aIu6StSuggAIKKBBRwECPiGvVCiiggAIK1CVgoNclHXc71q6AAgooMHABA33gbwC7r4ACCijQDwEDvR/jGLcX1q6AAgoo0HoBA731Q2QDFVBAAQUUeLuAgf52I9eIK2DtCiiggAIbEDDQN4BoFQoooIACCjQtYKA3PQJuP66AtSuggAIDETDQBzLQdlMBBRRQoN8CBnq/x9fexRWwdgUUUKA1AgZ6a4bChiiggAIKKLC+gIG+vp2vVCCugLUroIACKwgY6CtguaoCCiiggAJtFTDQ2zoytkuBuALWroACPRMw0Hs2oHZHAQUUUGCYAgb6MMfdXisQV8DaFVCgdgEDvXZyN6iAAgoooMDmBf4CAAD///yEil8AAAAGSURBVAMAb035Ir17ibgAAAAASUVORK5CYII=', '2026-02-11 22:33:00', '2026-02-13 12:00:46', NULL),
(14, 2, NULL, NULL, 14, NULL, NULL, '2026-02-09', '{\"mon\":{\"normal\":4,\"extra\":0,\"noturna\":0},\"tue\":{\"normal\":4,\"extra\":0,\"noturna\":0},\"wed\":{\"normal\":4,\"extra\":0,\"noturna\":0},\"thu\":{\"normal\":4,\"extra\":0,\"noturna\":0},\"fri\":{\"normal\":4,\"extra\":0,\"noturna\":0},\"sat\":{\"normal\":4,\"extra\":0,\"noturna\":0}}', 24.00, 24.0, 0.0, 0.0, 'enviado', NULL, '2026-02-12 11:41:33', NULL, NULL, NULL, NULL, NULL, NULL, '2026-02-12 11:41:01', '2026-02-12 11:41:33', NULL),
(18, 20, NULL, NULL, 20, NULL, NULL, '2026-03-03', '{\"mon\":{\"normal\":8,\"extra\":1,\"noturna\":\"\"},\"tue\":{\"normal\":\"\",\"extra\":\"\",\"noturna\":\"\"},\"wed\":{\"normal\":\"\",\"extra\":\"\",\"noturna\":\"\"},\"thu\":{\"normal\":\"\",\"extra\":\"\",\"noturna\":\"\"},\"fri\":{\"normal\":\"\",\"extra\":\"\",\"noturna\":\"\"},\"sat\":{\"normal\":\"\",\"extra\":\"\",\"noturna\":\"\"}}', 9.00, 8.0, 1.0, 0.0, 'enviado', NULL, '2026-03-05 21:06:29', NULL, NULL, NULL, NULL, NULL, NULL, '2026-03-05 21:06:15', '2026-03-05 21:06:29', NULL),
(19, 20, NULL, NULL, 21, NULL, NULL, '2026-03-03', '{\"mon\":{\"normal\":8,\"extra\":1,\"noturna\":\"\"},\"tue\":{\"normal\":\"\",\"extra\":\"\",\"noturna\":\"\"},\"wed\":{\"normal\":\"\",\"extra\":\"\",\"noturna\":\"\"},\"thu\":{\"normal\":\"\",\"extra\":\"\",\"noturna\":\"\"},\"fri\":{\"normal\":\"\",\"extra\":\"\",\"noturna\":\"\"},\"sat\":{\"normal\":\"\",\"extra\":\"\",\"noturna\":\"\"}}', 9.00, 8.0, 1.0, 0.0, 'enviado', NULL, '2026-03-05 21:42:37', NULL, NULL, NULL, NULL, NULL, NULL, '2026-03-05 21:41:59', '2026-03-05 21:42:37', NULL);

-- --------------------------------------------------------

--
-- Estrutura para tabela `clientes`
--

CREATE TABLE `clientes` (
  `id` int(11) NOT NULL,
  `nome` varchar(200) NOT NULL,
  `documento` varchar(50) DEFAULT NULL,
  `nif` varchar(50) DEFAULT NULL,
  `email` varchar(200) DEFAULT NULL,
  `email_financeiro` varchar(200) DEFAULT NULL,
  `telefone` varchar(50) DEFAULT NULL,
  `endereco` text DEFAULT NULL,
  `pessoa_contato` varchar(255) DEFAULT NULL,
  `ativo` tinyint(1) NOT NULL DEFAULT 1,
  `criado_em` timestamp NULL DEFAULT current_timestamp(),
  `atualizado_em` timestamp NULL DEFAULT current_timestamp() ON UPDATE current_timestamp()
) ENGINE=InnoDB DEFAULT CHARSET=utf8mb4 COLLATE=utf8mb4_unicode_ci COMMENT='Clientes com campos completos: documento, NIF, endereco, pessoa_contato, email_financeiro';

--
-- Despejando dados para a tabela `clientes`
--

INSERT INTO `clientes` (`id`, `nome`, `documento`, `nif`, `email`, `email_financeiro`, `telefone`, `endereco`, `pessoa_contato`, `ativo`, `criado_em`, `atualizado_em`) VALUES
(1, 'Construcciones ABC', '', '', 'info@abc.add', 'contactes@j2s.ad', '+376 123 456', '', '', 0, '2026-02-02 18:39:48', '2026-02-19 18:32:08'),
(2, 'SAME', '', '', 'gjimenez@agfs.ad', 'finances@agfs.ad', '+376 811 733', 'testeststesse', '', 1, '2026-03-04 18:22:39', '2026-03-05 19:32:53'),
(3, 'TESTE ENDERECO', '', '', 'teste@teste.com', 'financeiro@teste.com', '123456789', 'Rua Teste 123, Andorra', '', 0, '2026-03-05 19:19:41', '2026-03-05 19:32:47'),
(4, 'AC Construccions (Jordi)', '', '', '', '', '+376 342 503', 'Passeig de I\'Alguer, sn Encamp', '', 1, '2026-03-05 20:29:59', '2026-03-05 21:29:13'),
(5, 'Mantenopolis SL', '', '', 'jmanrique@mantenopolis.com', 'administracion@mantenopolis.com', '+34 618 33 10 27', 'Calle Múrcia n16 piso térreo- 07800 Ibiza (Ilhas Baleares)', '', 1, '2026-03-05 20:33:26', '2026-03-05 20:35:25'),
(6, 'CIP', '', '', 'comptabilitat@cprojectesvl.com', 'comptabilitat@cprojectesvl.com', '+376 804 080', 'Av Fiter i Rossell, 70 baixo 2', '', 1, '2026-03-05 21:18:09', '2026-03-05 21:18:09');

-- --------------------------------------------------------

--
-- Estrutura para tabela `configuracoes`
--

CREATE TABLE `configuracoes` (
  `id` int(11) NOT NULL,
  `chave` varchar(100) NOT NULL,
  `valor` text DEFAULT NULL,
  `atualizado_em` timestamp NULL DEFAULT current_timestamp() ON UPDATE current_timestamp()
) ENGINE=InnoDB DEFAULT CHARSET=utf8mb4 COLLATE=utf8mb4_unicode_ci;

--
-- Despejando dados para a tabela `configuracoes`
--

INSERT INTO `configuracoes` (`id`, `chave`, `valor`, `atualizado_em`) VALUES
(1, 'smtp_host', 'email-ssl.com.br', '2026-02-02 18:39:48'),
(2, 'smtp_port', '465', '2026-02-02 18:39:48'),
(3, 'smtp_user', 'contactes@j2s.ad', '2026-02-02 18:39:48'),
(4, 'smtp_password', 'cassio321Cr#', '2026-02-02 18:39:48'),
(5, 'smtp_from', 'contactes@j2s.ad', '2026-02-02 18:39:48'),
(6, 'email_financeiro', 'contactes@j2s.ad', '2026-02-02 18:39:48'),
(7, 'email_admin', 'contactes@j2s.ad', '2026-02-04 15:21:37'),
(8, 'email_j2s', 'contactes@j2s.ad', '2026-02-04 15:21:37');

-- --------------------------------------------------------

--
-- Estrutura para tabela `config_fiscal`
--

CREATE TABLE `config_fiscal` (
  `id` int(11) NOT NULL,
  `cas_desconto_funcionario` decimal(5,2) NOT NULL DEFAULT 6.50 COMMENT 'Percentual de CAS descontado do funcionário',
  `cas_custo_empresa` decimal(5,2) NOT NULL DEFAULT 15.50 COMMENT 'Percentual de CAS custo para empresa',
  `igi_percentual` decimal(5,2) NOT NULL DEFAULT 4.50 COMMENT 'Percentual de IGI sobre faturamento',
  `hora_extra_multiplicador` decimal(3,2) NOT NULL DEFAULT 1.40 COMMENT 'Multiplicador para hora extra (1.4x)',
  `hora_noturna_multiplicador` decimal(3,2) NOT NULL DEFAULT 1.60 COMMENT 'Multiplicador para hora noturna (1.6x)',
  `criado_em` timestamp NULL DEFAULT current_timestamp(),
  `atualizado_em` timestamp NULL DEFAULT current_timestamp() ON UPDATE current_timestamp()
) ENGINE=InnoDB DEFAULT CHARSET=utf8mb4 COLLATE=utf8mb4_unicode_ci;

--
-- Despejando dados para a tabela `config_fiscal`
--

INSERT INTO `config_fiscal` (`id`, `cas_desconto_funcionario`, `cas_custo_empresa`, `igi_percentual`, `hora_extra_multiplicador`, `hora_noturna_multiplicador`, `criado_em`, `atualizado_em`) VALUES
(1, 6.50, 15.50, 4.50, 1.40, 1.60, '2026-02-05 18:35:42', '2026-02-12 22:02:27');

-- --------------------------------------------------------

--
-- Estrutura para tabela `config_impostos`
--

CREATE TABLE `config_impostos` (
  `id` int(11) NOT NULL,
  `imposto_nome` varchar(50) NOT NULL,
  `percentual` decimal(5,2) NOT NULL,
  `aplicado_em` enum('faturamento','folha_funcionario','folha_empresa') NOT NULL,
  `descricao` text DEFAULT NULL,
  `ativo` tinyint(1) DEFAULT 1,
  `criado_em` timestamp NULL DEFAULT current_timestamp(),
  `atualizado_em` timestamp NULL DEFAULT current_timestamp() ON UPDATE current_timestamp()
) ENGINE=InnoDB DEFAULT CHARSET=utf8mb4 COLLATE=utf8mb4_unicode_ci;

--
-- Despejando dados para a tabela `config_impostos`
--

INSERT INTO `config_impostos` (`id`, `imposto_nome`, `percentual`, `aplicado_em`, `descricao`, `ativo`, `criado_em`, `atualizado_em`) VALUES
(1, 'IGI', 4.50, 'faturamento', 'Imposto Geral Indireto - 4,5% sobre o valor da nota ao cliente', 1, '2026-02-06 22:20:41', '2026-03-06 19:51:08'),
(2, 'CAS Funcionário', 6.50, 'folha_funcionario', 'Caixa de Segurança Social - Desconto de 6,5% do salário do funcionário', 1, '2026-02-06 22:20:41', '2026-02-06 22:20:41'),
(3, 'CAS Empresa', 15.50, 'folha_empresa', 'Caixa de Segurança Social - Custo patronal de 15,5% sobre a folha', 1, '2026-02-06 22:20:41', '2026-02-06 22:20:41');

-- --------------------------------------------------------

--
-- Estrutura para tabela `config_valores`
--

CREATE TABLE `config_valores` (
  `id` int(11) NOT NULL,
  `valor_hora_normal` decimal(10,2) DEFAULT 21.00,
  `valor_hora_extra` decimal(10,2) DEFAULT 28.00,
  `valor_hora_noturna` decimal(10,2) DEFAULT 30.00,
  `criado_em` timestamp NULL DEFAULT current_timestamp(),
  `atualizado_em` timestamp NULL DEFAULT current_timestamp(),
  `fatura_hora_normal` decimal(10,2) DEFAULT 25.00,
  `fatura_hora_extra` decimal(10,2) DEFAULT 37.50,
  `fatura_hora_noturna` decimal(10,2) DEFAULT 50.00,
  `multiplicador_extra` decimal(5,2) DEFAULT 1.50,
  `multiplicador_noturna` decimal(5,2) DEFAULT 2.00
) ENGINE=InnoDB DEFAULT CHARSET=utf8mb4 COLLATE=utf8mb4_unicode_ci;

--
-- Despejando dados para a tabela `config_valores`
--

INSERT INTO `config_valores` (`id`, `valor_hora_normal`, `valor_hora_extra`, `valor_hora_noturna`, `criado_em`, `atualizado_em`, `fatura_hora_normal`, `fatura_hora_extra`, `fatura_hora_noturna`, `multiplicador_extra`, `multiplicador_noturna`) VALUES
(1, 21.00, 28.00, 30.00, '2026-02-03 22:00:03', '2026-02-03 22:00:03', 25.00, 37.50, 50.00, 1.50, 2.00),
(2, 15.00, 22.50, 30.00, '2026-02-04 15:21:37', '2026-03-06 19:51:55', 25.00, 37.50, 50.00, 1.40, 1.60);

-- --------------------------------------------------------

--
-- Estrutura para tabela `config_valores_faturamento`
--

CREATE TABLE `config_valores_faturamento` (
  `id` int(11) NOT NULL,
  `valor_hora_normal_faturamento` decimal(10,2) NOT NULL DEFAULT 30.00 COMMENT 'Valor cobrado do cliente por hora normal',
  `valor_hora_extra_faturamento` decimal(10,2) NOT NULL DEFAULT 42.00 COMMENT 'Valor cobrado do cliente por hora extra',
  `valor_hora_noturna_faturamento` decimal(10,2) NOT NULL DEFAULT 48.00 COMMENT 'Valor cobrado do cliente por hora noturna',
  `criado_em` timestamp NULL DEFAULT current_timestamp(),
  `atualizado_em` timestamp NULL DEFAULT current_timestamp() ON UPDATE current_timestamp()
) ENGINE=InnoDB DEFAULT CHARSET=utf8mb4 COLLATE=utf8mb4_unicode_ci;

--
-- Despejando dados para a tabela `config_valores_faturamento`
--

INSERT INTO `config_valores_faturamento` (`id`, `valor_hora_normal_faturamento`, `valor_hora_extra_faturamento`, `valor_hora_noturna_faturamento`, `criado_em`, `atualizado_em`) VALUES
(1, 30.00, 42.00, 48.00, '2026-02-05 18:35:42', '2026-02-05 18:35:42');

-- --------------------------------------------------------

--
-- Estrutura para tabela `despesas_indiretas`
--

CREATE TABLE `despesas_indiretas` (
  `id` int(11) NOT NULL,
  `obra_id` int(11) NOT NULL,
  `mes_referencia` char(7) NOT NULL,
  `locacao_escritorio` decimal(12,2) DEFAULT 0.00,
  `locacao_deposito` decimal(12,2) DEFAULT 0.00,
  `fornecedores` decimal(12,2) DEFAULT 0.00,
  `ferramentas` decimal(12,2) DEFAULT 0.00,
  `uniformes` decimal(12,2) DEFAULT 0.00,
  `taxa_imigracao` decimal(12,2) DEFAULT 0.00,
  `cartao_transporte` decimal(12,2) DEFAULT 0.00,
  `outros` decimal(12,2) DEFAULT 0.00,
  `total` decimal(12,2) GENERATED ALWAYS AS (`locacao_escritorio` + `locacao_deposito` + `fornecedores` + `ferramentas` + `uniformes` + `taxa_imigracao` + `cartao_transporte` + `outros`) STORED,
  `created_at` timestamp NULL DEFAULT current_timestamp(),
  `updated_at` timestamp NULL DEFAULT current_timestamp() ON UPDATE current_timestamp()
) ENGINE=InnoDB DEFAULT CHARSET=utf8mb4 COLLATE=utf8mb4_uca1400_ai_ci;

-- --------------------------------------------------------

--
-- Estrutura para tabela `faturamento`
--

CREATE TABLE `faturamento` (
  `id` int(11) NOT NULL,
  `obra_id` int(11) NOT NULL,
  `mes_referencia` varchar(7) NOT NULL COMMENT 'YYYY-MM',
  `horas_normais` decimal(10,2) DEFAULT 0.00,
  `horas_extra` decimal(10,2) DEFAULT 0.00,
  `horas_noturna` decimal(10,2) DEFAULT 0.00,
  `valor_hora_normal` decimal(10,2) NOT NULL,
  `valor_hora_extra` decimal(10,2) NOT NULL,
  `valor_hora_noturna` decimal(10,2) NOT NULL,
  `valor_total_servicos` decimal(10,2) NOT NULL,
  `igi_percentual` decimal(5,2) DEFAULT 4.50,
  `igi_valor` decimal(10,2) GENERATED ALWAYS AS (`valor_total_servicos` * `igi_percentual` / 100) STORED,
  `valor_total_fatura` decimal(10,2) GENERATED ALWAYS AS (`valor_total_servicos` + `valor_total_servicos` * `igi_percentual` / 100) STORED,
  `observacoes` text DEFAULT NULL,
  `criado_em` timestamp NULL DEFAULT current_timestamp(),
  `atualizado_em` timestamp NULL DEFAULT current_timestamp() ON UPDATE current_timestamp(),
  `total_bruto` decimal(10,2) DEFAULT 0.00,
  `total_liquido` decimal(10,2) DEFAULT 0.00,
  `total_horas` decimal(10,2) DEFAULT 0.00 COMMENT 'Total de horas faturadas'
) ENGINE=InnoDB DEFAULT CHARSET=utf8mb4 COLLATE=utf8mb4_unicode_ci;

-- --------------------------------------------------------

--
-- Estrutura para tabela `folha_pagamento`
--

CREATE TABLE `folha_pagamento` (
  `id` int(11) NOT NULL,
  `funcionario_id` int(11) NOT NULL,
  `obra_id` int(11) NOT NULL,
  `mes_referencia` varchar(7) NOT NULL COMMENT 'YYYY-MM',
  `horas_normais` decimal(10,2) DEFAULT 0.00,
  `horas_extra` decimal(10,2) DEFAULT 0.00,
  `horas_noturna` decimal(10,2) DEFAULT 0.00,
  `salario_base` decimal(10,2) NOT NULL,
  `salario_hora` decimal(10,2) NOT NULL,
  `vale_moradia` decimal(10,2) DEFAULT 0.00,
  `ibf` decimal(10,2) DEFAULT 0.00,
  `cas_desconto_funcionario_percentual` decimal(5,2) DEFAULT 6.50,
  `cas_custo_empresa_percentual` decimal(5,2) DEFAULT 15.50,
  `valor_horas_normais` decimal(10,2) GENERATED ALWAYS AS (`horas_normais` * `salario_hora`) STORED,
  `valor_horas_extra` decimal(10,2) GENERATED ALWAYS AS (`horas_extra` * `salario_hora` * 1.4) STORED,
  `valor_horas_noturna` decimal(10,2) GENERATED ALWAYS AS (`horas_noturna` * `salario_hora` * 1.6) STORED,
  `subtotal_horas` decimal(10,2) GENERATED ALWAYS AS (`horas_normais` * `salario_hora` + `horas_extra` * `salario_hora` * 1.4 + `horas_noturna` * `salario_hora` * 1.6) STORED,
  `cas_desconto_funcionario_valor` decimal(10,2) GENERATED ALWAYS AS (`salario_base` * `cas_desconto_funcionario_percentual` / 100) STORED,
  `cas_custo_empresa_valor` decimal(10,2) GENERATED ALWAYS AS (`salario_base` * `cas_custo_empresa_percentual` / 100) STORED,
  `total_provimentos` decimal(10,2) GENERATED ALWAYS AS (`horas_normais` * `salario_hora` + `horas_extra` * `salario_hora` * 1.4 + `horas_noturna` * `salario_hora` * 1.6 + `vale_moradia` + `ibf`) STORED,
  `total_descontos` decimal(10,2) GENERATED ALWAYS AS (`salario_base` * `cas_desconto_funcionario_percentual` / 100) STORED,
  `liquido_a_pagar` decimal(10,2) GENERATED ALWAYS AS (`horas_normais` * `salario_hora` + `horas_extra` * `salario_hora` * 1.4 + `horas_noturna` * `salario_hora` * 1.6 + `vale_moradia` + `ibf` - `salario_base` * `cas_desconto_funcionario_percentual` / 100) STORED,
  `custo_total_empresa` decimal(10,2) GENERATED ALWAYS AS (`horas_normais` * `salario_hora` + `horas_extra` * `salario_hora` * 1.4 + `horas_noturna` * `salario_hora` * 1.6 + `vale_moradia` + `ibf` + `salario_base` * `cas_custo_empresa_percentual` / 100) STORED,
  `criado_em` timestamp NULL DEFAULT current_timestamp(),
  `atualizado_em` timestamp NULL DEFAULT current_timestamp() ON UPDATE current_timestamp(),
  `salario_base_hora` decimal(10,2) DEFAULT NULL,
  `multiplicador_extra` decimal(3,2) DEFAULT 1.40,
  `multiplicador_noturna` decimal(3,2) DEFAULT 1.60,
  `cas_funcionario_percentual` decimal(5,2) DEFAULT 6.50,
  `cas_funcionario_valor` decimal(10,2) DEFAULT 0.00,
  `cas_empresa_percentual` decimal(5,2) DEFAULT 15.50,
  `cas_empresa_valor` decimal(10,2) DEFAULT 0.00,
  `total_bruto` decimal(10,2) DEFAULT 0.00,
  `total_liquido` decimal(10,2) DEFAULT 0.00,
  `bonificacao` decimal(10,2) DEFAULT 0.00
) ENGINE=InnoDB DEFAULT CHARSET=utf8mb4 COLLATE=utf8mb4_unicode_ci;

-- --------------------------------------------------------

--
-- Estrutura para tabela `funcionario_obra`
--

CREATE TABLE `funcionario_obra` (
  `id` int(11) NOT NULL,
  `funcionario_id` int(11) NOT NULL,
  `obra_id` int(11) NOT NULL,
  `vinculado_em` timestamp NULL DEFAULT current_timestamp(),
  `ativo` tinyint(1) DEFAULT 1
) ENGINE=InnoDB DEFAULT CHARSET=utf8mb4 COLLATE=utf8mb4_unicode_ci;

--
-- Despejando dados para a tabela `funcionario_obra`
--

INSERT INTO `funcionario_obra` (`id`, `funcionario_id`, `obra_id`, `vinculado_em`, `ativo`) VALUES
(1, 2, 1, '2026-02-02 18:39:48', 1),
(3, 3, 1, '2026-02-02 18:39:48', 1),
(6, 2, 4, '2026-02-05 14:48:56', 1),
(7, 3, 4, '2026-02-05 14:48:56', 1),
(12, 2, 5, '2026-02-07 03:13:16', 1),
(21, 2, 7, '2026-02-10 00:08:38', 1),
(24, 2, 8, '2026-02-10 00:19:06', 1),
(25, 2, 6, '2026-02-10 13:03:44', 1),
(26, 2, 2, '2026-02-10 14:03:38', 1),
(31, 2, 9, '2026-02-11 15:33:23', 1),
(32, 2, 10, '2026-02-11 21:59:28', 1),
(33, 2, 11, '2026-02-11 22:09:39', 1),
(34, 2, 12, '2026-02-11 22:31:39', 1),
(35, 2, 13, '2026-02-12 11:21:28', 1),
(36, 2, 14, '2026-02-12 11:40:47', 1),
(38, 5, 15, '2026-02-12 11:53:09', 1),
(39, 2, 15, '2026-02-12 11:53:09', 1),
(68, 12, 18, '2026-03-05 20:36:57', 1),
(69, 13, 18, '2026-03-05 20:36:57', 1),
(74, 20, 20, '2026-03-05 21:23:43', 1),
(75, 21, 20, '2026-03-05 21:23:43', 1),
(80, 16, 19, '2026-03-05 21:26:52', 1),
(81, 17, 19, '2026-03-05 21:26:52', 1),
(82, 18, 19, '2026-03-05 21:26:52', 1),
(83, 19, 19, '2026-03-05 21:26:52', 1),
(86, 20, 21, '2026-03-06 19:49:36', 1),
(87, 21, 21, '2026-03-06 19:49:36', 1);

-- --------------------------------------------------------

--
-- Estrutura para tabela `funcoes`
--

CREATE TABLE `funcoes` (
  `id` int(11) NOT NULL,
  `nome` varchar(100) NOT NULL,
  `descricao` text DEFAULT NULL,
  `ativo` tinyint(1) DEFAULT 1,
  `criado_em` timestamp NULL DEFAULT current_timestamp(),
  `atualizado_em` timestamp NULL DEFAULT current_timestamp() ON UPDATE current_timestamp()
) ENGINE=InnoDB DEFAULT CHARSET=utf8mb4 COLLATE=utf8mb4_unicode_ci;

--
-- Despejando dados para a tabela `funcoes`
--

INSERT INTO `funcoes` (`id`, `nome`, `descricao`, `ativo`, `criado_em`, `atualizado_em`) VALUES
(1, 'Eletricista', 'Profissional especializado em instalações elétricas', 1, '2026-02-06 22:20:41', '2026-02-06 22:20:41'),
(2, 'Encanador', 'Profissional especializado em instalações hidráulicas', 1, '2026-02-06 22:20:41', '2026-02-06 22:20:41'),
(3, 'Pedreiro', 'Profissional especializado em alvenaria e construção', 1, '2026-02-06 22:20:41', '2026-02-06 22:20:41'),
(4, 'Plaquista', 'Profissional especializado em drywall e acabamentos', 1, '2026-02-06 22:20:41', '2026-02-06 22:20:41'),
(5, 'Lampista', 'Profissional especializado em iluminação', 1, '2026-02-06 22:20:41', '2026-02-06 22:20:41');

-- --------------------------------------------------------

--
-- Estrutura para tabela `obras`
--

CREATE TABLE `obras` (
  `id` int(11) NOT NULL,
  `numero` varchar(50) NOT NULL,
  `nome` varchar(200) NOT NULL,
  `cliente_id` int(11) DEFAULT NULL,
  `encarregado_id` int(11) DEFAULT NULL,
  `endereco` text DEFAULT NULL,
  `data_inicio` date DEFAULT NULL,
  `data_fim` date DEFAULT NULL,
  `ativo` tinyint(1) DEFAULT 1,
  `email_financeiro` varchar(255) DEFAULT NULL,
  `email_encarregado` varchar(255) DEFAULT NULL,
  `ativa` tinyint(1) NOT NULL DEFAULT 1,
  `criado_em` timestamp NULL DEFAULT current_timestamp(),
  `atualizado_em` timestamp NULL DEFAULT current_timestamp() ON UPDATE current_timestamp(),
  `dias_desativados` text DEFAULT NULL
) ENGINE=InnoDB DEFAULT CHARSET=utf8mb4 COLLATE=utf8mb4_unicode_ci;

--
-- Despejando dados para a tabela `obras`
--

INSERT INTO `obras` (`id`, `numero`, `nome`, `cliente_id`, `encarregado_id`, `endereco`, `data_inicio`, `data_fim`, `ativo`, `email_financeiro`, `email_encarregado`, `ativa`, `criado_em`, `atualizado_em`, `dias_desativados`) VALUES
(1, 'OB-001', 'Edificio Central', 1, 1, 'Av. Principal, 123', NULL, NULL, 0, NULL, NULL, 0, '2026-02-02 18:39:48', '2026-02-02 23:46:07', NULL),
(2, 'OB-002', 'Residencial Norte', 1, 1, 'Calle Norte, 45', '2026-10-02', '2027-10-03', 0, 'guilherme96v@gmail.com', 'cassio.luis@j2s.ad', 0, '2026-02-02 18:39:48', '2026-02-10 14:05:16', NULL),
(3, 'TESTE', 'teste', NULL, NULL, 'teste', NULL, NULL, 0, 'guilherme96v@gmail.com', NULL, 0, '2026-02-03 19:42:01', '2026-02-06 12:42:39', NULL),
(4, '111111111', 'GGGGGGGGGGGGGG', 1, 1, 'JJJJJJJJJJ', NULL, NULL, 0, 'contactes@j2s.ad', NULL, 0, '2026-02-05 14:48:26', '2026-02-06 12:42:26', NULL),
(5, '123', 'teste', 1, 1, 'Calle Norte, 45', NULL, NULL, 0, 'guilherme96v@gmail.com', NULL, 0, '2026-02-07 03:13:15', '2026-02-10 13:26:50', NULL),
(6, 'TESTEE', 'testee', 1, 1, NULL, '2026-10-02', '2026-02-05', 0, 'contactes@j2s.ad', NULL, 0, '2026-02-09 23:36:44', '2026-02-10 13:15:36', NULL),
(7, '12231321', 'teste', 1, 1, '', '2026-09-02', '2026-09-03', 0, 'contactes@j2s.ad', '', 0, '2026-02-10 00:08:38', '2026-02-10 13:26:45', NULL),
(8, 'FINAL-TEST', 'Teste Final Sistema', NULL, NULL, '', '2026-02-05', '2027-02-05', 0, NULL, NULL, 0, '2026-02-10 00:19:06', '2026-02-10 13:26:53', NULL),
(9, '12331213', 'Obra Cassio', 1, 1, 'Rua das Ruas', '2026-02-11', '2026-03-11', 0, 'guilherme96v@gmail.com', 'cassio.luis@j2s.ad', 0, '2026-02-10 14:05:40', '2026-02-11 22:31:47', NULL),
(10, '12312321', 'fgdssdfds', 1, 1, NULL, '2026-05-11', '2026-08-11', 0, 'contactes@j2s.ad', NULL, 0, '2026-02-11 21:59:28', '2026-02-11 22:05:42', NULL),
(11, '12346', 'obra cassio 2', 1, 1, 'rua tal', '2026-02-11', '2026-04-11', 0, 'contactes@j2s.ad', NULL, 0, '2026-02-11 22:09:39', '2026-02-11 22:31:43', NULL),
(12, '15965', 'cassio  obra 3', 1, 1, 'rua tal', '2026-02-11', '2026-05-11', 0, 'contactes@j2s.ad', NULL, 0, '2026-02-11 22:31:39', '2026-02-12 11:19:50', NULL),
(13, '123456', 'cassio obra', 1, 1, 'rua tal', '2026-02-12', '2026-03-12', 0, 'contactes@j2s.ad', NULL, 0, '2026-02-12 11:21:28', '2026-02-12 11:40:13', NULL),
(14, '543', 'cassio obras ', 1, 1, 'rua tal', '2026-02-12', '2026-04-12', 0, 'contactes@j2s.ad', 'guilherme96v@gmail.com', 0, '2026-02-12 11:40:47', '2026-02-12 11:50:39', NULL),
(15, '12321321', 'cassio 3', 1, 1, 'rua tal', '2026-02-12', '2026-03-12', 0, 'contactes@j2s.ad', 'guilherme96v@gmail.com', 0, '2026-02-12 11:51:08', '2026-02-12 22:18:07', NULL),
(18, '20250922', 'CREAND BANK', 2, 1, 'ANDORRA LA VELLA ', '2025-11-01', '2026-03-09', 1, 'finances@agfs.ad', 'hugo@agfs.ad', 1, '2026-03-04 18:28:53', '2026-03-05 20:36:57', NULL),
(19, '20260503', 'Hotel Blue Sea Formentera', 5, 22, 'Carrer des Fonoll Mari, 3-8 Es Pujoll, Illes Balears', '2026-03-08', '2026-05-08', 1, 'administracion@mantenopolis.com', NULL, 1, '2026-03-05 19:49:04', '2026-03-05 21:26:52', NULL),
(20, '20260303', 'Encamp Sport ', 4, NULL, 'Passeig de I\'Alguer S/N Encamp', '2026-03-03', '2026-06-03', 1, NULL, NULL, 1, '2026-03-05 20:29:08', '2026-03-05 21:23:20', NULL),
(21, '20260219', 'Ecler Supermerrcat', 6, 23, 'Av. Fener - Andorra la Vella ', '2026-02-02', '2026-02-27', 1, 'comptabilitat@cprojectesvl.com', NULL, 1, '2026-03-05 21:22:56', '2026-03-06 19:49:36', NULL);

-- --------------------------------------------------------

--
-- Estrutura para tabela `obra_funcionarios`
--

CREATE TABLE `obra_funcionarios` (
  `id` int(11) NOT NULL,
  `obra_id` int(11) NOT NULL,
  `funcionario_id` int(11) NOT NULL,
  `created_at` datetime DEFAULT current_timestamp()
) ENGINE=InnoDB DEFAULT CHARSET=utf8mb4 COLLATE=utf8mb4_unicode_ci;

-- --------------------------------------------------------

--
-- Estrutura para tabela `usuarios`
--

CREATE TABLE `usuarios` (
  `id` int(11) NOT NULL,
  `passaporte` varchar(50) NOT NULL,
  `senha_hash` varchar(255) NOT NULL,
  `nome` varchar(200) NOT NULL,
  `email` varchar(200) DEFAULT NULL,
  `telefone` varchar(50) DEFAULT NULL,
  `funcao` varchar(100) DEFAULT NULL,
  `salario_base` decimal(10,2) DEFAULT NULL,
  `salario_hora` decimal(10,2) DEFAULT NULL,
  `vale_moradia` decimal(10,2) DEFAULT 0.00,
  `ibf` decimal(10,2) DEFAULT 0.00,
  `foto_url` varchar(500) DEFAULT NULL,
  `biometria_credential_id` text DEFAULT NULL,
  `biometria_public_key` text DEFAULT NULL,
  `biometria_cadastrada` tinyint(1) DEFAULT 0,
  `tipo` enum('funcionario','encarregado','admin') NOT NULL DEFAULT 'funcionario',
  `funcao_id` int(11) DEFAULT NULL,
  `salario_base_mensal` decimal(10,2) DEFAULT NULL,
  `encarregado_id` int(11) DEFAULT NULL,
  `ativo` tinyint(1) NOT NULL DEFAULT 1,
  `criado_em` timestamp NULL DEFAULT current_timestamp(),
  `atualizado_em` timestamp NULL DEFAULT current_timestamp() ON UPDATE current_timestamp(),
  `valor_hora_normal_fatura` decimal(10,2) DEFAULT NULL COMMENT 'Valor por hora normal para faturamento (cobrar ao cliente)',
  `valor_hora_extra_fatura` decimal(10,2) DEFAULT NULL COMMENT 'Valor por hora extra para faturamento (cobrar ao cliente)',
  `valor_hora_noturna_fatura` decimal(10,2) DEFAULT NULL COMMENT 'Valor por hora noturna para faturamento (cobrar ao cliente)',
  `valor_hora_venda` decimal(10,2) DEFAULT 24.00,
  `biometria` tinyint(1) DEFAULT 0 COMMENT 'Se tem biometria cadastrada',
  `bonificacao` decimal(10,2) DEFAULT 0.00
) ENGINE=InnoDB DEFAULT CHARSET=utf8mb4 COLLATE=utf8mb4_unicode_ci;

--
-- Despejando dados para a tabela `usuarios`
--

INSERT INTO `usuarios` (`id`, `passaporte`, `senha_hash`, `nome`, `email`, `telefone`, `funcao`, `salario_base`, `salario_hora`, `vale_moradia`, `ibf`, `foto_url`, `biometria_credential_id`, `biometria_public_key`, `biometria_cadastrada`, `tipo`, `funcao_id`, `salario_base_mensal`, `encarregado_id`, `ativo`, `criado_em`, `atualizado_em`, `valor_hora_normal_fatura`, `valor_hora_extra_fatura`, `valor_hora_noturna_fatura`, `valor_hora_venda`, `biometria`, `bonificacao`) VALUES
(1, 'ENC001', '$2y$10$jtbIyXaq2B8wfMqdJLvxTe3GtlAolPoCHnWpi0uIfwhIonK2pWAb2', 'Hugo Encarregado AGFS', 'hugo@agfs.ad', '', NULL, NULL, NULL, 0.00, 0.00, '/login/backend/uploads/fotos/user_1_1770158850.webp', NULL, NULL, 0, 'encarregado', NULL, NULL, NULL, 1, '2026-02-02 18:39:48', '2026-03-05 20:07:24', NULL, NULL, NULL, 0.00, 1, 0.00),
(2, 'FUNC001', '$2y$10$nrdmwLsGfKYjlW8KEb81ueitzlLyAenx4M4PQMzJP0eSxck1fz8cC', 'Juan García', 'juan@j2s.ad', '', NULL, 2000.00, 24.00, 100.00, 200.00, '/login/backend/uploads/fotos/user_2_1770162487.webp', NULL, NULL, 0, 'funcionario', 1, 2000.00, 1, 1, '2026-02-02 18:39:48', '2026-02-12 22:04:34', NULL, NULL, NULL, 24.00, 0, 24.00),
(3, 'FUNC002', '$2y$10$zZ8otZkXjswnEexZZkwmhuVzZ6cRhAD3cQldo62XfA2gU5G44Qtbe', 'Maria López', 'maria@j2s.ad', NULL, NULL, NULL, NULL, 0.00, 0.00, NULL, NULL, NULL, 0, 'funcionario', NULL, NULL, 1, 0, '2026-02-02 18:39:48', '2026-02-05 18:38:49', NULL, NULL, NULL, 24.00, 0, 0.00),
(4, 'ADMIN', '$2y$10$hyx...vh8ggqDljVRBqil.wNsLXnC0tQ3yHLFH43euV1AsBLa4Y/O', 'Administrador Recursos Humanos', 'admin@j2s.ad', '', '', NULL, NULL, 0.00, 0.00, '/login/backend/uploads/fotos/user_4_1770156207.webp', NULL, NULL, 0, 'admin', NULL, NULL, NULL, 1, '2026-02-02 21:36:44', '2026-02-03 22:03:27', NULL, NULL, NULL, 24.00, 0, 0.00),
(5, 'FUNC003', '$2y$10$syZyH27dzMgUYQI6C68/7eZMdVtl9Eb5AvEeDOpDzAGJXKnwwIjHy', 'Julio menezes', '', '', NULL, NULL, NULL, 0.00, 0.00, NULL, NULL, NULL, 0, 'funcionario', 1, NULL, NULL, 0, '2026-02-12 11:52:36', '2026-03-05 20:04:52', NULL, NULL, NULL, 24.00, 0, 0.00),
(6, 'GUILHERME', '$2y$10$TOJonRJqCHH74gaXRs0e3Ojxo8R.G7zGxCUxOUHKXtlzuBiH9AXu.', 'guilherme', 'guilherme96v@gmail.com', '', NULL, 2000.00, 14.00, 14.00, 14.00, NULL, NULL, NULL, 0, 'funcionario', 1, 2000.00, NULL, 1, '2026-02-20 16:31:54', '2026-03-07 00:45:01', NULL, NULL, NULL, 24.00, 1, 13.99),
(7, 'GOOGLE', '$2y$10$c/LOeghdhBPifXVWMeTwp.p0/lPfzsJRC385FQBoN2wi.bNPeST4m', 'Google Tester', 'google@google.com', '', NULL, NULL, NULL, NULL, NULL, NULL, NULL, NULL, 0, 'admin', NULL, NULL, NULL, 0, '2026-02-27 15:42:25', '2026-03-05 20:04:04', NULL, NULL, NULL, 24.00, 0, 0.00),
(8, 'GK492266', '$2y$10$pHgzf.kQr8Dd8jabrc4yw.25K.y7.vobX5M8rxboNn277t3cUawRG', 'Cassio Luis', 'cassio.luis@j2sinstaladora.com.br', '', NULL, NULL, NULL, NULL, NULL, NULL, NULL, NULL, 0, 'admin', NULL, NULL, NULL, 1, '2026-03-04 17:44:38', '2026-03-04 17:44:38', NULL, NULL, NULL, 24.00, 1, 0.00),
(9, 'PETER', '$2y$10$O0flQXZ256FvOa7z15xtoOL3MmUXX5LDFQCsWCrTPagnzYRdiPl2u', 'PETER', 'r9viral@gmail.com', '', NULL, NULL, NULL, NULL, NULL, NULL, NULL, NULL, 0, 'admin', NULL, NULL, NULL, 1, '2026-03-04 17:47:14', '2026-03-04 17:47:14', NULL, NULL, NULL, 24.00, 0, 0.00),
(10, 'ENCARREGADO', '$2y$10$m2VfUxbpB8jXf.frx1/RiuvmjyCboGkhbDf0l7lkthURFM9hRbugC', 'ENCARREGADO FANTASMA TESTE', 'cassio.luis@j2s.ad', '', NULL, NULL, NULL, NULL, NULL, NULL, NULL, NULL, 0, 'encarregado', NULL, NULL, NULL, 0, '2026-03-04 17:49:41', '2026-03-05 20:04:00', NULL, NULL, NULL, 24.00, 1, 0.00),
(11, 'FUNCIONARIO', '$2y$10$BpfoK5eay5C/n29HGoCVeODgYYgouT1jABRBbK0kShgPgV5zOa7OK', 'FUNCIONARIO FANTASMA TESTE', 'cassio.luis@j2s.ad', '', NULL, NULL, NULL, NULL, NULL, NULL, NULL, NULL, 0, 'funcionario', 1, NULL, NULL, 0, '2026-03-04 17:50:20', '2026-03-05 20:04:07', NULL, NULL, NULL, 24.00, 1, 0.00),
(12, 'GK353002', '$2y$10$3J6WK67/TkeOvl11C5yOTeBjIPlh0H2LpxOCSFC5Yb4JOSB12LzMK', 'Alex Paulino dos Santos', 'alexpaulinoneo@gmail.com', '', NULL, 1879.00, 15.00, 350.00, NULL, NULL, NULL, NULL, 0, 'funcionario', 1, 1879.00, NULL, 1, '2026-03-04 18:09:26', '2026-03-05 20:06:32', NULL, NULL, NULL, 24.00, 1, 0.00),
(13, '234669K', '$2y$10$RyS7fFqcLiqr5CUSZuS6yOTE98Ht7ImXOEGltvN6DOkFJfNPJv25C', 'Havy Muñoz Ocampo', 'harvy2070@hotmail.com', '', NULL, 1876.00, 13.00, 250.00, NULL, NULL, NULL, NULL, 0, 'funcionario', 1, 1876.00, NULL, 1, '2026-03-04 18:15:21', '2026-03-05 20:06:04', NULL, NULL, NULL, 24.00, 1, 0.00),
(14, 'PITER', '$2y$10$FHkupYNQHlQtZdldQAOIgueiNzDzqqMISCWT5OBDFrqv2yM0IS72e', 'PITER', 'r9viral@gmail.com', '', NULL, 1876.00, 14.00, 250.00, NULL, NULL, NULL, NULL, 0, 'funcionario', 1, 1876.00, NULL, 0, '2026-03-04 18:48:16', '2026-03-05 20:05:13', NULL, NULL, NULL, 24.00, 1, 0.00),
(15, 'GK492200', '$2y$10$8S8e.4MS..O1fnjdgfbFFe/QJAjFg6F9R8IGMimHo9.hR./FsqemS', 'Cassio Battaglini ', 'cassio.luis@j2s.ad', '', NULL, 2000.00, 15.00, 350.00, NULL, NULL, NULL, NULL, 0, 'funcionario', 1, 2000.00, NULL, 1, '2026-03-04 18:50:36', '2026-03-04 18:50:36', NULL, NULL, NULL, 24.00, 1, 0.00),
(16, 'GB932968', '$2y$10$rsYt8I4wctzX5pwSTylU3eybKu622Hs4hK9jQfc2xOzd54G8esZEm', 'Jeferson Costa Cummingham', 'jeferson.es.cunningham@gmail.com', '', NULL, 980.00, 13.00, NULL, NULL, NULL, NULL, NULL, 0, 'funcionario', 1, 980.00, NULL, 1, '2026-03-05 19:53:37', '2026-03-05 19:53:48', NULL, NULL, NULL, 27.50, 1, 1560.00),
(17, 'FV305373', '$2y$10$eN7VWO973aRFyDvUOkxPH.E2rKNS.qbziDzmK36AHdCp3ozV/mkfO', 'João Paulo Santos Bastos', 'jpsba10@gmail.com', '', NULL, 980.00, 14.00, NULL, NULL, NULL, NULL, NULL, 0, 'funcionario', 1, 980.00, NULL, 1, '2026-03-05 19:57:41', '2026-03-05 19:57:41', NULL, NULL, NULL, 27.50, 1, 1708.00),
(18, 'YDO38678', '$2y$10$jk6QrLHfrA0xTg6OhNQNP.khbYIISz3aX60DMWw7hcGRVie69NjXi', 'Samuel Pereira de Melo', 'pereirademelosamuel@gmail.com', '', NULL, 980.00, 14.00, NULL, NULL, NULL, NULL, NULL, 0, 'funcionario', 1, 980.00, NULL, 1, '2026-03-05 20:00:26', '2026-03-05 20:00:26', NULL, NULL, NULL, 27.50, 1, 1708.00),
(19, 'FW890513', '$2y$10$p/mwdNWyQNI8nUObp8.J7ODfPN5ovbeALcNPmag/wTOYWfihT.ay6', 'Vinicuis Gomes da Silva', 'vini_vns157@hotmail.com', '', NULL, 980.00, 14.00, NULL, NULL, NULL, NULL, NULL, 0, 'funcionario', NULL, 980.00, NULL, 1, '2026-03-05 20:02:39', '2026-03-05 20:02:39', NULL, NULL, NULL, 27.50, 1, 1708.00),
(20, 'FW556649', '$2y$10$Uv/uVzA2bWDAkfxqyTOVhecKRgW5Z3hVXyebM3G2SIM4DDcAwJmHW', 'Ataide Barras de Oliveira ', 'athaides2018@outlook.com', '', NULL, 1879.00, 14.00, NULL, NULL, NULL, NULL, NULL, 0, 'funcionario', 3, 1879.00, NULL, 1, '2026-03-05 20:21:01', '2026-03-05 20:21:01', NULL, NULL, NULL, 21.00, 1, 809.00),
(21, 'GL803145', '$2y$10$HBvMLzRD7nalmO81teflUOgHl5DurAGR5Z1s.4j/5zehSzBGdvtUS', 'Robson Tavares', 'robsontavaressalete@gmail.com', '', NULL, 1879.00, 14.00, NULL, NULL, NULL, NULL, NULL, 0, 'funcionario', 3, 1879.00, NULL, 1, '2026-03-05 20:25:19', '2026-03-05 20:25:19', NULL, NULL, NULL, 21.00, 1, 809.00),
(22, '618331027', '$2y$10$uj2y1ONomJJOCt9kxrxKReEBegucQ2ZcPkFLkFVcEnxhlEUqbrPP2', 'Jorge Manrique', 'jmannrique@mantenopolis.com', '', NULL, NULL, NULL, NULL, NULL, NULL, NULL, NULL, 0, 'encarregado', NULL, NULL, NULL, 1, '2026-03-05 21:26:34', '2026-03-05 21:26:34', NULL, NULL, NULL, 24.00, 1, 0.00),
(23, '+376 322 945', '$2y$10$F11cOLJa0hrfdap0FLcC.eXqc4nMlGrrNuXjKFkEx1kNW9qh70Mvi', 'Helena CIP', 'comptabilitat@cprojectesvl.com', '', NULL, NULL, NULL, NULL, NULL, NULL, NULL, NULL, 0, 'encarregado', NULL, NULL, NULL, 1, '2026-03-05 21:36:38', '2026-03-05 21:36:38', NULL, NULL, NULL, 24.00, 1, 0.00);

-- --------------------------------------------------------

--
-- Estrutura stand-in para view `vw_dashboard_financeiro_obra`
-- (Veja abaixo para a visão atual)
--
CREATE TABLE `vw_dashboard_financeiro_obra` (
`obra_id` int(11)
,`obra_numero` varchar(50)
,`obra_nome` varchar(200)
,`cliente_nome` varchar(200)
,`mes_referencia` varchar(7)
,`receita_total` decimal(10,2)
,`receita_servicos` decimal(10,2)
,`receita_igi` decimal(10,2)
,`custo_total` decimal(32,2)
,`custo_liquido_funcionarios` decimal(32,2)
,`custo_cas_empresa` decimal(32,2)
,`lucro` decimal(33,2)
,`margem_percentual` decimal(42,6)
);

--
-- Índices para tabelas despejadas
--

--
-- Índices de tabela `apontamentos`
--
ALTER TABLE `apontamentos`
  ADD PRIMARY KEY (`id`),
  ADD UNIQUE KEY `unique_funcionario_semana_obra` (`funcionario_id`,`obra_id`,`semana_inicio`),
  ADD KEY `idx_funcionario` (`funcionario_id`),
  ADD KEY `idx_obra` (`obra_id`),
  ADD KEY `idx_status` (`status`),
  ADD KEY `idx_semana` (`semana_inicio`),
  ADD KEY `idx_aprovado_admin_por` (`aprovado_admin_por`),
  ADD KEY `fk_apontamentos_aprovador` (`aprovado_por`),
  ADD KEY `idx_deletado` (`deletado_em`);

--
-- Índices de tabela `clientes`
--
ALTER TABLE `clientes`
  ADD PRIMARY KEY (`id`),
  ADD KEY `idx_ativo` (`ativo`),
  ADD KEY `idx_clientes_documento` (`documento`),
  ADD KEY `idx_clientes_nif` (`nif`);

--
-- Índices de tabela `configuracoes`
--
ALTER TABLE `configuracoes`
  ADD PRIMARY KEY (`id`),
  ADD UNIQUE KEY `chave` (`chave`);

--
-- Índices de tabela `config_fiscal`
--
ALTER TABLE `config_fiscal`
  ADD PRIMARY KEY (`id`);

--
-- Índices de tabela `config_impostos`
--
ALTER TABLE `config_impostos`
  ADD PRIMARY KEY (`id`);

--
-- Índices de tabela `config_valores`
--
ALTER TABLE `config_valores`
  ADD PRIMARY KEY (`id`);

--
-- Índices de tabela `config_valores_faturamento`
--
ALTER TABLE `config_valores_faturamento`
  ADD PRIMARY KEY (`id`);

--
-- Índices de tabela `despesas_indiretas`
--
ALTER TABLE `despesas_indiretas`
  ADD PRIMARY KEY (`id`),
  ADD UNIQUE KEY `uq_obra_mes` (`obra_id`,`mes_referencia`);

--
-- Índices de tabela `faturamento`
--
ALTER TABLE `faturamento`
  ADD PRIMARY KEY (`id`),
  ADD UNIQUE KEY `unique_obra_mes` (`obra_id`,`mes_referencia`),
  ADD KEY `idx_mes_referencia` (`mes_referencia`),
  ADD KEY `idx_obra` (`obra_id`);

--
-- Índices de tabela `folha_pagamento`
--
ALTER TABLE `folha_pagamento`
  ADD PRIMARY KEY (`id`),
  ADD UNIQUE KEY `unique_funcionario_obra_mes` (`funcionario_id`,`obra_id`,`mes_referencia`),
  ADD KEY `idx_mes_referencia` (`mes_referencia`),
  ADD KEY `idx_funcionario` (`funcionario_id`),
  ADD KEY `idx_obra` (`obra_id`);

--
-- Índices de tabela `funcionario_obra`
--
ALTER TABLE `funcionario_obra`
  ADD PRIMARY KEY (`id`),
  ADD UNIQUE KEY `unique_funcionario_obra` (`funcionario_id`,`obra_id`),
  ADD KEY `obra_id` (`obra_id`);

--
-- Índices de tabela `funcoes`
--
ALTER TABLE `funcoes`
  ADD PRIMARY KEY (`id`),
  ADD UNIQUE KEY `nome` (`nome`);

--
-- Índices de tabela `obras`
--
ALTER TABLE `obras`
  ADD PRIMARY KEY (`id`),
  ADD UNIQUE KEY `numero` (`numero`),
  ADD KEY `idx_ativa` (`ativa`),
  ADD KEY `idx_cliente` (`cliente_id`),
  ADD KEY `idx_encarregado` (`encarregado_id`),
  ADD KEY `idx_data_inicio` (`data_inicio`),
  ADD KEY `idx_data_fim` (`data_fim`);

--
-- Índices de tabela `obra_funcionarios`
--
ALTER TABLE `obra_funcionarios`
  ADD PRIMARY KEY (`id`),
  ADD UNIQUE KEY `unique_obra_funcionario` (`obra_id`,`funcionario_id`),
  ADD KEY `funcionario_id` (`funcionario_id`);

--
-- Índices de tabela `usuarios`
--
ALTER TABLE `usuarios`
  ADD PRIMARY KEY (`id`),
  ADD UNIQUE KEY `passaporte` (`passaporte`),
  ADD KEY `idx_tipo` (`tipo`),
  ADD KEY `idx_ativo` (`ativo`),
  ADD KEY `idx_encarregado` (`encarregado_id`),
  ADD KEY `idx_passaporte` (`passaporte`),
  ADD KEY `fk_usuarios_funcao` (`funcao_id`);

--
-- AUTO_INCREMENT para tabelas despejadas
--

--
-- AUTO_INCREMENT de tabela `apontamentos`
--
ALTER TABLE `apontamentos`
  MODIFY `id` int(11) NOT NULL AUTO_INCREMENT, AUTO_INCREMENT=20;

--
-- AUTO_INCREMENT de tabela `clientes`
--
ALTER TABLE `clientes`
  MODIFY `id` int(11) NOT NULL AUTO_INCREMENT, AUTO_INCREMENT=7;

--
-- AUTO_INCREMENT de tabela `configuracoes`
--
ALTER TABLE `configuracoes`
  MODIFY `id` int(11) NOT NULL AUTO_INCREMENT, AUTO_INCREMENT=9;

--
-- AUTO_INCREMENT de tabela `config_fiscal`
--
ALTER TABLE `config_fiscal`
  MODIFY `id` int(11) NOT NULL AUTO_INCREMENT, AUTO_INCREMENT=2;

--
-- AUTO_INCREMENT de tabela `config_impostos`
--
ALTER TABLE `config_impostos`
  MODIFY `id` int(11) NOT NULL AUTO_INCREMENT, AUTO_INCREMENT=13;

--
-- AUTO_INCREMENT de tabela `config_valores`
--
ALTER TABLE `config_valores`
  MODIFY `id` int(11) NOT NULL AUTO_INCREMENT, AUTO_INCREMENT=3;

--
-- AUTO_INCREMENT de tabela `config_valores_faturamento`
--
ALTER TABLE `config_valores_faturamento`
  MODIFY `id` int(11) NOT NULL AUTO_INCREMENT, AUTO_INCREMENT=2;

--
-- AUTO_INCREMENT de tabela `despesas_indiretas`
--
ALTER TABLE `despesas_indiretas`
  MODIFY `id` int(11) NOT NULL AUTO_INCREMENT;

--
-- AUTO_INCREMENT de tabela `faturamento`
--
ALTER TABLE `faturamento`
  MODIFY `id` int(11) NOT NULL AUTO_INCREMENT, AUTO_INCREMENT=5;

--
-- AUTO_INCREMENT de tabela `folha_pagamento`
--
ALTER TABLE `folha_pagamento`
  MODIFY `id` int(11) NOT NULL AUTO_INCREMENT, AUTO_INCREMENT=17;

--
-- AUTO_INCREMENT de tabela `funcionario_obra`
--
ALTER TABLE `funcionario_obra`
  MODIFY `id` int(11) NOT NULL AUTO_INCREMENT, AUTO_INCREMENT=88;

--
-- AUTO_INCREMENT de tabela `funcoes`
--
ALTER TABLE `funcoes`
  MODIFY `id` int(11) NOT NULL AUTO_INCREMENT, AUTO_INCREMENT=17;

--
-- AUTO_INCREMENT de tabela `obras`
--
ALTER TABLE `obras`
  MODIFY `id` int(11) NOT NULL AUTO_INCREMENT, AUTO_INCREMENT=22;

--
-- AUTO_INCREMENT de tabela `obra_funcionarios`
--
ALTER TABLE `obra_funcionarios`
  MODIFY `id` int(11) NOT NULL AUTO_INCREMENT;

--
-- AUTO_INCREMENT de tabela `usuarios`
--
ALTER TABLE `usuarios`
  MODIFY `id` int(11) NOT NULL AUTO_INCREMENT, AUTO_INCREMENT=24;

-- --------------------------------------------------------

--
-- Estrutura para view `vw_dashboard_financeiro_obra`
--
DROP TABLE IF EXISTS `vw_dashboard_financeiro_obra`;

CREATE ALGORITHM=UNDEFINED DEFINER=`u268549871_saas`@`127.0.0.1` SQL SECURITY DEFINER VIEW `vw_dashboard_financeiro_obra`  AS SELECT `o`.`id` AS `obra_id`, `o`.`numero` AS `obra_numero`, `o`.`nome` AS `obra_nome`, `c`.`nome` AS `cliente_nome`, `fp`.`mes_referencia` AS `mes_referencia`, coalesce(`f`.`valor_total_fatura`,0) AS `receita_total`, coalesce(`f`.`valor_total_servicos`,0) AS `receita_servicos`, coalesce(`f`.`igi_valor`,0) AS `receita_igi`, coalesce(sum(`fp`.`custo_total_empresa`),0) AS `custo_total`, coalesce(sum(`fp`.`liquido_a_pagar`),0) AS `custo_liquido_funcionarios`, coalesce(sum(`fp`.`cas_custo_empresa_valor`),0) AS `custo_cas_empresa`, coalesce(`f`.`valor_total_fatura`,0) - coalesce(sum(`fp`.`custo_total_empresa`),0) AS `lucro`, CASE WHEN coalesce(`f`.`valor_total_fatura`,0) > 0 THEN (coalesce(`f`.`valor_total_fatura`,0) - coalesce(sum(`fp`.`custo_total_empresa`),0)) / coalesce(`f`.`valor_total_fatura`,0) * 100 ELSE 0 END AS `margem_percentual` FROM (((`obras` `o` left join `clientes` `c` on(`c`.`id` = `o`.`cliente_id`)) left join `folha_pagamento` `fp` on(`fp`.`obra_id` = `o`.`id`)) left join `faturamento` `f` on(`f`.`obra_id` = `o`.`id` and `f`.`mes_referencia` = `fp`.`mes_referencia`)) WHERE `o`.`ativa` = 1 GROUP BY `o`.`id`, `c`.`nome`, `fp`.`mes_referencia`, `f`.`valor_total_fatura`, `f`.`valor_total_servicos`, `f`.`igi_valor` ;

--
-- Restrições para tabelas despejadas
--

--
-- Restrições para tabelas `apontamentos`
--
ALTER TABLE `apontamentos`
  ADD CONSTRAINT `fk_apontamentos_aprovador` FOREIGN KEY (`aprovado_por`) REFERENCES `usuarios` (`id`) ON DELETE SET NULL ON UPDATE CASCADE,
  ADD CONSTRAINT `fk_apontamentos_funcionario` FOREIGN KEY (`funcionario_id`) REFERENCES `usuarios` (`id`) ON UPDATE CASCADE,
  ADD CONSTRAINT `fk_apontamentos_obra` FOREIGN KEY (`obra_id`) REFERENCES `obras` (`id`) ON UPDATE CASCADE,
  ADD CONSTRAINT `fk_aprovado_admin_por` FOREIGN KEY (`aprovado_admin_por`) REFERENCES `usuarios` (`id`) ON DELETE SET NULL;

--
-- Restrições para tabelas `faturamento`
--
ALTER TABLE `faturamento`
  ADD CONSTRAINT `faturamento_ibfk_1` FOREIGN KEY (`obra_id`) REFERENCES `obras` (`id`);

--
-- Restrições para tabelas `folha_pagamento`
--
ALTER TABLE `folha_pagamento`
  ADD CONSTRAINT `folha_pagamento_ibfk_1` FOREIGN KEY (`funcionario_id`) REFERENCES `usuarios` (`id`),
  ADD CONSTRAINT `folha_pagamento_ibfk_2` FOREIGN KEY (`obra_id`) REFERENCES `obras` (`id`);

--
-- Restrições para tabelas `funcionario_obra`
--
ALTER TABLE `funcionario_obra`
  ADD CONSTRAINT `funcionario_obra_ibfk_1` FOREIGN KEY (`funcionario_id`) REFERENCES `usuarios` (`id`) ON DELETE CASCADE,
  ADD CONSTRAINT `funcionario_obra_ibfk_2` FOREIGN KEY (`obra_id`) REFERENCES `obras` (`id`) ON DELETE CASCADE;

--
-- Restrições para tabelas `obras`
--
ALTER TABLE `obras`
  ADD CONSTRAINT `obras_ibfk_1` FOREIGN KEY (`cliente_id`) REFERENCES `clientes` (`id`) ON DELETE SET NULL,
  ADD CONSTRAINT `obras_ibfk_2` FOREIGN KEY (`encarregado_id`) REFERENCES `usuarios` (`id`) ON DELETE SET NULL,
  ADD CONSTRAINT `obras_ibfk_3` FOREIGN KEY (`encarregado_id`) REFERENCES `usuarios` (`id`) ON DELETE SET NULL;

--
-- Restrições para tabelas `obra_funcionarios`
--
ALTER TABLE `obra_funcionarios`
  ADD CONSTRAINT `obra_funcionarios_ibfk_1` FOREIGN KEY (`obra_id`) REFERENCES `obras` (`id`) ON DELETE CASCADE,
  ADD CONSTRAINT `obra_funcionarios_ibfk_2` FOREIGN KEY (`funcionario_id`) REFERENCES `usuarios` (`id`) ON DELETE CASCADE;

--
-- Restrições para tabelas `usuarios`
--
ALTER TABLE `usuarios`
  ADD CONSTRAINT `fk_usuarios_funcao` FOREIGN KEY (`funcao_id`) REFERENCES `funcoes` (`id`) ON DELETE SET NULL,
  ADD CONSTRAINT `usuarios_ibfk_1` FOREIGN KEY (`encarregado_id`) REFERENCES `usuarios` (`id`) ON DELETE SET NULL;
COMMIT;

/*!40101 SET CHARACTER_SET_CLIENT=@OLD_CHARACTER_SET_CLIENT */;
/*!40101 SET CHARACTER_SET_RESULTS=@OLD_CHARACTER_SET_RESULTS */;
/*!40101 SET COLLATION_CONNECTION=@OLD_COLLATION_CONNECTION */;
