-- phpMyAdmin SQL Dump
-- version 5.2.2
-- https://www.phpmyadmin.net/
--
-- Host: 127.0.0.1:3306
-- Tempo de geração: 06/02/2026 às 18:21
-- Versão do servidor: 11.8.3-MariaDB-log
-- Versão do PHP: 7.2.34

SET SQL_MODE = "NO_AUTO_VALUE_ON_ZERO";
START TRANSACTION;
SET time_zone = "+00:00";


/*!40101 SET @OLD_CHARACTER_SET_CLIENT=@@CHARACTER_SET_CLIENT */;
/*!40101 SET @OLD_CHARACTER_SET_RESULTS=@@CHARACTER_SET_RESULTS */;
/*!40101 SET @OLD_COLLATION_CONNECTION=@@COLLATION_CONNECTION */;
/*!40101 SET NAMES utf8mb4 */;

--
-- Banco de dados: `u268549871_saas`
--

-- --------------------------------------------------------

--
-- Estrutura para tabela `apontamentos`
--

CREATE TABLE `apontamentos` (
  `id` int(11) NOT NULL,
  `funcionario_id` int(11) NOT NULL,
  `funcionario_nome_snapshot` varchar(200) DEFAULT NULL,
  `funcionario_passaporte_snapshot` varchar(50) DEFAULT NULL,
  `obra_id` int(11) NOT NULL,
  `obra_nome_snapshot` varchar(200) DEFAULT NULL,
  `obra_numero_snapshot` varchar(50) DEFAULT NULL,
  `semana_inicio` date NOT NULL COMMENT 'Segunda-feira da semana',
  `horas_diarias` longtext CHARACTER SET utf8mb4 COLLATE utf8mb4_bin NOT NULL COMMENT '{"mon": 8, "tue": 8, ...}' CHECK (json_valid(`horas_diarias`)),
  `total_horas` decimal(6,2) DEFAULT 0.00,
  `horas_normais` decimal(5,1) DEFAULT 0.0,
  `horas_extra` decimal(5,1) DEFAULT 0.0,
  `horas_noturna` decimal(5,1) DEFAULT 0.0,
  `status` enum('rascunho','enviado','aprovado_encarregado','aprovado','rejeitado') NOT NULL DEFAULT 'rascunho',
  `observacao_rejeicao` text DEFAULT NULL,
  `enviado_em` datetime DEFAULT NULL,
  `aprovado_em` datetime DEFAULT NULL,
  `aprovado_admin_em` datetime DEFAULT NULL,
  `aprovado_por` int(11) DEFAULT NULL,
  `aprovado_admin_por` int(11) DEFAULT NULL,
  `assinatura_base64` longtext DEFAULT NULL,
  `assinatura_admin_base64` longtext DEFAULT NULL,
  `criado_em` timestamp NULL DEFAULT current_timestamp(),
  `atualizado_em` timestamp NULL DEFAULT current_timestamp() ON UPDATE current_timestamp(),
  `deletado_em` datetime DEFAULT NULL
) ENGINE=InnoDB DEFAULT CHARSET=utf8mb4 COLLATE=utf8mb4_unicode_ci;

--
-- Despejando dados para a tabela `apontamentos`
--

INSERT INTO `apontamentos` (`id`, `funcionario_id`, `funcionario_nome_snapshot`, `funcionario_passaporte_snapshot`, `obra_id`, `obra_nome_snapshot`, `obra_numero_snapshot`, `semana_inicio`, `horas_diarias`, `total_horas`, `horas_normais`, `horas_extra`, `horas_noturna`, `status`, `observacao_rejeicao`, `enviado_em`, `aprovado_em`, `aprovado_admin_em`, `aprovado_por`, `aprovado_admin_por`, `assinatura_base64`, `assinatura_admin_base64`, `criado_em`, `atualizado_em`, `deletado_em`) VALUES
(1, 2, 'Juan García', 'FUNC001', 1, 'Edificio Central', 'OB-001', '2026-02-02', '{\"mon\":1,\"tue\":1,\"wed\":1,\"thu\":1,\"fri\":1,\"sat\":1}', 0.00, 0.0, 0.0, 0.0, 'aprovado', NULL, '2026-02-02 21:47:47', '2026-02-02 21:49:30', NULL, 1, NULL, 'data:image/png;base64,iVBORw0KGgoAAAANSUhEUgAAAUAAAACWCAYAAACvgFEsAAAQAElEQVR4AeydX4gcx53HO8GgA4EFDhFngcwFbPDDHjYng4LmIrCOHCfI3mmf3MLmbGKQYIP05PFLJG6NFS6oA4ZeIpDBDwo5PHrSHjIxXEAGg4QXpANjHcjIkEMTZFC4gEIMJxDc1adnf7M1Pb2zs7sz3TXdX6Hf1p/uqvrVt6q+9auq7p5v//nP3/yfRBioD6gPNLEPfDvSPyEgBIRAQxEQATa04VVtISAEoqjRBKgOIASEQLMREAE2u/1VeyHQaAREgI1uflVeCDQbARFgU9tf9RYCQkB7gOoDQkAINBcBWYDNbXvVXAg0HgERYOO7QBMBUJ2FQA8BEWAPB/0VAkKggQiIABvY6KqyEBACPQREgD0c9FcINAUB1dNDQATogSGvEBACzUJABNis9lZthYAQ8BAQAXpgyCsEhEC9EcjXTgSYR0RhISAEGoOACLAxTa2KCgEhkEdABJhHRGEhIAQag0CjCLAxraqKCgEhMBYCIsCxYNJNQkAI1BEBEWAdW1V1EgJCYCwERIBjwVSDm1QFISAEhhAQAQ5BogghIASagoAIsCktrXoKASEwhIAIcAgSRdQPAdVICBQjIAIsxkWxQkAINAABEWADGllVFAJCoBgBEWAxLooVAnVBQPUYgYAIcAQ4uiQEhEC9ERAB1rt9VTshIARGICACHAGOLgkBITDbCGymvQhwM4R0XQgIgdoiIAKsbdOqYkJACGyGgAhwM4R0XQgIgdoiUGsCrKLVDhw4ECHXr1+voniVKQSEwBYQEAFuAazNboX4ut17UU+6m92u60JACFSMgAhwQg2wsHAsIz6y27//majVOoRXIgSEQMAIiAAn0DiQny15Ib80TSPcCWS9/SyUUggIgU0REAFuCtHoG3zy407Ir9Vq4ZUIASEQOAIiwG02EPt8efJrt9tu6Svy2yakSiYESkdABLgNyFnuHjlyJMK15Fh97fbbFpRbKQIqXAiMh4AIcDyc+neZ5ffw4cN+HB6WvrgSISAEZgcBEeAW2gry41GXfJIjR/5Ohx55UBQWAjOAgAhwC4107NhC4d1Jcr4wXpFCYCsIMLki/tbKVtKv3StnCwiIAMcEiwMPLMD87VeurMj6y4Oi8JYQoF9BfLg90UP0WwJwBzeLAMcAD/IrmpUhPw4/xshCtwiBQgQgPCM/buD50ZYeogeKUkQEuAnMLG+LyE+PvGwCnC5vigD9CvKzGyG/W7duaUVhgGzD3WoSEeAIxOigSZIM3RHHxyM98jIEiyK2gECn04lYWViSVqsVQX4WllsOAiLADXBmaeJ3ULuNjqpHXgyN2XJpU19WVq5EEBFCfFm1YWI9ffpUvzj6FNsp/Qh5SkNABLgB1HEcD11RRx2CJPgIiC1xp/RMZiw3fTlx4kQEESEWf/r06ejChV9mxEhak0lVFPJDF8tPfcqQqMatFQFOCkIGwd27dweyU0cdgCPoAKQF6RmpJW4bA+LZTGnSdTofRktLSxkxWnrcvXu/m33nEfJKHKFy72b55a+ThvQWz56fLD9DoxpXBJjDHfJjEPjRIj8fjXD9EAzkBGEljvQIT1Jb8oNIyZtnQt9888fR6upnYxVBWtLYzU8+uSdacUtwC8utBgERoIc7s3Oe/FgmaZb2QArUmzirzIgvryKWVpwdXLWjNF3OhAMHhLYljkkun25UuNu9F129ejWan5931uLp/rcgN0oD+ZHGrn/yyTWd9hoYFboiwDXwIT9m97Vg5vCoy7lzP8v8wf9pqIKQShHxPfXUd6LY7eNCckiaptnJPXEIpIhAfIQhwgcP/pCR2tLSOy7t8bG/7MOkCcFBwkXNQN9CT7uWpssiPwOjYlcE6BrgzJmfDnzZxUVlnV+PuoBEuHLlypVsX67rrDHTElKDYO7cuZNZeoTt2jjuwYPfjxYXF13aNDJShEAR8o2dJVmUDzp0OpeH+lGn0xmIY1KNHTEX5aG48hFoPAFi9b3//vsDyNPR6fwDkQoEhQDtdvLkiQGdIBeIatIEA4ki5Js6S5Iyjh49OlA2AUiQPWT8SC+8/rhL7MhTkyrIhCONJkAGEcsTvzkgvlgztA9JcP7hdosya60scoEML136VfbgMqTrAwTpYfURZy5+0kCe+CXhINBoAsyTH5Yge0LhNI80ySOAheW32759+zLyq6LdIDUmy3zZP//5v2aHIok7iTb980Rp8XKrRaCxBHjkyMsDyKfpcsRG9kCkAsEg0HX7fBAfBw6mFATESWyegOx6GS46vPVWe6Co+/fvR2+88UY/bm5uzh2qxJH+hYdAIwkwSc5Ht2/f7rcGA4iZvB8hT3AIYPmx9DXFIB6eo8O1uKpc+s+ePXsGiv/iiy/64UuXLvX9U/Aoyx0g0DgCxJJIvKXJrl1/kZ347QBDJZ0yAlh+PvlBOBxEhEB+VvX8TyRYPEvfkPQ0veT2EGgcAeaXuZChOmivM4T4N3HWep78OKgKSVd0LNKHflXWwUxR+YrbHIFGESDLKCxAg4UOqqWvoRGeC/ElnrWO5Rca+YFap3MZZ0ji+JWhOEVMFoGd5tYYAoT4/A10gGMZhSsJDwHIj6WvaRYq+fEuMH3L9DSXyVXWn6ERrtsYAuR1Kb8ZOPX1w/KHgwCE8sYbr/cVCpX8UPDTTz/FGRJZf0OQBBnRCAI8dWr9aXxagQGlpS9IhCeQH1sVdqhw8ODB7Dm/8DTtaeQv0XsxUfT00/uy944tLDdcBGaaAMeBlQF1+XJn4NY0TQfCCoSDAOTH8heNmKiuXv0Ib5DiL9F9BQ8fPuwH5Q8YgVoTIOSXX/rqsYRwe6NPfuyhhTxRFX1Aw5DV6sKQCN+tNQEyoPwmYFBpY9pHJBx/p9OJ/EMqyI/2CkfDdU3Qldcm12PWfeiM5boeI1/ICNSWAOmktpSyBmBQmX/m3RpVAEud3+WwKmGlh0oiSXI+8nVFZ151w0V0+AEKsyO1JcDEe36M5gh5UKFfk4XJyuqPBRWilQ5Js52S71csd/3XKg8dallV5M4AArUkQDorYviHOqhMvya7WOk+qYRopWPxQX5+n6LN0nTZnfaufwiBfhaq5Yq+kmEEakmAZ86cGagp1t9AhALBIPCLX6z/8DwfGR2PQMpRH3KG+HwLlZLRkc/nY/3du9clSjKjCNSSAD/++ON+c+zatUufIuqjEZYHgkFMq3Pnzpm3Urfbvef2+U5HPOaC35Thd0aw+vzX8R48eGCXoxdffLHvl2c2EKgdAfoDiibInwQTJwkDAd/6i+Pjlf9QEGSXuEOOntX34QBI8/P/GPE7I3Hua+FffbX++9FPP/2XA2kUCB+B2hHgjRvXB1BnX2YgokYBBiyDFckTf+jVZFnp69xuv1WZyuBo+3xJ7vCM/oPV98EHHxTq1+3+vh8/N/fXff8UPcp6ggjUjgA7uS9z5GfsCWJXWVYQB6SHMHh7Mlt7Uf7bOXFF1h+4JX2Lb/BtIYiv3W5nv/sR56w+v+HJww/LP1sI1I4A/Q5JJ56t5hitrQ3W/N4U9Wy1Do1OHNBVCBwxldKSX02kjxiWSc7i27t3b3ayy5eCxnkcR4cg1oqz6daOAGezGUZrzcccnn/++YjByuC1uyE+NuQZrPgtPnT38uXLfRVjZ/31A1P2gN2ope6JEyei27f/yxHg21PWRNlvF4FJp6s1AT5+/HjSeJWaHwMWa+/y5U70xz/+T79syM6WZ63W7D1467/y1i5p7y8ZY6l77tzP+hiP6/Hxp73GTaf7wkCgdgT45JPrP07zpz89DAPlbWjBEpE9Plw/OQMOi2+c5ZmfLhR/p7O+14b1B5lPUzdIiUkkyS11eaSlvbbHtxMs247AaRPqspN8polBUd6JmxD27v2uW1WcL7rcmLjaEeC3vrXedrt3714PzJAPkmDQ5lWem5sL+tt4eX2LwlizFv/KK6+Yd+IuxMcgL5pE7JGWSRAWBM42RNn7mDsBrIdN7wH0xE0MhHeS3yynnSkCHAdoSMLu8x9StbjQXciPfSpfTxtk16594kfPnJ+BdvPmzUxvPhqK5ZQFJvgncZZNyx0IQXyJG9x+1objRo+0+PfW2Z9/NhZc6lzfUXWrHQHmK8ugy8eFGn799X+OisgP66I1g3t9eZwh90ePHmXRJ0+eyNxJ/KGNE0d8vSVdEt29u/5wsuUPfmwd4FpcE122VBCre9ttA5i/iW7tCXAWGpUBzJLXf4UPvZmZV1auRHUZtIlnkS0u/oQqbkvAK3GEB2aQXpG1ZxkzwCE+lqkW12Q3b/1NYhtglvGsHQFCGrPUIAxkBrA/K6M/pAf59etD5AwLpGXqQ0rmH9clPVhBeuCVODLNY2Z5gRmPtDx48IfskRbCdq3JbuImDXA0DLbTDpa2Lm7tCDDfMNev38hHBRGmIx448DfuFK63Ge0rxT4mFkudBi7LX6vjuN/Mg+AYtEeOvBwdOHAgw4o4y8d3wYoBDW5YfNt5pMXPb6t+9EM20m+r+U3jfv8r1j283p5GMTOVZ+0I8NChwTcibtwIjwAhv5MnT0bd7uDra3RKBvCsH3YUjYDEWWzEU0esW/xF0u3ec0R3PmJpi7VHutu3bxfdmn08wSc9lnOj8i7MZAKRkDt692SwTSeQ/USySJz1Z7+0R4ZvvvljnMZL7QgwjuNsYFjL8tAtHdPCVbvowj6MnYaaPi+99FLEkreKAWw6TMulzqPy5jqY8LYLVlSyRpbradZ94APpsbzF0quK9NY1itwe7SEnrazftdwJtH8tFH/He0eeE/id7MGGUqdJ6FE7AgSU/O8yMGCID0GOHVuI8suk/fv3R7/5zcfZAApBx0nrcPPmrX6WR4/+Q98PDlh5kB4Tlf+2S/8m58FqtD09LGRIz0UH8x/90AtCxh+MYmuKMMEga8HotddeNW/j3ZoSYDzQsHfvfjVEOgM3lBRgsPsdkWJbrVZ069Z/4q2t+N/M27NnT9YW7OuBByRYVHGIhInLLL2y9/SKdJrVOCZdX/fQJhBft7L9tSRABk+aLvex7Lp9Jf/jm/0LJXvygx09sRxKVqP04vxv5q2srGRfWi7a12MyWFp6JzLS00DNmmpHfxK390f/t0yYVMwvN4pqSYA0bCu3FwP50Bm4VoVcuXJlqNgLF345FFfHCJa3Vq+ih5Tj+Lizgm9lr/ktLi7arXJ3iADE5xsCTLiaVAZBrS0B0th56ypxm+uJmxEHISgn5L+jbCX+7nf/bd7auqurn21YNw5+2DdL07S2+58bVr6ECxwsPXr0v/2SZP31oeh7akuA1PCZZ/Znp3OR9y+piATZh9m3b5+nSRShC7P0QGSNAljd8/PzQzWyyanOBz9DlS45otPpZHutViwnv3E8uDdu10J2p61brQmQgVZkXUA8zI7TBjef/6uvDp6+QX4QI0SRv3fWw9SJQ458PbBCsPpa7vAnf03hySCQuFVO/p3yzz//fDKZ1yyXWhMgbQUJ8nxd7PaZCJuw8kWP5wAACklJREFUL5XvJHZtWm7sZmD08fOHBCEKCBm/f20W/dTh2LF/yg46ivQHg6J4xU0GAb4enrhVjp9bfivIv9Z0f+0JkAaGdNrtt6J4iAQ7EcTDPWUIevCMIm6+PAiZt1gSN3vnr81KGN15pm/U2zfnzw+/+jcr9QtdT/qy/71F9E3T5aFtIOIlPQSCJsCeipP5C+lAgu3c538gHjrOZErZPBdO4dABffJ3P3r0KOp0Lru9wdn7Si9WbJKzPKgfkw4PeuNHRpEj1yXbQwD86ct+asgvdqsOP07+QQQaQ4BUG9KBgJaWlgj2hY5TJgnSKVmWF+2Ddbu8C5usvfx/PiLcVzRAD/ox+Njzy6t38eL7UepOeMHcrnF/x23QW1juzhAAzyL8wZ5+trPc65+6UQRozbm4+BM3MNcflCYeEmT5RociPG2BjNmb4RWvorLQA4vq5ZePRPPzPwqSCCE9MMPN1wErd2FhIYtu5Z7JpF7UL7uoP9tGIHHbJXn8rV8Z9tvOvCEJG0mAtC2zY5oOkmDXWV+cyhY9tEyaaQiveHEqSscdyH8twA87ra6uZhYhVmoR2azdWqqDFbewcKywTMjPt/qoG3F2s+FsYblbQwD8wD7JbTm03Mn6RiuLrZXQnLsbS4A0MSToD0zi6FwnT57I9uHwEzdtgSDouHld8uVipdLxn3322YjPGUFCibMCkHfffdftH3b6QhzXkdXVz7JnwvCbQKQIdUQoC9eEaz/4wd9mn6XitJx48jlz5qdrZHyKJANCPbBqffKzG8Ca6xYmP6wXXIuTuzkC4MUkTfv4d9N3wN7H2L8ufzECjSZAIGGwFllgiZtd6Wh0OO6bttBxTRc6M7P5RmViFV69etWdYJ9yRJ1ksrycZmHICkF/XGR+fj57LAW/CUSKQEII39/DNeHal19+makAaRJPPnxUswgTTrAh8Y30pn5czzJc+0M+P/zh30cXL15ci5EzCgFIj3YAN7sPvOm/9B2Lkzs+Ao0nQKCywfnqq69F/tsadDQ6XOKsLPzcO21BFzozs3mvY7enXeSO84ewV1b+fdPX2agbdcK1QvkE1tmzZxx5n/b2Oe2qXEOASYhJycK44E4/8fEkXjI+AiLANazoRO+9916EZcWsuhadOYmzBtl/K4sEs0LdH3SCDCENOruLmtr/J554Ykt593RrZ19uQcdozH+kwxLE9ZOwvMfixsrx4+WPsu0LLHcfC4hvK7j7aeVfR0AEuI5F5mNg9jpXe8CiYWBiDTITZzeW+Aed6OwQIY83cHgTx8ezB1wha8gR4kbvvJDGF7tucXx6Crl//+uo6ESa8khDGcipU6ezE3TSo9N2YKA+kODRo0cHkjPBYOVUMdkMKBJQgP4GJqYS7U174Vqc3O0jIALcADsGd5oOf6WEmZgOyWDdIOnUoiGOhYWFKI5jR0Jp9vmoHjm9HR08+P0+ITI4TEjjSz7elIV02N+zMC55Ux5pwAM5e/ZsVj7XdyLodOnSryJIFb+fF9Ygkw06MfH41xrgz6p44cKF6MUXX3BbA6eyMH9oB9oEv2QyCIgAR+BIh8PSiZ215Q9SBiUDlNm5CiIcofKWL6H/wsIxd3r84UDaNF3OCHUgcgoBSBVr0MfXioEI0Q3h9Jn77Fod3W73njvQOp+dsi8t/Ut0//79fjXpiyK/PhwT84gAx4AydZYgQif0b8canOV9KyNyXKsXRMRAi52VaXHTdimTiabIGqRs9MM6ZYnOxINlWIfJh7pRj8QdskHy1C1x+80QIdeQ2E2+YEObEJZMFgER4Jh4Qn50QoQBa8norHRelisMVIsP3cWaQm9fT+pVRPT+PdP0Yw0y2NN0eWD/1S+z66wkLEMmHwgDoR5I4ogEQkG4z083bT/lbSToYwJ5z8//KLPyePSIeiSO9Py+QzswGfSwGN6GmXZdqsy/7LJFgFtEHCKkY0KE+C05yxUGIQOSzm7xIboMQqwpXzezNPw6+dfL9MfO+jSMIYKnnvrOhsVDOpAHApFAKAjtsG/f0xnR4KdtfLE43Lzwg035OMKWHj/y3HPP9vMnvJGgjwnkvbq6OvTID6QH9tSXujMZEBfp31QREAFuE146KyTIKWnslinWWRmQdHYGQ+IsEgbmNouYeDJ0YxAzCC3z3bt3Z4cpqVvmW1woLhhDBHfu3Ml+MyRNl90BzPGx1Xv8+HFGNF1nNdIOvlgcbl74waZ8HGFLjx95+PBhP/+xlXI3zs3NZYc/kB114lQX0qM/UV93i/6XhIAIcIdAL7hT2dSRB0tKOrRlxwBJ3NJmwR0whECG6JPfr+Qz6b/+9b+VcthhuGzXZYKJnWUI1hAGZJGmPUKEKBHuMeH3Rp577rlsKU3cqHK5bkI6Hs+J3aRGniZ2nTB+7rP8iSsS8qBPoCcCyaH7tWufOAJ8O5PY1WmUbro2XQSCIsDpVnW6uTMomL3p5HR6BoSV2HUWSJ4MibPr03QpxyxS/FYW+n700dWZID/T2XfBF/JI3eQDGSJgb8LvjVy/fiOzHImDeHzx4/CbkI7Hc/x8/bzNz32WP3FFQh70CfREwNyvg/zVIyACnHAb0Mnp9AwIBtVGZHj48OGIvbhp7hcmbgmO1ZcvA/JAN3SdcPVnJrsm131mGqkERUWAUwSZQbYRGX7zzTfZs3dmnUFWk1AFK4+8OGFM3BKcsOXLYUKaLmd7fhYnVwg0GQERYEmt75Mhr61hGRJH8V2WyI6s2CvEKmSznfhxhLQIVp6dXkJ8+bTs9/32t//hDhHi/CWFhUBjERABVtD0vLaGZWgHJz4RckLLwQkWHISIQIomXENeeOGF6Hvf+6v+YxhYkpxe5qtD3lh9/Cwi/vx1hYVAkxEQAVbY+hBSERGaSlh2CKRognWIfP31/YhltN2bd2N3ignxsdcX66QxD4/CQiBDQASYwVDtHyNCyIrDk6WldyKeFSN+lGa7du3KHvPgUAOJHenxXCKnnak7HY1nhvhG1VLXhMD0EBABTg/bbeUMkS0uLkY8KwYhIpCiCWEIDul2f5895mHXIL2FhYVtlatEQqCJCIgAA291rEBI0YRw4CpLPSEwMwiIAGemqaRoTRFQtSpEQARYIfgqWggIgWoREAFWi79KFwJCoEIERIAVgq+ihUDTEai6/iLAqltA5QsBIVAZAiLAyqBXwUJACFSNgAiw6hZQ+UJACFSGQKUEWFmtVbAQEAJCwCEgAnQg6L8QEALNREAE2Mx2V62FgBBwCIgAHQiV/FehQkAIVI6ACLDyJpACQkAIVIWACLAq5FWuEBAClSMgAqy8CZqogOosBMJAQAQYRjtICyEgBCpAQARYAegqUggIgTAQEAGG0Q7SojkIqKYBISACDKgxpIoQEALlIiACLBdvlSYEhEBACIgAA2oMqSIE6o5AaPUTAYbWItJHCAiB0hAQAZYGtQoSAkIgNAREgKG1iPQRAkKgNARKJcDSaqWChIAQEAJjICACHAMk3SIEhEA9ERAB1rNdVSshIATGQOD/AQAA//9twuGjAAAABklEQVQDAB4xuA7oqc3SAAAAAElFTkSuQmCC', NULL, '2026-02-02 21:47:47', '2026-02-05 14:30:59', NULL),
(2, 2, 'Juan García', 'FUNC001', 2, 'Residencial Norte', 'OB-002', '2026-02-09', '{\"mon\":{\"normal\":1,\"extra\":1,\"noturna\":1,\"fecha\":\"2026-02-09\"},\"tue\":{\"normal\":0,\"extra\":2,\"noturna\":1,\"fecha\":\"2026-02-10\"},\"wed\":{\"normal\":2,\"extra\":2,\"noturna\":3,\"fecha\":\"2026-02-11\"},\"thu\":{\"normal\":1,\"extra\":2,\"noturna\":3,\"fecha\":\"2026-02-12\"},\"fri\":{\"normal\":12,\"extra\":12,\"noturna\":24,\"fecha\":\"2026-02-13\"},\"sat\":{\"normal\":24,\"extra\":0,\"noturna\":12,\"fecha\":\"2026-02-14\"}}', 0.00, 0.0, 0.0, 0.0, 'aprovado', NULL, '2026-02-03 20:48:41', '2026-02-03 20:49:38', NULL, 1, NULL, 'data:image/png;base64,iVBORw0KGgoAAAANSUhEUgAAAUAAAACWCAYAAACvgFEsAAAOrElEQVR4AeydT4gU2QGHH4sgZMA9ZWADhhUiDERQdgYMCEIWNuBB0JM1lyxEyIIwA0LGm7cNiuWp5uSAgQ1Z7DmNIKynmJOSBT0MGPAwp+lEYWQFl52bkLxfzVTndXX1v+rqqup6n/imq169v98bPt57VV3z0U8/7f+XAAN+B/gd8PF34CPDPwhAAAKeEkCAng483YYABIzxWoD8AkAAAn4TQIB+jz+9h4DXBBCg18NP5yHgNwEE6Ov4028IQIA9QH4HIAABfwkwA/R37Ok5BLwngAC9/xXwEQB9hsABAQR4wIGfEICAhwQQoIeDTpchAIEDAgjwgAM/IeALAfrpEECADgwOIQABvwggQL/Gm95CAAIOAQTowOAQAhBoNoF07xBgmgjnEICANwQQoDdDTUchAIE0AQSYJsI5BCDgDQGvBOjNqNJRCEBgJAIIcCRMJIIABJpIAAE2cVTpEwQgMBIBBDgSpgYkogsQgEAPAQTYg4QICEDAFwII0JeRpp8QgEAPAQTYg4SI5hGgRxDIJoAAs7kQCwEIeEAAAXowyHQRAhDIJoAAs7kQC4GmEKAfAwggwAFwuAQBCDSbAAJs9vjSOwhAYAABBDgADpcgAIHZJjCs9QhwGCGuQwACjSWAABs7tHQMAhAYRgABDiPEdQhAoLEEGi3Axo4aHYMABAohgAALwUghEIDALBJAgLM4arQZAhAohAACLARjDQuhSRCAwFACCHAootETtNu7ncQ6VuhEcAABCNSOAAKcYEgkuDC8Yy5fvmTm539uFhcX48/kWOcnTnxqFhYW4murq6tGodVqGYWnT58alaHPCZpBVghAICcBBJgTnMQnwYVhaAYJbH9/37x790MsulbrgRXfAyvBlThInCpDn4PKyNlEj7PRdQiMRgABjsapk0qi0gxP4utEFnDQbrcLKIUiIACBcQggwDFote0en2ZrY2SJkx479rE5fvyXZm1tzQTBcvwZRetGQXEKQRDEafkBAQiURwABjsFa+3fp5EePHjVLS0tdUpPYkvDixQuzs7Nj9Lm2dsNKL7Jpb1gRBnFQnEK6XM4hkJMA2cYggABHhHX9+vWevT5Jrt3+t/nuu8ddUtNsLgma+Y1YBckgAIGSCSDAEYDrju233/6tK2Vgl7IBy9YuJpxAYNYIIMAhIyb5ra6udKX65JNfxEvZrkhOIACBygmM2wAEOICY9vzS8gvszG97e3tALi5BAAKzQgABZoxU+/Bur57bcy9LflEUuVEcQwACM0wAAaYGT/LTzE/P+7mXkJ9Lg2MININAowQ46ZD0k9/W1sNce36SqB6a1rc9Jm0b+SEAgeIJIMBDppLfpUuXex51kfzOnTt3mGq8j83NzTiDylaIT/gBAQjUhgACPByKL774Xfx93cNTI+nt7b2NP5O4cT/X1v4U519bW4u/CTJuftJDAALTJeC9ADUz0zJVLyxIUEfRutHMLznP+6mHoFVOKd/0yNtI8kHAYwJeC1B7dO7+nIS1sbERf0Vt2O+Eng9U3jC8Mywp1yEAgZoS8FaAkp/7YgPJL4oio33AUcYqDMN4ydxqbZoQCY6CjDQQqB0BLwWYlp9G5eHDrXi/TsejhCC4Eidrt3etAEOjR2fiCH5UQIAqIZCPgHcClPxcWc3NzcX7fZoBjoNQ+3pRtN7JooemtSRW+Z1IDiAAgVoT8E6Ad+8eLF2TUbl16/ZYM78knz6DIDC6w6tjhbadDUquLIlFgwCB+hPwSoDa83NnaEGwPNINj0HDmJ4JSoKh3R/88svfx3uEg/JyDQIFEKCICQh4I8DQ3qhw5afn/CJ702MCdp2sQWomqAuPHz82rVZLhwQIQKCmBDwSYNgZAu336fm8TkQBB5Lg8ePHu0oK7UzQlW7XRU4gAIHKCXghQC19XdJFzfzcMiXVCxcuuFHxsfYc44MCf2iZrVBgkRQFgZkkMGmjvRCgOwvTTQstfycFl5X/66//3POVN9U9qayUP7RLeN1gOXnyV0Z3m93w+ee/NQoS/enTp42+2aJw6tSv47TKp6C2rKysGJWV1X7iIOAbAS8EGNibHRpYzdJ000LH0woSbLrs3d12OmroeSK9RHShXU7rUZv379938iqNwsuXL42CBPfmzevO9b29vfhGjPIpSJCbmy0rwDC++RNaqSpPJwMHEPCMgBcC1JJXf5VNYdrjG9gbIhKtW884b5CW0CQmiS+00tO5W1ZRx0+e/D0WoaSoujRD5KZNUXQpZ1YIzLQAx4GcltI4ecdNe+bMma4sr1//p+s8fSLxhHY2trj4WbxkDa340ml0rj4sLy+bhYUFnRYWJFnNEPX6f7WlsIIpCAI1J+CNAMsch/v37xt9wySpUy9YkGR0vrW1ZSX3mTlx4tPOXp3EI+m1271LZf0BJs0qtbRut3fNgwcPzKtXr1RUT5Agle7Ro0dGs90oWjcKgd0CSPY9jx492pPPjdjYuOeecgyBRhNAgFMa3mvXrnWVnMysbt++bffl2mZ/f7/runty5MgRK8f5OEp7esorQcYRGT8kOIlO0tMe59mzv4lvxgR2Oa4QRVH8db+9vbfm2bNn8bdXlpaWMkoiCgJ+EUCAUxpviUczsqR4CaxtZ3Bzcz9Lovp+fvjwwezZGxh9E9gL8/Pzscj2rNQkONVnozP/q97QLrGT/b7QLrGfP3/ek/bYsY/NrVu3euKJgEBTCSDAKY2s5Je8MSapQjM5CUbPC546dSqJHutT5UbRur3r+y8rwBsD87atcEMrvvPnz8c3PLLu+Kq8wC6RtXTe2dkxmj0OLJSLEGgQAQQ4xcEM7BJUgkmquHdvIxbMN9/81Tx58o/OPp3kE1gJKSi9gvJoKaxPBcUpnZa5gS1Xcf1CIr7FxcVYfO5yW+UEti5JVLNHlRfZJbKWzv3KIx4CTSWAAKc4sgeyOXhvoKr58cf3Vkj/f4P0wXW9UeaGvVkRxUFCUpCcXr9+Y5fCb+OguGGSSotPdSZBy9tEoBJeMESiSb56ftIqCBRDAAEWw7FvKZLWyZMnO9dbrU17E2S3c17EwSDxSbISn5a3aksR9VEGBJpCAAGWMJIt560wB7K6m7tW5ddenvb29PCylrlnz561M8uwp0yJb5SZY09GIiDgCQEEWMJAaxaWPIen6vTQsSSm41GCpCfhSXYKupsb2ju5KkfXdNfYLUfi0xKaGZ9LpTHHdKRAAgiwQJiDitK+m3v96tWrQ5fC33//T3P16h+MpCfhSXZuGe7xvPNYDOJzyXAMgf4EEGB/NoVe0SxQM7Ok0Hfvfhj4wlQtby9evGj0rY4kT9ZnUu7Ll8Mfi8nKTxwEfCaAAEscfd15nZub69SYNavT0lhLXC1vOwlTB4n0tL+nwIwvBYjTxhIoumMIsGiiA8qTuPRHmNwk7g2SRH76dNPoWHk1g9SbrBPpKU7XCBCAQD4CCDAft9y5NAt0xXX//l86+3ya+WUVvLKyGj80rZmeezMlKy1xEIDA6AQQ4OisCkupmVxSmPYCtc+XdYND6XQ39+bNm0lyPiEAgQIJzJQAC+z3REWF4Z34zqxuVChoGZu1bO1XSXoWmJVOS13N+LKuEQcBCBRDAAHm4BiGYfwIi25UKOh9flq+6nEVBQlRj7AMKvrhwy2jr6el00TRevzVN5a6aTKcQ6B4AggwB1NJKktQ7fZuLEYJUY+wSIYSY2hnjOlqtA+or6dppqegGxta7mp2mE7LOQQgMB0CCDAHV0kqkZZkqL26fkLU0ji0M0bJUMtlvRHarVL5FCREN77nmAgIQKBwAghwAqSSlmSovTpXiFnv+tPsUMvlr776o0n+XKWWyhLkBE0gKwQgMAEBBDgBvHTWRIjuu/6CYDmdzO7xHfy5Si2VtUROZoeSoUSZzpAVl07DOQQgMD4BBDg+s5FyJDKMoih+hi+K1o37Wiy3kLbdO9TsUDLUm130R80lRTdIjm4ev47pLQSmQwABTodrV6mJDJ8+fdaRYdbMUJmSN7tIiklQ/N27va+7UjwBAhDITwAB5meXK2ciw+hwZqi9Q8lQN0L0JzDd1+C7FVy5ErinHEMAAgUQQIAFQMxbhGQo8UmGEuH29rbRa/D1SIzOo+jg7/rqPOAV9nkxz3o+2j9FAghwinDzFp2IUdJT0HnessgHAQj0J4AA+7PhCgQg0HACCLDhA0z3IDDLBKbddgQ4bcKUDwEI1JYAAqzt0NAwCEBg2gQQ4LQJUz4EIFBbArUWYG2p0TAIQKARBBBgI4aRTkAAAnkIIMA81MgDAQg0ggACrOsw0i4IQGDqBBDg1BFTAQQgUFcCCLCuI0O7IACBqRNAgFNHTAXjEyAHBMohgADL4UwtEIBADQkgwBoOCk2CAATKIYAAy+FMLRAYlQDpSiSAAEuETVUQgEC9CCDAeo0HrYEABEokgABLhE1VEIDAYAJlX0WAZROnPghAoDYEEGBthoKGQAACZRNAgGUTpz4IQKA2BGolwNpQoSEQgIAXBBCgF8NMJyEAgSwCCDCLCnEQgIAXBBBgXYaZdkAAAqUTQIClI6dCCECgLgQQYF1GgnZAAAKlE0CApSOnwl4CxECgGgIIsBru1AoBCNSAAAKswSDQBAhAoBoCCLAa7tQKgYQAnxUSQIAVwqdqCECgWgIIsFr+1A4BCFRIAAFWCJ+qIeA7gar7jwCrHgHqhwAEKiOAACtDT8UQgEDVBBBg1SNA/RCAQGUEKhVgZb2mYghAAAKWAAK0EPgPAQj4SQAB+jnu9BoCELAEEKCFUMl/KoUABCongAArHwIaAAEIVEUAAVZFnnohAIHKCSDAyofAxwbQZwjUgwACrMc40AoIQKACAgiwAuhUCQEI1IMAAqzHONAKfwjQ0xoRQIA1GgyaAgEIlEsAAZbLm9ogAIEaEUCANRoMmgKBphOoW/8QYN1GhPZAAAKlEUCApaGmIghAoG4EEGDdRoT2QAACpREoVYCl9YqKIAABCIxAAAGOAIkkEIBAMwkgwGaOK72CAARGIPA/AAAA//9OwTMAAAAABklEQVQDAH7t8aU3o3ipAAAAAElFTkSuQmCC', NULL, '2026-02-03 20:48:41', '2026-02-05 14:30:59', NULL),
(3, 2, 'Juan García', 'FUNC001', 2, 'Residencial Norte', 'OB-002', '2026-02-16', '{\"mon\":{\"normal\":5,\"extra\":5,\"noturna\":1,\"fecha\":\"2026-02-16\"},\"tue\":{\"normal\":1,\"extra\":2,\"noturna\":2,\"fecha\":\"2026-02-17\"},\"wed\":{\"normal\":0,\"extra\":1,\"noturna\":1,\"fecha\":\"2026-02-18\"},\"thu\":{\"normal\":1,\"extra\":0,\"noturna\":0,\"fecha\":\"2026-02-19\"},\"fri\":{\"normal\":0,\"extra\":1,\"noturna\":0,\"fecha\":\"2026-02-20\"},\"sat\":{\"normal\":2,\"extra\":0,\"noturna\":0,\"fecha\":\"2026-02-21\"}}', 0.00, 0.0, 0.0, 0.0, 'aprovado', NULL, '2026-02-03 20:54:02', '2026-02-03 20:56:36', NULL, 1, NULL, 'data:image/png;base64,iVBORw0KGgoAAAANSUhEUgAAAUAAAACWCAYAAACvgFEsAAAP3ElEQVR4AeydTYhd1R3AL0VIIQvB0lkI6VpoFoJZjau6izQlWeW5aRZCBIvZxU2zcGE3Xld3qJBACorFDBaSVQIV4koxoGAhgusZcDFSIcFAA5b2/u7kPM+8efM+z33vfvzE8+73+fidmV/+55z33vzixx8f/c8kA38G/Bno48/ALzL/k4AEJNBTAgqwpx1vsyUggSzrtQD9AZCABPpNQAH2u/9tvQR6TUAB9rr7bbwE+k1AAfa1/223BCTgHKA/AxKQQH8JGAH2t+9tuQR6T0AB9v5HoI8AbLME9gkowH0OvkpAAj0koAB72Ok2WQIS2CegAPc5+CqBvhCwnREBBRjBcFcCEugXAQXYr/62tRKQQERAAUYw3JWABLpNYLR1CnCUiMcSkEBvCCjA3nS1DZWABEYJKMBRIh5LQAK9IdArAfamV22oBCQwEwEFOBMmb5KABLpIQAF2sVdtkwQkMBMBBTgTpg7cZBMkIIFDBBTgISSekIAE+kJAAfalp22nBCRwiIACPITEE90jYIskMJ6AAhzPxbMSkEAPCCjAHnSyTZSABMYTUIDjuXhWAl0hYDsmEFCAE+B4SQIS6DYBBdjt/rV1EpDABAIKcAIcL0lAAu0mMK32CnAaIa9LQAKdJaAAO9u1NkwCEphGQAFOI+R1CUigswQ6LcDO9poNk4AEkhBQgEkwmokEJNBGAgqwjb1mnSUggSQEFGASjA3MxCpJQAJTCSjAqYi8QQIS6CoBBdjVnrVdEpDAVAIKcCoib2gfAWssgdkIKMDZOHmXBCTQQQIKsIOdapMkIIHZCCjA2Th5lwTaQsB6zkFAAc4By1slIIFuEVCA3epPWyMBCcxBQAHOActbJSCBZhOYt3YKcF5i3i8BCXSGgALsTFfaEAlIYF4CCnBeYt4vAQl0hkCnBNiZXrEhEpDASggowJVgthAJSKCJBBRgE3vFOklAAishoABXgnkFhViEBCQwNwEFODcyH5CABLpCQAE2qCd3d3eykyd/mz333HPZZ5991qCaWRUJdJOAAmxIvyK8F154Idvb28t++OHf2bvv5g2pWRuqYR0lsBgBBbgYt6RPIb9Lly4dyPPEid8cOPZAAhJIT0ABpmc6V47Ij2iP4e+xY8eGz25ubg733ZGABOohoADr4TpTrsiPyI8tEd/jx4+Hzw0Gg+G+OxKYQMBLSxBQgEvAW+bRPH8ne/XVVzMivzfeuFRtQ36DwSth160EJFAjAQVYI9yjsibqy/P9RY6bN29lW1vF8Nann346K4qfj4cX3JGABJITUIDJkR6dIdHeuXNnsxs3PspefPHF7JNP/pltb28feOD06ZcPHHsgAQkcTWDZKwpwWYIzPs88H29zYYv8iPx2dnYrGcZZGP3FNNyXQL0EFGC9fKvc83K+j8iPg6LYypDf7u5OFs5xnsQ1tiYJSGA1BBRgzZzDfB+rvIhv8GR1l/Nx0USF4Vp83n0JSKA+Aq0W4KJYiL6IykiL5jHtOcogwmO+D/ndunWzmvfjOc4zFGafxHXkyL5JAhJYHYHeCBAhITzm4Uh5uQpLunHjRnLayI0y2BLZffXVVxmSoyDOkdgPqXDVN6BwK4GVEuisABHelSt/rubZNjZ+nSEkhMf5mPCJEyfiw6X382i+7/Lly9V8X5wpn/qIj4n8kGR8zn0JSGA1BDonQKIrZEe6du3a2G9VIRpDTnt73w+HpcviRqwMbfMysiR/xHb58psHss1LOVK/cJI6LCy/kIlbCUhgYQKdEWAQEBJif5QIUkI4DEdJo3IavX+eY8o7e/ZcJVvKief74nyuXr02PER8KeswzNgdCUhgZgKdECACIuKLo6tA4Pjx41kQH8JBUOFaii1RHWVTh1DOuDK47+HDB1WRGxsbh4bG1QVfJCCBlRJovQARCwIaR+3ZZ5/NPvzw76UADw5Fx927yDnKzScMeUOeyJH7wnEcCYZzbuch4L0SSEOgtQJEKgx3Y7EEJERgzMF9/fW/ks3xhbzZMsRlYYU6DAavZAypGdJybVyK3/PH/ZPuHfe85yQggXoItFKAvHWF6Gt0yPvMM7/KimJrqpAWRUl5yOzixYvZqVOnqmFsMeUtLDxDCmVOuz/c51YCEqifQKsEuPvk42OXLr1xiAxS+vbbb7PBk09aHLphyRN5uYJLxMkbmwdl1Hf79p2ZokuEGYpmjjDsu5XAggR8LCGB1giQKGpc1BeGu2+//ZeEWH7OinIRX17O9XG2KLbKKHO2r6siUt0tpc1z1JNFGPZNEpBAMwi0QoBEUUhoFBmR2LT5t9Fn5jnOn0R9SJB5O8oazBFh5k+kSZlGf1AwSaBZBBovQMTHsDPGRjTFIkcxZf4tfmaefaI2yg0CG5RDXsqj3FnzGY3+BnOIc9YyvE8CfSOQur2NFuBLL/2uenNx3GgiKSIxIrL4fKr9vIz6wlAb4SG+RUS7vf3zZ4ypc6r6mY8EJJCOQCMFSPTE20zu378/bGmQUV3zaAxz46gPwfJ2F7bDSsy4Q14kbqfeRn+QMEmgeQQaJ0Dm++JV3qeeeqpcdKjvrS10CWUivyAtoj4S8uL6vGk7+pp7o7956Xm/BFZHoDECZN6NoWc830f09fHH/xi+tSU1FoQXl0l5KYbXcRuM/lL3mvlJIB2BRggwzLshwdA0IieiMKQUzqXaUg4RH4l98i2K/a+qXzTqIw/Se+/9lU2VaEO144sEJNBIAmsV4O7u/t/FyKO3i0AJ8dU118dwl6iP6I+yBuUKL1+LNUi0Snv9+t/Itkp1taHK3BcJSGBpAmsTIAKKRURLiPaQEVuOU6a8XN1lYSUMTykD0RYJ30qD0EnUO3n0R6YmCUggKYG1CJBVXoafcUuKYn8IGp9LsY9oKSuPosxQFhJMUUbIg3aF/VQRZcjPrQQkkJ7AygXIEDRe5UVCLDykFkYQH/JjH3SIjwgzdVnkTQqSZR6RxDmTBCTQXAIrFSAyCkNQkDBMZBiaUhb37n2RIVnKCuIbJJ7no+6j6WD0d370ssdLEfBhCdRDYGUCjIVEUxBfykWC3ScLKmfOnMmCZBEf0WWRcJ6Puo9LlB/ODxItqIT83EpAAvUQWIkAz5z5/fAjbWHIyzZFkxAPco0XVE6ePDn8rr6U0eWk+jr8nUTHaxJoJoFaBcgQFDHdu3evav2ZM3+oxJRCSuPER74Mq+/e/XSm7+qrKpXghbqEbAYDh7+BhdskBMykRgK1CRD5EZkFOSCm69evL92UkC9iZT9kOCjn+RjuphxWh7ynbQ/O/w2m3e51CUigIQRqESBiQn6hjUWxtfQfJtp9MsdHvuQf8ibqI/9iBfN8oczRrcPfUSIeS6AdBJILMKzAhuYXxdZSn+XN83cyoj1SLD7yJ6ok6huscdHh6tWrVKVKfRn+EvHyDxHbquG+SKAmAnVnm1SAyC+swLLIsaicdstoD/HxyY08zzOOYxBEfalXkeP859n/5ptvqtuPHz++dJRbZdSCF97HyT9G29F3Hrag2lZRAocIJBPgfkTwUVVAEBTb6sQML0guj6K9vBTf6GPkF6I+BDt6fdXHSCAI//XXX1918Wsrj35YW+EWLIGEBJIIkKEQMqBe/HIQ+bE/LQXpEekxxEV6nBt9jjyD+NaxyDFan3C8HX3v3+bmi+F057ehj3Z2djvfVhvYbQJJBPjBB+8PKfEtysODMTuIkiFULL0xt1Wnmiq+qnLlS4j+iEZJ5Sn/l4AEWkQgiQB3dnaqJjMPRjRIQnQk9vNyaMsQGemx5Vz1wJiXWHpEkk2K+OLqMt8Zjs+f7+dbX0IkGDi4lUDbCCQRYJj/evToUZaXc3dEeIiOxD7nkOFRcIL0WNgI0uPcUfc34XyI/qjLOlehKX/Vqel9s2oeltdeAokE+KdyBfTyzBROnTqVnT59unqGb2cJ0mvLMDKO/nibz8wNn+dG75WABGonkESA1JKhKiIjimPBIk5IgvNcR3i3b9/J3n//g1KAb/JoqxLDvj5Hf63qLCsrgSkEkgmQchgaEcUhwzgxROQ817mvzcnoL8sePHjQ5i607hIYEkgqwGGuHd25devm8FttkDli72hTJzbr4cN9AbLoNfHGhS/6oARWQ0ABzsH5rbfequ4+duyXWbHGzx5XlVjTS7yC//zzz6+pFhYrgTQEFOCMHBn6fvfdd9XdrGwzpK8OevayHX38jSi4Z823uR0joABn6FDkFxY++KVnfnOGxzp3C9Ff/Ham8+f97sMaOtksV0hAAU6AzYov72UM8tvY2MiuXLky4YluX/r888+HDeRbt/saBQ8huNN6AgpwQhdeuHBhuOjBvN/e3l722msXszx/Z8JT3b3EG91D6+7fv3/oW3rCNbcSaAsBBXhET92790XGL3m4/Pjxf8JuFkdCw5M92OFvu8TNPHv2nBKMgbi/NIFVZ6AAjyD+00//PeJKlm1ubh55rcsXEN5g8MqwiUwR8C0+8bzg8KI7EmgBAQV4RCcxv8WnWVj0IPGLXxRbGZ9m6esiCKiKojj0B6eYJyWxSLK7u//FGNxrkkDTCSjACT2E6BAeiV/8wWCQIcMJj/TiEh9rHOVAFMjbg4gIX375dHbhwh8zhMj5WaXIfaReQLSRjSDQKAE2goiVmIkA/ygMyuHwqAh5+Msvv8zu3LmTIUQiQ6QYp/gcX5EWUnwP+ZgkUDcBBVg34Q7nT1TMxwOPEmHcdCK7kEJUyHF8T9jnPCkcu5VAXQQUYF1ke5IvESAiJCJkaMy8Ke8RnLf55ENCpkWx5VTDvAC9fyECCnAhbDU81IEs9xeO3szu3v0029v7vlowClJEjFwnITkS55Ad8gypKBdZBuVcawdw2IQWEFCALeiktlaRiA7hsZhEQoYkJEfiHLLjvra20Xq3m4ACbHf/WXsJSGAJAgpwCXg+moqA+aQgwEc0WVFnmyK/PuShAPvQy7axFwTyPK/aeePGdrX1ZToBBTidkXdIoBUEinL1fH/OdfY/UNaKhtVYSQVYI1yzlsAMBJLdwoISi0xsk2Xa8YwUYMc72OZJQAJHE1CAR7PxigQk0HECCrDjHWzzJNBkAuuumwJcdw9YvgQksDYCCnBt6C1YAhJYNwEFuO4esHwJSGBtBNYqwLW12oIlIAEJlAQUYAnB/yUggX4SUID97HdbLQEJlAQUYAlhLf9bqAQksHYCCnDtXWAFJCCBdRFQgOsib7kSkMDaCSjAtXdBHytgmyXQDAIKsBn9YC0kIIE1EFCAa4BukRKQQDMIKMBm9IO16A8BW9ogAgqwQZ1hVSQggdUSUICr5W1pEpBAgwgowAZ1hlWRQNcJNK19CrBpPWJ9JCCBlRFQgCtDbUESkEDTCCjApvWI9ZGABFZGYKUCXFmrLEgCEpDADAQU4AyQvEUCEugmAQXYzX61VRKQwAwE/g8AAP//DZ3VlwAAAAZJREFUAwDNWJa0u/14tAAAAABJRU5ErkJggg==', NULL, '2026-02-03 20:54:02', '2026-02-05 14:30:59', NULL),
(4, 2, 'Juan García', 'FUNC001', 2, 'Residencial Norte', 'OB-002', '2026-02-23', '{\"mon\":{\"normal\":1,\"extra\":5,\"noturna\":5,\"fecha\":\"2026-02-23\"},\"tue\":{\"normal\":1,\"extra\":2,\"noturna\":2,\"fecha\":\"2026-02-24\"},\"wed\":{\"normal\":2,\"extra\":2,\"noturna\":2,\"fecha\":\"2026-02-25\"},\"thu\":{\"normal\":3,\"extra\":3,\"noturna\":3,\"fecha\":\"2026-02-26\"},\"fri\":{\"normal\":3,\"extra\":3,\"noturna\":3,\"fecha\":\"2026-02-27\"},\"sat\":{\"normal\":3,\"extra\":3,\"noturna\":3,\"fecha\":\"2026-02-28\"}}', 0.00, 0.0, 0.0, 0.0, 'aprovado', NULL, '2026-02-03 21:00:49', '2026-02-03 21:02:31', NULL, 1, NULL, 'data:image/png;base64,iVBORw0KGgoAAAANSUhEUgAAAUAAAACWCAYAAACvgFEsAAAQAElEQVR4AeydX4gV1x3HT/IaiGCokCUbamlAqGCoCxYXAubNgK3SBEdSmjcDFn3KzUuVCjEvTiAwSw0G7FNKN08KFoUGUgi4VEhAIQ8WSy17yworEQLxIRBo5zPX33ju7N3duXfvnTl35iv+ds6cOXPO+X3Ome+cOfPnPv3dd4/+JxMD9QH1gTb2gaed/omACIhASwlIAFva8HJbBETAuVYLoDqACIhAuwlIANvd/vJeBFpNQALY6uaX8yLQbgISwLa2v/wWARHQHKD6gAiIQHsJaATY3raX5yLQegISwNZ3gTYCkM8i0CMgAexx0F8REIEWEpAAtrDR5bIIiECPgASwx0F/RaAtBOSnR0AC6MFQUAREoF0EJIDtam95KwIi4BGQAHowFBQBEWg2gaJ3EsAiEa2LgAi0hoAEsDVNLUdFQASKBCSARSJaFwERaA2BVglga1pVjoqACJQiIAEshUmJREAEmkhAAtjEVpVPIiACpQhIAEthakAiuSACIrCGgARwDRJFiIAItIWABLAtLS0/RUAE1hCQAK5BoojmEZBHIjCYgARwMBfFioAItICABLAFjSwXRUAEBhOQAA7molgRaAoB+bEBAQngBnC0SQREoNkEJIDNbl95JwIisAEBCeAGcLRJBERguglsVnsJ4GaEtF0ERKCxBCSAjW1aOSYCIrAZAQngZoS0XQREoLEEGi2AjW01OSYCIjAWAhLAsWBUJiIgAtNIQAI4ja2mOouACIyFgARwLBgDzERVEgER2JSABHBTREogAiLQVAISwKa2rPwSARHYlIAEcFNESjB9BFRjEShHQAJYjpNSiYAINJCABLCBjSqXREAEyhGQAJbjpFQiMC0EVM8hCEgAh4ClpCIgAs0iIAFsVnvKGxEQgSEISACHgKWkIiACYRMYtnYSwGGJKb0IiEBjCLRaALvdZYedOnXSHTlyOLO9e/c6M+JOnTrlsFdfPeCwHTt+5DDSvPzyniwujs+7GzduNKZTyBERaAuB1gkgQoWgIWBmi4uLmYCxDUE0Y31x8S8O+/rrrx1mHYM0KysrWVwcx7l4mmiSJ0Y620dLERCBsAg0SgDXQ4sIxekojZEbAoWgEbde+lHjydNEk1ElZiI7ap7aTwREYHIEGi2ACBLChwjF6ShtEMbZ2Rfd9u3Pud27d7v5+fnciLf0MzMzFhxpST2wkXbWTiIgAhMj0EgBRGzidMQ3SPgQtk6n47DV1Qfuq6++cnfu3HGff/53d/nyldyIN7t167aztEmykKchfPXq1SwPS8uSfNhGGVF0LCuLcifWispYBERgJAKNEkAuPxE9LC6M+BAgBAmB6nTeTUXp3U2BsQ9mCQlHUZSPEgnv2/cLR7xvjCTZRjlJkpQqy8oYeakdp5pA9/ENuZs3/5HOOS+6OD2BM1eNMW1DnzZjbnmqnQ2o8o0QwIsXL7o9e/ZkNyLoSMYXUTp+/Hg+QkOQnP6JQM0E6KOIGCJXFLdDhw455o7j9ATOXDXGiZ19zJaWlmr2oDnFT7UA0onoQGfOnHb376/0tYqN9s6dez8bofVt1IoIVEjAhCtOR3U2ijORM3ErUx1O6NjRo0fLJFeaEgSmUgARPjoSnYgO5PuJ8DFfp9GeT6Xp4fD8Q/QQPC5h6atYnI7qiN+ottu2bctuyNGPk6Q338y0DX2aJcYUy0Z5aFt5AlMlgPHjMyjC103nTHw35+bmsktdCZ9PReGqCNAf6Z9ckfC4lQkel7CD6sBIDiGL0ptkCB2GuN29+6/shhz9OHo830zaQXkobusEpkIAGfHRqeIBZ1A6EXddr127rkvdrfcH5TAEARM9+qYJXvGKxLLjMaviqI5+m6Q3yRA6TEJntKpbBi2AdCbOqIz4ikii9MxJB8IQweJ2rYvAJAiY6CF4GCflQeUgZgge/ZPLVx6z8kd1g/YZMU67bYFAkAJoneyNN17PXlHz/UP4uFTgzCnh88koPCkC1h/37duXvSeO6BHnl1cUPPooghdCH6WuXEWx9OussHPBCWD8eJ4vTi93f/jhh7yNED7OpAgfnS3foIAIjJkAQhGn/RDzL2/v3ft3XhJ9kD7JKA+xw0IRvLySaQAfGKlyFXX48JE0Rv99AsEIIGcoOlucCp9fwffeO5fd3ED4/HiFRWCcBEz0mHJBMOiHmF8Gr0SePHkqexMIwaNPInqIoZ+u7rD5UjyeiMfqrt84y99qXkEIIJ2OM5TvDGdWRnxvv/22bm74YBQeKwFOvPaoCoLHvLNfgI3y6Iu8EnnmzJnsTSA/TQhhhC1OR618ss0EvFgvhBorxrd5vXYBpPP5nY4GYuKYM2ubG0a+T5YA/W7Xrl3ZWxf+oyr0P06+SbKQvf+dpHdpQ+yL3e5y/rocIz0TPf+TbUYQnzimGLVanJY9ArUK4Ftv/db5nY+ORyOFMHHcw6O/TSLAiZarDQSDfvfw4TeZewgEfc9EAsGLoijbFsIfX+wQutnZF/KbMfixXh19n3RMDaZUmwByBr5+/XpeKzofHS+PKBFQEhEoS4DLQ8QPEbR97Nk8Trr0vVBEgjpyfLz22kG3c+eP+8QOMfz+++/NhTXL55+fccxTcskekk9rKhpIRC0CSAP7Z64kWQhyXiWQNlI1tkgA8Yu9m2sIHSdcezZvi9lveXd/HpLRKULN8fHll1+6R48ebZq/jWAR8tu3bzvmKTfdSQkyArUI4KeffpoVzp8oOuaigC43qJOsWQS63f/mDiF8GCKYR9YQMNFD8LgBiOB103m9MlXhecSjR6PsbjQjPYSP0R5CWGZ/pXlCoBYBZARoVeh03rGglsMQUNrSBJLsRkYnE4wQhI95PBO9zZzga+V8IguRwxC8q1f/6hYWdNW0Gbsy2ysXQD74WPZMV8YBpRGBMgQYIdUpfvT7l176aXbXuUz/j9IrIwSPr5VfuvSn7FEwjfDKtPRwaSoXwC+++CKv4c6dP8kaNo9QQAQaSIDLXUZx33777YbeIXpcnjPKY9QqwdsQ11g2Vi6A/mT066//eixOKJO2EZgef7mhweXuejVG9JLkyTOHdY5S16tjk+MrFcA4Pt/HMmrwzQ/O+v5cZ5/jWmkFAcRvvT7Q6XTyB62bfBy4wP9VKoCLi0/u/jK8xwLnM1L1EHrO+hwA3ZJ39kYqSDsFSQDR4+4uS6sgfZ2RHr8iyCUuc5K2Tcv6CFQmgAgBZq5yBrSwlu0jQF/gRNG7I3qqMQB4gJkTn+8QfZ0bGoz0+BVBf9sIYe0yRgKVCeDi4mJftekMfRENXVle7jbUs9Hc8oUvjmPHuj0Dx4gJGy3n+vdCzPHFahI9vpOr0Z4RCW9ZmQD6QsArSOGhmEyNul0JIGS76VRAnM4BIxJxKnzEmTFCIszICSueLNk2TWaXu0mS6CmHwBuuMgF86qmnchQHDx7Mw00PzM/vb7qLG/q3nvAhEgifzYf5osc+G2Ya6MYrVy47fGIZNfgGX534x112ZQLoXxrQ+cftSEj5LS0thVSdWuoSp6M9xL844qPtEQnmxPxLw9gbFfrxtVR+xEJ7vr2rUd+I/OrYrRIBnNYz+jgaxL/0H0d+IedBO8ep8HEHNE4F7e7du3l1e+LQyb7uXRQ49rOEUTpvZmEtRWDSBCoRwKIIzM7OTtqvWvMv+ltrZSZcOOIVp6LHSA+LU+Hzi3zzzd9kolcc8flp4viDfHV29oU8rIAITJpAJQJYdOLFF0cTwGI+07Duf/lmGupbto5xKnrcsDDRQwhtXxvtMb/34YcfbnhJyH7+9EikuTPDqGUFBGoRwAr8CqYIDm5ehA+mQiNWBKFC9A4f/pWzS1z/kRUTPUZ6WPEyd71ieW7OtpEHZutaisCkCVQigPPz85P2I6j8Z2ae76sPP+zki0XfxoBXTPQY5WFxennr3+BBrLihwQv8JnrElXWJu6U+lyg6WnZXpROBsRCoRACp6bPPbmORGa8DZYGG/tmzZ0+fZysrK47LReL51a44vXzkwEdg+hJutFLBNupD3TBGeSZ6xFvxfHL9+PHj2bf1TPRGOcGRJ/lYviw3+1oKaWQiME4ClQng3NzevN537vwzDzcxwIhvkF/37684frUrTkdSCCICY8alIBan4sgzcQgkhlAMymscceRNWZRp9YjTumF+/ozqGOkheHxy/dy597f8EwaU65dB+ODB11jIRKAyApUJ4OHDR3KnOLDzlQYGEIwkWSjlWbe7nL8Oxnwh4mMfUjCRtNEYAonFnkiy/2YFkQZDdNiXUeiTPE+6OBU9tvv54AOihx8IH3N6xPlpRg1TFmX6+5P3KCNJPw+FRWBYApUJ4Kz36AsHADZsZacpPXczmRsb10ENLwQSQzxMJBm5IWbY7t0/cxhxGHEYYYx92JdR6CCWiBCiR71N9PBjUNqtxPmPvVg+G8//WSotRWC8BCoTQISAA8yqf+NG89+WwGcTE5YYwoIhNGzHfC6E5+bm3DPPPONmZmYMV6nl6uqqwxBLbKOd+Bo3dcAY5a2uPsie12OkR5022ncr26gXIu7ngc+U68cpLAJVEKhMAHHGf/7Pv5vItiYbBziighHGOOARRAxBRIAwwteuXXf37v3H3bp1OxW0njARj1BhUXQsm4NjaUbe3KDgQxMWRznEs47QYZRHOTdv3nTUAYsqfPbuxIkTa5o6SZI1cYoQgSoIVCqA/JSfOcUogNGArWu5PgGEDEOoMAQDIWNpxjo3KPitW4tDNIlnHaHDEMT1S5rsFuZ+EV6/FOpXZ538ugQaVrUmSKBSAeTg5UA2f5iUt7CWzSfATR3fy7Nnz2YjWT9OYRGokkClAohj/tmeCXmNAqHSfCuKX5Rexp848bvmOy4PgyZQuQB2Ou/0vRs66I5g0MRUuaEJMNLn8tffkX7gryssAoMITDqucgHkEth/5IG5QA6QSTuq/OshwAifx2/80pNkoe8k6G9TWASqJFC5AOIck/E85kEY41K4OEIgXjb9BHhw2/eCKZCowrvOftkKi0CRQC0CSCU++eTPLDLrdpcdB4pGghmOxvzhpIaZQ4z+uetr61qKQN0EahPA3kjgWO5/TwRPZh8NIMwG2XQT+OCDuM+BRM/79fHQSv0EahNAXGciHCEkbMaI4ZVXXnFxfN6itJxCAhcvXnS0pVU9SRb0yIvB0DIYArUKIJdESToq6HQ6fUAePXqUCmDseH/VP4j6EmklaAIffXQhr9+hQ790mvfLcSgQEIFaBRAOiCA3RXhroXiQdB/PDTIaJEz61tgUO0p78Q1EXNixY4e7dOkSQZkIBEegdgE0IghhkixkL+QTtvhuKoJx3BsN7tq1K79ZwsiQbZZOyzAI0Ca0l9Xm9OkzFtRSBIIjEIwAGhnEj0+lFy+L2f7w4TeO5wZ5row3C7hEts892ZK43iehfp6JJXeXzeJ0XhHT3WZoTsZgbTnTlsVRvW3TUgRCIBCcAAKFA+fJZfGTO8VsG2SMOohnMc+jNAAAA+RJREFUia2urrput5uJJYJpFqcjSQwBZQTJPrLxEeDE4nPlRDZa7tpLBKohEKQAmusIYZLeJGF+EGNUWLxrbGmHXSKQw+6j9BsT4ORiKWgr2s/WtRSBEAkELYAGjAMJY1TIg7SIoVmSLDiMA86MH9vBouhYevfxWN9rV718Oml8ZNlrOQYCFy5cSEfdy3lOtFW+ooAIBEpgKgSwyA4RM4uiKBMzDjgzfrQHS9LRI4ZYrq4+yD8uSrpinlrfGoELF/6YZ8CJKF9RYFgCSl8hgakUwAr5qKgSBJj7W03nXS2pTjBGQsvQCUgAQ2+hKagfN5Wsmkk6JWFhLUUgdAISwNBbKPD6Mfrzq8iUhL+usAgMQ6DqtBLAqok3rLxz597LPYrSm075igIiMAUEJIBT0EihVrHbXU5vLK3m1Ttw4EAeVkAEpoGABHAaWinQOi4vd/tqNje3t29dKyIQOoGgBDB0WKpfP4GlpRt5hD2WlEcoIAJTQEACOAWNFGoVl5aW8qqN6w2dPEMFRKACAhLACiA3sQjm//z3fvfv399EN+VTwwlIAENp4Cmvx927d0fyACHFRtpZO4nAFglIALcIULv3CCwsJNnnx3gukJGhb8TxrvDp0793cXw+S8fnzPxPmPEZM/bp5aa/IlANAQlgNZwbVwo3PbZvf67PLz47xlshiJtvxJ09+wf38ccfpwIYZ58pK4odo8But/+ucl/mWhGBCRCQAE4Aaluy/Oyzv7miCI7mu8u+2DM/r3nEUflpv9EISABH46a9UgKMAhFBvv5COI0q/Z/0GPvaJ85YL52BEorAGAhIAMcAsc1ZIFp8/eXKlcsOIUPQeCUOI8zHEYjH+CwZtrr6IPvtF8LsOz8/32aE8r1GAhLAGuE3qWiEECFD0JLH32EkHEVR9nvAbCMN1iS/x+CLsqiRgASwRvgqWgREoF4CEsB6+at0ERCBGglIAGuEr6JFoO0E6vZfAlh3C6h8ERCB2ghIAGtDr4JFQATqJiABrLsFVL4IiEBtBGoVwNq8VsEiIAIikBKQAKYQ9F8ERKCdBCSA7Wx3eS0CIpASkACmEGr5r0JFQARqJyABrL0JVAEREIG6CEgA6yKvckVABGonIAGsvQnaWAH5LAJhEJAAhtEOqoUIiEANBCSANUBXkSIgAmEQkACG0Q6qRXsIyNOACEgAA2oMVUUERKBaAhLAanmrNBEQgYAISAADagxVRQSaTiA0/ySAobWI6iMCIlAZAQlgZahVkAiIQGgEJIChtYjqIwIiUBmBSgWwMq9UkAiIgAiUICABLAFJSURABJpJQALYzHaVVyIgAiUI/B8AAP//iSzoPAAAAAZJREFUAwDogFHhMDGnwgAAAABJRU5ErkJggg==', NULL, '2026-02-03 21:00:49', '2026-02-05 14:30:59', NULL),
(5, 2, 'Juan García', 'FUNC001', 2, 'Residencial Norte', 'OB-002', '2026-03-02', '{\"mon\":{\"normal\":1,\"extra\":1,\"noturna\":1,\"fecha\":\"2026-03-02\"},\"tue\":{\"normal\":1,\"extra\":11,\"noturna\":1,\"fecha\":\"2026-03-03\"},\"wed\":{\"normal\":1,\"extra\":1,\"noturna\":11,\"fecha\":\"2026-03-04\"},\"thu\":{\"normal\":1,\"extra\":1,\"noturna\":1,\"fecha\":\"2026-03-05\"},\"fri\":{\"normal\":1,\"extra\":1,\"noturna\":1,\"fecha\":\"2026-03-06\"},\"sat\":{\"normal\":1,\"extra\":1,\"noturna\":1,\"fecha\":\"2026-03-07\"}}', 0.00, 0.0, 0.0, 0.0, '', NULL, '2026-02-03 22:47:04', '2026-02-03 22:47:41', NULL, 1, NULL, 'data:image/png;base64,iVBORw0KGgoAAAANSUhEUgAAAUAAAACWCAYAAACvgFEsAAAQAElEQVR4AeydMY/cxhmGCTcOYMCuou5UxZ2rqJBxBziIARfupEpUYxk5wJ0FxNCqiUun0biaA1QYcACl8aqSkvsNd507A07hSnTlwAIMWJ2BZB4uZ2+4t+Ryb5fkkHwFfUtyOJz55p3d576Z4XJf+/XXV/+TSQO9B/QemOJ74LVE/6SAFJACE1VAAJxox6vZUkAKJMmkAag3gBSQAtNWQACcdv+r9VJg0goIgJPufjVeCkxbAQFwqv2vdksBKaA5QL0HpIAUmK4CigCn2/dquRSYvAIC4OTfAlMUQG2WAgsFBMCFDnqVAlJgggoIgBPsdDVZCkiBhQIC4EIHvUqBqSigdgYKCICBGNqVAlJgWgoIgNPqb7VWCkiBQAEBMBBDu1JACoxbgdXWCYCriuhYCkiBySggAE6mq9VQKSAFVhUQAFcV0bEUkAKTUWBSAJxMr6qhUkAKNFJAAGwkkzJJASkwRgUEwDH2qtokBaRAIwUEwEYyjSCTmiAFpMAlBQTAS5IoQQpIgakoIABOpafVTikgBS4pIABekkQJ41NALZIC6xUQANfrolQpIAUmoIAAOIFOVhOlgBRYr4AAuF4XpUqBsSigdtQoIADWiKNTUkAKjFsBAXDc/avWSQEpUKOAAFgjjk5JASkwbAU2eS8AblJI56WAFBitAgLgFl07n88TLMtebHGVskoBKRCrAgJgw54x5lFy//6nuZ2dnTe8StmkgBSIWYFRA7At4Q8ODtoqWuVKASnQoQICYEOxs+zHhjmVTQpIgaEoIAA26Cnm/Obzb/KcBwfXk6Ojo3xfL1JACgxbAQGwQf+x8OGzpekdvxv3Vt5JASmwUQEBcKNESXJ+frHocXh4Ef0RGd6/fz+5fftWvjrcoChlkQJSICIFBMAGnXF2drbM9fHH99xK8P2ENCJDhsbss0IMEJcZtSMFpED0CgiADbqIeT+f7ZdffnHR3jd51Pf48WOfnG9fvMjyrV76VkD1S4FmCgiADXSazWbJ66//7lLOV69eldK4V5BosJSoAykgBaJVQABs0DVpmrp5wLMkTe/W5maukPnAGzduJMBQQ+JauXRSCvSugADYsAsYBltrk2+//Tax9qT2Vpgse+EAaBJAiAmGDUVWtn0ooDK2UEAA3EIssgLC1EWEz549T05PT0mqNQ/DW7du5/OGLJzUXqCTUkAKdKaAALiD1Ddvvlu6+o033qiMDAEh84OsFl+79vs8OlRkWJJPB1KgcwUEwB0lf+utt5YlsChii2EyCydEi8uTKzsA0RiTEBkyTCYyBJAr2XQoBaTAFgpsm1UA3FaxlfzvvfenUgq3wgC+2exhPl/InGEdDAEhRmSoBZSSlDqQAq0rIADuKPEHH3xQKiHLyvcChjBk3rAOhhSUrVlAUWSIMjIpsH8FBMA9a8qtMFVF8hCF1ciQtKr8HoY+MuRrdwyVq/IrXQpIge0UGBUAt2v6fnKvPhuwabTmI0OiQozIcBMM+dodQ2XmDAXD/fSfSpm2AgLgjv0PtICZL4aoDfPHTbaUQWQICP2cIWlV11J+CEOASGTYFL5V5SpdCkxNAQFwDz2+CitgdNVigWkIQ2s333SduXlDIkMNla+quq6bqgIC4B56/s6d8jMCv/76H3soNUmAob/pmsgQGKZVX8cragSGYXQIFI15lD+9psiijRSQAoUCAmAhxC4bIsBr164ti3j58ue9A8fD0Bb3GTJcBoakLyte2QGGDIuNMfm3UBgqa+5wRSQdTloBAXBP3X/nTloq6enTp6XjfR4APaDrYUh0uGkRhfoBYhgdeiACSc7LpMDUFBAA99TjPCg1LAqo7DIXGJa1aR8grs4bNokOPRAZJgNDtviM75vqjOu8vJECV1NAALyabpeuAkLWnizTM7cwwdAToCwTO9jBjzRNE+uGys+fP8u/jdI0OgR84WKKgNhBh6mKXhUQAPco/9HRYb5w4YsEgp999tfEuEUIn9blFhhi20aH+Ijvq0D084ekk0cmBYaugAC4xx4ENkRdbH2xv/32mwOgcfbIJ/W2xS8fHTJviFl7svFBrzicuYjWzx8SGTJk9kDkHHlkvSigSndQQADcQbx1lwIZIPjOO++UThu3Egs0TE/RYMmZ4gBfPRB/+um/CSvLTYbLXA70PBBpF+aBqAgRhWRDUEAAbKGXAMuTJ08SYBIWDzRMAcK33/5Dcnx8nP/CHBGVt+PjvySff/63pOu5Q/w8OjpyPj/MQeijQ9pAOufrjLZ5INIWAbFOLZ2LRQEBsKWeAILMvTHEXK0CWPDrcqen/3ag+ya/Z5CoCTs9PU2++uorB8ZPlw9NJX21jLaP8Z/okDYQGe4TiG37rvKno8CuLRUAd1Vww/VAxMOjSSQVFgcoiRh9RHXjxh9ro0bjhtfAEuPasKxd96uAmKZ3K5+CHdaJPz5C9E/E9kPmMJ/2pUCXCgiAHajt4eEjqU8++SQ5PDzMV4wX5+66oecsIVr06atuAZAsy5LTmqjRuOE1sMRu3LiRABr2AQ3GsBrL3ILGavnbHi/8Xtxu49vFVkDcVknl71MBAbBj9QHHF1/8PXn+/F/5PXqL6NA6AD50q7FpKR2YJDv+Ixok8sK4xw/zcGTrAQkYMfJfBZC0iwjXWrucQ7wqEPELYJsiot1RAl0uBSoVGDQAK1s1ghMABZgsAHmS+KgRKGIsTlh7kkeNH374YT4MBUAY1zaRIHORIMAL4QgQAZA3QIRtC0d8wBcbANHaEwf6We5rnX+Z8wufTBHR4ov3oe46nZMC2yogAG6rWMf5AUmapomPGq0DCsbiBOnYkyf/zKMuIi4MaIYGLDGAhDVpAhDCABFG5LgOjsZFaU3g6NuB395Haxf3IG7yKSuAiA/AEAOIwLtJW5RHClQpIABWKTPwdIDjDehggAfjnj8MSAIhDECmxYIG19U1HyBhgNG4KA0whXBkHzM1cKSO1IHdOqDjk/cldT5wrqp+6sWomzo8DIFw1TVKlwJVCgiAVcrEnr4H/wBN6iCEAcgQRgASMGHWLiK11MGJaI3rqqrPXLRGZIaZCjgSvZkCjoCLaygzdb5YB0RgiFm7qLeqLtIzVx8wBMLAEChSJudkUmCTAgLgJoUmfB7YYR5M1sEJIAInb9Yu5vXSAo51cmUOVoARYJkCjh5crFh7gAFIIJYGQKReolT8qarDl0+ZvjzjQEudVdcofdoKCIDT7v8rt56IDQNSYfRI5IgBLOCIeXCRv65CDzAPSA8urgN81EO5wJdyUwfdTeUZB1qiQuAKWH2Zddfp3HQUEACn09edthRgpS6Cw0JwAUcAhgEz4Jg6kJEf0DVx8uDgen7LkHURKeVgvoyq64ErYBUMqxSaZroAOM1+77XVgA4DesARkAFDQBYCkvObHKUcLCzD2s0/JBXC0GiYvEnm0Z4XAEfbtcNtGEDDrtICrktd5OmBCgxTF2FWlZW5eUkTDJONYFgl1SjTBcBRdqsahQIehrYYKltbv6qcrYEhaZQVkcmVPSogAO5RTBXVjgJAaNfIbBWGRIhNIkMWTzBWpdtpnUrtUwEBsE/1VXcjBW7dup0YN0xlFRcYNrqoJhMwZH7RFpFhExhyaw0gxAfBsEbcgZ0SAAfWYVNzF+Bdv36QN5t9AJQf7OllFYbWVg+TMzdEZvEkhKFuq9lTRzQsZt/ZBMB9K6ry9qoAgHrwYLYsE+AYt1CxTNjjDnWlbgHFFpGhtZth6G+rwafMAXKP7qioDhQQADsQWVXspgARIENWX4pxw2FA6I/b2K6DYehDWCfgwyeG6gBRQ+RQnbj3BcC4+0feOQWAkXVRmdtd/mcoDHiWCS3uUD+RIXOF3KvIzdukrVaJP4BZQ+RVZeI9HhQA45VRnrWtAMABPL4eYGPMl/6ws+3Cj4fLh9mGPoVO4B/zhUSELJ4oKgzViWdfAIynL+TJBgWIwgCQz0a0hfnjrrf4wjdZiAqtrZ8vVFTYde80q08AbKaTckWgAMCxwVA4c4sO5+dnvXuGX8AZ34AhUeG6+UL8DaNC09JiTu+CDMgBAXAonTVxP4EHUdTx8XFJiSz7sXTc9wEwJCoM5wvX+UR7jFvMYXjMfGafkew6/6aSJgBOpacH1s4FIB4lxkVJ/tl+zKO9fPlzqSWz2YPScUwHHoZEhdauf0BD5qJYHxW+//6fE9pIWkztGLMvAuCYe3dgbeODD/D8woFxERJW1Yw0vZv/tGjV+VjSAWGapvnvtgDD2ezivsbQx++++y4hyiUiRIvwnPbbUUAAbEdXldpAAT7kRDzGRXkMBTHjoHd5OHhR2JtvvpX/Qh4gscF84EWOuPeAIUPkhf/ro0Lajy5xt2Qc3gmA4+jHwbQC6BkHPB/lEfEYBz3S1zUCYGBETTwr8Icffsh/IY+0dfmHkob/Pio8PT1N0pVotk6TobRxCH4KgEPopQH7CNhMATw/l2cc8IhyqpoFHACeX0ggWiJqqso/9PSbN99NiGbXrRwPvW2x+y8Axt5DA/IP2GHmisCz9iQhyvPAmzoQ+EOQJMmA3gHDc1UAHF6fReNx5lYwieQ88JjDw0yDCI8hH8ADdhgRXuoWCqJpXMeOoCWrwb5awc8r0e5WAGxX39GUzgfUw45VSj+cZS6vKfAY1voIz7oFDICnD/riLYKmi73FK1ot9vTapgICYJvqDrTsTbALI5V1TQRqfICtvRjSWgc8orx1+aeexh8WzOuAfvxx8MdT3rbddgGwbYUjLj9zQ1hutzBuzo4IhGhuNbJrCjuAx6KFj/CAnT7EzTof7cOc/LEIj7XfngICYHvaRlEykCO6AHIYkGOezoPO34YC6MhX5/QiMrmbrIMdwJv6okWddlXn6BP6yJ9HY+no1Wh/KwC2r3HrNfABAl58mLBVyHFs3MIERj7y1znFhxBL08uwIzoR7OrU2+7cfP60dAH6lhJ00KoCUQOw1ZYPrHDAhZlguBpGcrtCztqT/KtafgjLyqwt5u0UkbTzZsncFATmS+ePjrT2anSzFQC70blRLQBuPp/nDwBgXsgDjuEqgMOMi+T8cDX88KyrgA8U5iO51aFrCLk0TRN9+Nap2F7avXv3SoWn6Z3SsQ7aV0AAbF/jUg1ACzNFJAfoABwG4MI5OfKVLl5zALQw4IaxEAHY1kVyGrquEbCnJPqWhx+E1fNHKDzWfvsKCIAtaMyb25sHHXADckR1mCkiOaK5tS4UiURwGHDDrF0MVT3kAB4G3DBgSP7icm0GpID6rfvOEgB31Dwr5nFMEdEBt9BMATqGt1VV8cbH0mLRwUMujOKAG5YWQ1XyV5Wn9PgVYKoj9JI/XOGx9rtRQABsqLMHHW9c42BXFdGRr6pIoJXWQM4Wiw5pAbmqcpQ+fAXOz89LjTg8PCwd66AbBQTAGp0BHXN0YUTn5+jqIjr+mqcF6Bi2+uEqW0GuRvDlqfHvvHiRlRp5eHhUOtZBNwoIgBU6LyI9b3dElwAAA9xJREFUkzBHty6qI5rDPOysPcl/KpFhK3NytojmGLaSr6IaJU9QgayYNgmbzvsoPNZ+NwoIgBU6HxwclM6sRnREc5iHXeqGrQJdSTIdVChwdlYe/gp+FUJ1kCwAVojMmxLAYUR1iugqhFLy1goQAYYXHZbn/8JT2m9ZAQGwRmAiOqwmi05Jga0VWF0AYfSwdSG6YC8KCIB7kVGFSIHmCoQLaPyBxZpfrZz7VEAA3KeaKksKbFAghB9Z9fU3VLiwrvcEwK4VV32TVuD8/KzUfu4SKCXooFMFBMBO5VZlU1cgnP/jHtGp69F3+wXAvntA9U9Kge+//8+yvVr8WErR205UAOxNBVUsBTpQgJvrX778Oa/p5s2biRY/cil6fREAe5VflU9JgXD4+/jx4yk1Pdq2CoDRdo0cG5MC3PzM1yppE5Efxr6sXwUEwH71v6hde6NWgOGvb6BuffFK9L8VAPvvA3kwAQXmwY8f6daXeDpcAIynL+TJSBVg+IvRPA19USEeEwDj6YsJezLups/n82UDde/fUooodgTAKLpBToxVASI/Y0zePKI/3fuXSxHNiwAYTVfIkTEqEEZ/WvyIr4cFwPj6RB6NSAEf/dGkisUPTsl6UkAA7El4VTt+BYx5tGyk5v6WUkS1IwBG1R1yZkwKzINbXzT3F2fPCoBx9ou8GrgCLH5gNCNN7+p7vwixxvpOEgD77gHVP0oFjPly2a7Z7MFyXztxKSAAxtUf8mYEChD5+e/98uNa3P4ygmaNsgkC4Ci7VY3qU4F5cOMzvybYpy+qu16BXgFY75rOSoFhKmCKG58V/cXffwJg/H0kDwekgAlufVH0F3/HCYDx95E8HJAC8+LWF+b9sAG5PklXBcC+ul31jk4BFj8wGvb8+TM2ssgVEAAj7yC5NxwF5sXih+b+htNnAuBw+kqeRq6AKRY/PvroXuSeyj2vgADoldC2QwXGV1UY/d2+fXt8DRxpiwTAkXasmtWtAk+fLh56enh42G3Fqm0nBQTAneTTxVIgSVj4ODs7y6XQI69yGQbzIgAOpqvkaKwK+OHvbDZr4qLyRKSAABhRZ8iVYSrgFz/SNB1mAybstQA44c5X03dXwBTf/OCmZ2z3ElVClwoIgF2qrbpGp8C8+OaHfu+jWdfGlksAjK1H5M9gFGDxA8NhLX6gwvBMABxen8njSBSYF9/8SNO7kXgkN7ZVQADcVjHllwKFAqb45ofu/SsEGeCmUwAOUB+5LAXWKmCCxY9Uq79rNRpCogA4hF6Sj9EpMNfiR3R9chWHBMCrqKZrJq0ACx8YImjxAxWGa/8HAAD//2ChFFQAAAAGSURBVAMADYgLKQpouCwAAAAASUVORK5CYII=', NULL, '2026-02-03 22:47:04', '2026-02-05 14:30:59', NULL);
INSERT INTO `apontamentos` (`id`, `funcionario_id`, `funcionario_nome_snapshot`, `funcionario_passaporte_snapshot`, `obra_id`, `obra_nome_snapshot`, `obra_numero_snapshot`, `semana_inicio`, `horas_diarias`, `total_horas`, `horas_normais`, `horas_extra`, `horas_noturna`, `status`, `observacao_rejeicao`, `enviado_em`, `aprovado_em`, `aprovado_admin_em`, `aprovado_por`, `aprovado_admin_por`, `assinatura_base64`, `assinatura_admin_base64`, `criado_em`, `atualizado_em`, `deletado_em`) VALUES
(6, 2, 'Juan García', 'FUNC001', 2, 'Residencial Norte', 'OB-002', '2026-03-09', '{\"mon\":{\"normal\":1,\"extra\":1,\"noturna\":1,\"fecha\":\"2026-03-09\"},\"tue\":{\"normal\":0.5,\"extra\":1,\"noturna\":1,\"fecha\":\"2026-03-10\"},\"wed\":{\"normal\":1,\"extra\":1,\"noturna\":1,\"fecha\":\"2026-03-11\"},\"thu\":{\"normal\":1,\"extra\":1,\"noturna\":1,\"fecha\":\"2026-03-12\"},\"fri\":{\"normal\":1,\"extra\":1,\"noturna\":1,\"fecha\":\"2026-03-13\"},\"sat\":{\"normal\":1,\"extra\":1,\"noturna\":1,\"fecha\":\"2026-03-14\"}}', 0.00, 0.0, 0.0, 0.0, 'aprovado_encarregado', NULL, '2026-02-05 14:19:35', '2026-02-05 14:26:10', NULL, 1, NULL, 'data:image/png;base64,iVBORw0KGgoAAAANSUhEUgAAAfQAAADICAYAAAAeGRPoAAAQAElEQVR4Aeydf+hXV/3HDyFSTKahTYfObWxjEMRoJcZMU3CDIhakSIX2g4r9tcF0MpvrnzXDcLrQiEGKlYJhU8FFf5ShUxSGgxj7Y61oWG1NRw4NEyeD79fHda+71/t87vvzeb8/7/v7PqOX58c995zXeZy787zn3Pu+n49cvXr1/2RioGtA14CuAV0DugaafQ18JOh/IiACIiACIiACjSdQrKA3Ho86IAIiIAIiIALNICBBb8Y4yUsREAEREAERGJdAkwV93I7poAiIgAiIgAh0iYAEvUujrb6KgAiIgAi0loAEvd/QKl8EREAEREAEGkRAgt6gwZKrIiACIiACItCPgAS9H5li81W7CIiACIiACORKQIKeK05VJgIiIAIiIALVEJCgV8O92FZVuwiIgAiIQOcISNA7N+TqsAiIgAiIQBsJSNDbOKrF9km1i4AIiIAI1JCABL2GgyKXREAEREAERGBYAhL0YYmpfLEEVLsIiIAIiMCkCEjQJ4VNJ4mACIiACIhAvQhI0Os1HvKmWAKqXQREQARaS0CC3tqhVcdEQAREQAS6RECC3qXRVl+LJaDaRUAERKBCAhL0CuGraREQAREQARHIi4AEPS+SqkcEiiWg2kVABERgXAIS9HHx6KAIiIAIiIAINIOABL0Z4yQvRaBYAqpdBESg8QQk6I0fQnVABERABERABEKQoOsqEAERKJqA6hcBESiBgAS9BMhqQgREQAREQASKJiBBL5qw6hcBESiWgGoXARFICEjQEwz6RwREQAREQASaTUCC3uzxk/ciIALFElDtItAYAhL0xgyVHBUBERABERCB/gQk6P3Z6IgIiIAIFEtAtYtAjgQk6EPA/Mc//hHWrVsXFixYEKZOnZrYXXfdFe6///7wve99L/z6178OlBmiShUVAREQAREQgVwINFrQX3zxxWBWpJBSN4KNeO/YsSO88sorKXyO4QNibmUoh8hj5HM8PUERERABESiHgFrpGIHGCToCOX/+/GR1jGCaIaKYXznnIaQINvXS7qDXBufQNobI4yN1/OhHPxq0CpUTAREQAREQgaEINEbQEVREEYE8e/ZsZicRUjtAHLP0ZEPayzp32rRp4Zvf/GZiX/jCF7KK9OThC4JOH+hLz0ElciHADZQZjLFnn302eRRC3I7t378/zWNMYqOcnUc8F+dUiQi0jYD6UzsCjRB0VrgIK6KYRfDWW28NGMKKIbQ//OEPE7HNKj9MXjyhU+/f/va38O6774adO3cm9sc//jGQh1kePuBL3BZ9oC/Lli3T8/YYziTSCDUs2ZnhOjGDMfb4448n7zcQt2OrV69O82IxJ005O484N2Gcz7H4epiEyzpFBERABAohUGtBR/yYUPtNolOmTAleTIljiCrCmwcxhNnqoU6MmwfLs5A8jPIYPuCLiXws7idPngzLly+XqBvAIUKuB64LRByhheUQpw9dlOuQGwcEnXZvvvnmgMiTx7GhK9QJIiACExHQ8UkQqK2gM1EieEzeWf1CWC9fvhxiocwqO0oewowoY7Q5bF0m8og7NmPGjLQK+ogwEKaZioxLABFFVPtdF/HJPBqZPXt2soPDMa6XGTNmBMtjfDCOeeNm0ad9/Pz588mNGDcTjB/+IPb45sspLgIiIAJlEqitoDNZZgkdq9+rV6+GyYjrZMEy4WOTPd/OQ0xOnz495iZEQmCExg9XrlyZbJVnlZo5c2ZyTXDTxM2XGY9G/vWvfyWPRLhuOP7OO+8Ey7NyHDMjj5tFQspzU8d1t3Dhwqymk19aIOhcs5/4xCeS1TtxjLEd9OYjs3JlioAI5E+gpTXWUtBZ8WRNgja5NnksuDFAIAitH4hB1s2LHe96yLXANXH48OExKGCJ8L799tuJoHPTBFuzMScMkMG5FCOkPsScdk6cOJHcGBAnnzKxXbx4MVm9I+QYoo7vPB5gNU9f4nOUFgEREIE8CNRK0BG1rG12JlbEvN8kmgeIMuugP/EOAxM//S/Tjya0xc0OghgLIdcCQo7YwrOsvtAWbXI90r6J+7x588J42/T4x/hixGUiIAKtJVBZx2oj6Ex0iNrx48d7YDBxHzlyZMw2dU+hBiYQBfpmriNYfIXO0l0P4cGKFkGPWaxfvz55GRJxjY+VmaZ9xhFxP3r0aHjttdcSv0hjiD3GzRvlLCzTR7UlAiLQHQK1EHQm76yVOZMgEyMTZxuHhMne940t5SwBa2Pfx+sTDFiVc5Pny3EDxKp406ZNPrsWccYRw0czrl8MIWesCWvhrJwQARFoLoFxPK9c0Jm0WZkTej+feeaZ5DfePq9tcQSACd/3i+eu3OD4vC7FuRYQ9LjPiGGbb+7i/iotAiIgAsMSqFzQeXM5FnMm7kceeWTYvjSyPEKFmfOwQNQs3aWQXRpuaHyfWe2yKveM/HHFRUAEREAErhPIQdCvVzSZfxEu/4dOqAMxZxIn3hVDrDDrL6L+9a9/3ZKdCLkW4vcn2L3gemAnoxMQ1EkREAERGIFAZYLOM1K/GuMDIEzeXRNzGzvEywvXgQMHkp8/2fE2h1wHmO8jz5wxn6e4CIiACIhAfwKVCDqrMf+cmJ/8HDp0KPNN9v6ut+sIYh6/7AUnVuvt6unY3tBPn7t3795cvsPv61RcBERABNpOoHRBj1fmAN69e3enxRwG2KpVq8LcuXOJJsZND5YkWvpPvDJnpwIOLe2uuiUCIiAChREoVdB5ezkWKLZVq9tmL4zrpCv+5S9/mX53nEr27NlD0FrbsmVLT9+4HnoylBABERABERiIQOmC7r1i8mZF5vO6HufmBjMO3AC1ddudrfbXX3/duqpt9pSEIiIgAiIwPIHSBD3+ChpvdbddzIcfjutnrFmz5nrkg3+3b9/+Qaw9AWLut9t5KZJroj09VE9EQAREoFwCpQg6K8wdO3akPeOb1xLzFMeYCCt0XhS0A7CDoaWbHNKPrPcoeCmSFwOb3Df5LgIiIAJVEihF0P1KjM7+4Ac/6HlOTJ6sl8C9997bk8HWe09GaF4KMef77HFfuvxzxeaNojwWARGoK4FSBJ2J3ANYsmSJTyqeQeDhhx/uyY0/utJzsCGJz33uc2M85T0KdiTGHFCGCIiACIjAUARKEfSzZ8/2OHXbbbf1pJUYSwCR81vQ8ap27Bn55uRdG+9QnD9/Pq2WvvFJVz16SZEoIgIiIAIjEShF0P/whz/0OMlk3pOhRKsJsEPDewDWSd6h4E/i6jowIgpFQAREYHQChQs6k/nobnazhv/9739pxy9evJjGmxYZ+w6F3qFo2hjKXxEQgfoTKFzQ48lcq7LBL4obbrghLTx79uw03rRI/Pxf2+xNG0H5KwIi0AQCpQu6JvPBLwv/rsGcOXMGP7FmJf/yl7+U6pEaEwEREIEuEihU0NluxzxYveHuaYwfb/qLcNY7/zIcz8+1S2NkFIqACIhAfgQKFfSsiduvOvPrhmqaiADf0Z86dWrI+h34ROeOevz9999Pq/DxNLNRETkrAiIgAvUkUKigx6vzeiKop1cxu6ybo4k8pw4TckLKk4cRL8PiXYbJ9KMMP9WGCIiACDSdQKGCnjV5nzlzpunMSvE/5pTFMssRxBrxZiWOEffl+F56me8x4I9vX/HxCeioCIiACEyWQKGCjlOxEMVvPFNGNpZAzCnmOPaMEPhFgYl4LKQIOR9yIcw6t6y8z3zmM2U1pXZEQAREoFMEChd0vnjmiSI6sdj444pnE4g5xqXgyl8wi/M5z4R8kJuC+Py807///e/zrlL1DUxABUVABNpMoHBBj/8UKGJ+4MCBNjPNpW9wsooQYszScdhPzO+5557AHz4Z79y4rrzT3FD4Oq9cuRLi5+r+uOIiIAIiIAKTI1C4oDOhx4KyefPmyXnbobMOHjyY9va9995L43Gkn5jPmjUrnD59Oi5eepqx5xrwDe/Zs8cnFW8JAXVDBESgWgKFCzrd+9WvfkWQ2oULF5LnvWmGIj0EWJ1funQpzbvjjjvSuI/0E3NE9N///rcvWmk8/vbAiy++WKk/alwEREAE2kigFEG/7777QrxKi9++biPcvPqUJeiIYtYzc8ScZ+Z5tZ1HPfFb9dywaPzzINulOtRXERCBiQiUIug48eSTTxKkxqTOCjPNUKQvAUQ6Pvj000/HWYFydRNznMSv+IaOseemhOMyERABERCB0QmUJuhM6Jh3mVUawu7zFA9jXhpDED2XLDGkDH+S1JerU3znzp097jDuX/nKV8K2bduSxy/0iTxEHusprIQIFExA1YtAGwiUJujAylqlL1++PDCRc1x2nUDMA7G+fuT6v1lb7QhmXO566er/PXXqVCLasSeXL18OGzZsCPQH4zf0999/f8DsM7XkI/YS+Zie0iIgAiLQS6BUQWeFHn/YBPFatmxZ5oTf62p3UgiY7y3cLI3AWdxCxNyXsfwqQ/qArwjz0qVLA7sxw/rDtWH1IPI33XRTuOWWWxLBJ039mMR+WLIqXy4BtSYC5RAoVdDpEi9IxaL+5ptvJqs0VmhM/EzklO2i0XfM+h6vuhE4O0aIkMOUeB2M8WMcEdrYV/Pv4x//uEV7wo9+9KMBmz17dvI+QM/Bawl+HXHu3LnkkQQiTv0Y4m5t0r7nd+00/V8EREAEOkGgdEFHoBD0+IMz0GYiZkL+9Kc/Hb773e92cisegQruf16s161b546ERPT4cExPZkUJBBZhZfwYR+/GihUrArsIvLB39erVgChzDfgyxPnojBk/dTt27FhyHufCgQ/lUC7LaBN2tL9gwYKA4RP5WeWVJwJtIaB+iIARKF3QreFdu3Ylk7WlfchvsPn4CM/XmaT9sbbHESTro938kEaYduzYQTSxKVOm9OWXFCjxH8YIMUdArVl2DhBiBHzfvn0BQaY/dhxB57ilfXjx4sXA+H/rW99Kbuo4l7J8KIf6uDEgjXGMtvz5Fy5cCK+88kqyNW/XEPx8GcVFQAREoG0EKhN0QDIZMzkzufvJnmMYkzBbt4gFcfLabPTV92/VqlVpEmFKE9cizz333Jjf9l/LLv3/ixcvTh6XWMOMI7sGGONr+Vkhxxl/hDkWZcoz5tzg3H777cmKmx0Kbhpog3MxzqUtq4c8tu05H6MOuLIlz40HeTIREIFBCahckwhUKuiAYnJG0JmQmZiztlWZxBE0Qs5poyFcseBs2rQp6SqihCWJa//ADOG6Fq3s//jKC28vvfRS6gOizDgSppkTRKwvjD3nLlq0aMwZb731VrLiZoeCmzvaxRBp0ib0MEHgX3jhhTE7AlSKsGOeJfl1Mfzav39/8oIofLkm8Jc+WkicfLPt27en5Tmnzf+N1GWc5IcI1JVA5YLuwSAEbKsyuTPR+2NMdjaZEffHmh5nEmaC9v2AgaWZqC1OWOXvzWHPOCAw+GKGv5ilJxMy5kePHg0IO+I8UR34AjuEHn9M5PnTs7yjAae4HljW5eYQ3/HHmPAZJwAAEABJREFU+7569epkx4M8rgmOWzlCjHyzxx57LC3POYwNHPjlCDcHMJqIo46LQFUE1G6+BGol6NY1hD1rMuY4E9lnP/vZYKsy8pps9IdJ2PeBHQsYWB5lLI7oYZYuM0RMWBUTWrsIJs+1vb92bLIh/WOljbDD4u677x64KgQMXjBFuDnxiSeeCLw5TxyjDMe/9KUvBX4jT38QztjIx8gn5DyMOszitOVnhZSlHvxDdPEBEab+rPKj5J08eTLYzQH10/Yo9elcERCB+hOopaCDzSZ1JnTi5Jnx0hSrMiZEJkYMoSG9cuXK5GdNTZjA8JXJ3fpFiEDSZ+JY3A+Ok1+2sdqDr2+XFTnC6/PyjDPusHj11VeTVbsJPAwwbiJ4RDNjxozMZmGHmP34xz9O3qyPC3HTyG/k6RfCGhv5GPmEXGMY1xtGHLM4IUaeN/Iw8qgnHvPYL/qNkU8fMdKEGHGM47wcSdjPuIHAf9qGBUz6lVW+CLSLQPd6U1tBt6FgQkc0mMgsLytkomLyOnz4cPJ2MxMYExn5WeWrzMNPJnZ89X5kCeRTTz3liwR49GSUkEAIWO1ZU4gJvk40JlY+j5A2MfrP9YDhA49oMMSePIQ+j/YGqcNfW3GctFm/uhBjGOIzvtMHb+x80EeMfEKMOMbx1157LRCSj5H/4IMPhqybHP57wLj++vmkfBEQgeYSqL2gg5ZJj8kKG2b7FSFC2PlN8rPPPpu8PMTqyOyhhx5K8ph4aadowx+EHPOT6rRp0wJ9o5+xDzwPtjxWoxYvK0QAMGtvzpw5gZVtlq9WpuwQoce8MCKQiP/ChQuT3+tzfBi/KI9xDiFGn6kPwaRu0t4og/k8X55zMMYa4eXTt8TxFd85F6PNQc3KW5ukn3/++fDOO+8kP2sk7eviuuP6478Bn6+4CIjAcATqWLoRgm7gmLRs+zWeBDk2c+bMzJUJv0l+/PHHk5eHmMjMdu/eneQh+hiCa21NNuTmgEmTujDEkLrZciXOsbjuQ4cOZf4EjbowK//www9btJQQf+mDNYY48PtwQsurY4h/CCTieeLEiXS7HhFFQAlZ1RJS1vdh/fr1yYqXY5iVI8651IdgUjdpb5TBfJ4vzzkY12rcrvchrzgM8If/VuL2+G+ARz7++sqrXdUjAiJQDYFGCbohYnJismKiYsLCmETffvvtZGVCnDJWfpCQiQ0BQ3wJETLEF+MYaVvlE2dCpByrHYzzEG1C0hzDKMv5WT7QB3xlgs86zrmWT38ob+miQ/Pd2qH9uq3MzbdBQ/oAa0LOIYz7tGXLlkl9d5766mpcN/w3Quh95JEP11i/69OXVVwERKBMApNrq5GCPlFXmbSZwBDLYbboqZfJjUkOQUOYMUSatK3yiSPolEPwMc7j/EGMiRX/uCHB137nUL8dG6+clckrpF3M6qNthA8BtLy2hPSJcfDPnBlbrC19tH7QT3YILE1IP7Fhrl/Ok4mACNSPQCsF3TAjRLZFj4Ai8BjbqBh5GJMcE7udl0fIC09WD34g4kyotEs4UXtMsJjVMVF5K5dHuHHjxrQa2oUZYZrZsgh9++1vf5s8a7euIXLcuFm6LSHXOr/RnzdvXtolbt6wNEMRERCBRhIYVNAb2TlzmgkbQ1ixOJ9JjhUoQsuLZ361ZmUt9BMhdVm9CDb1UAcCyAtPiDdGmnzKWD0ThfEES90TnZPHcYSMP55ideG3xdscMpZxXxkDeLSt3/wdhe985ztjbmD8DWTb+qz+iEAXCHRC0AcZSIQZweUnUBgrd4TYjDT2xhtvJC9NmVCTRxnEANGlDsRhkDbHK+Pfbse38crmeQwRs/p4mzuPvlh9dQ/pK2Po/UTQeaTi89oQp59cq74v3/72t31ScREQgYYRqIeg1wwaAooxwZuRxspwlZWSF5F44i3KB9rFrP6tW7datDNhltA9/fTTrew/ffXXNF+Xa+NjhlYOnjolAhkEJOgZUKrOOnPmTI8LS5Ys6UkXlfCrcyZ6rKi26lxvLHTcXGF19nmyvvGoyf91Oq4Bifpkaeo8EaiWQBcEvVrCk2idSdVOmz59euZv1O14nqFvt6xdgTz9z6submQQdV/fc88955OtidNX/jodoXWK64BfdlhaoQiIQDMISNBrOE7++fltt91Wmod+u72sXYHSOjdkQzxq4StvdtqBAweC52P5bQjpK++A+L7QV76wSOjzFRcBEagvAQn6qGOT8/lMoJhVy4tpFi8y9G3STpk3ErRXN2PF+slPfrLHrbZuu9NJRJ2XO4mb8YVFVuuWVigCIlBvAhL0mo1PLBpdXylXOTzf+MY3epr3Oyc9B1qSQNT51YZ/pt7Wt/xbMmTqhgj0EJCg9+CoPuFXyrfeemslz8/nzp0bWKFWT6NaDxA4z8GPTbWeFdc6/f3Zz37WM/58LbELfS+OqmoWgXIISNDL4TxwK37ifP/99wc+b9SCbK9aHZcuXbKoQkcg/vWBO9SqKC9EYr5T2nr3NBQXgXoSkKDXbFy8sM6aNatY71ztvt2Pfexj7ki3o119l4C3/Fmt2+iz9e5vNi1foQiIQH0ISNDrMxaJJ+fPn0/CMv9hosasze9///sWVegIsAXvkq2PIuq+k4i6TysuAiJQLwIS9HqNR7jjjjtSj8b7pnxaqICIX5mNUH0rTu3KNnvWYLHtjtkxtt39jZ/lKxQBEagHAQl6PcahUi+YqL0DfhL3+V2Md3XL3caaVbq/weNPCNsxhSIgAvUiIEGv13hU4o1fdfnJuxJnBm20pHJ///vf05YOHz6cxrsS4XrwN3gHDx4M8Q1gV1ionyJQdwIS9LqPkPyrlMDMmTPT9i9cuJDGuxRhlc6fFbY+8yzd3wRavkIREIFqCUjQq+U/pnX/IZn4IzNjCheQ0bUXv/ogTLPL+lJf2mBNI88//3z623TEnFU6YU3dlVsi0EkCEvSaDbsXdFwrY9L0P1nr6ioU1lnGlnNWftfy4OC33lmlI+pd46D+ikCdCUjQazY6rJD9Ni/PLIt28c4770yb8FuraWaHI/6GClHrh4JyZuysIHaIHn+K1Bt5+/fvb+QfemHrnevTGNAX+mxphSIgAtUSkKBXyz+z9UWLFqX5P//5z9N4URH/R0g0QfdS3rJlS5oxZ86cJA4jDNFGrKdOnRr4c6NmfCqVfASPMt7IW7169Zjy5HMjkDRQ43/4Ay7+xmblypU19lauiUC3CEjQazjeW7duTb1COBCHNEOR0gggsFeuXEnbYyxMtAkZF8Q6LTBkhPow2kHQuRGgXuLkD1mdFS88ZKVujfC4ZhQGVo9CERCB0QlI0EdnmHsNrID81iYT5oIFCxq5TZs7nJIqRFARWN/c2bNnJxyDKVOmJC+P2Rgyjjx7xogvXLgwPe7rtjjtIugIO+0TJ8+O1yGkL/5dD3ysg1/yQQS6TkCCXtMrYOfOncnEb+6VtRKqm3hY/8sI6Tvi9KlPfSrZEh+vTf7EKKLNahVjK/rq1avh8uXLgT9BipGHMZYY8RMnTqTHrQznI/Zxe7ZyR9wXL14c9l979h6XKT39QYO7du36IBaSmxy4pRmKiIAIVEJAgl4J9okbRSyOHDkSEA4rzaSJ6Fg6r5C2rC5ExOJdCmGLcBK+/vrrY7oOI1amiC/C/N///jcRZtJYliCPqSTKoE7O43zqROA3b94cbBXvi7/00kvBnr3joz9WRRzf8dvaZhfJ4gpFQASqISBBr4b7QK0yacZ/m5rntgOdPEKhIm4aRnCn0FPpqwl5VkPTp09PhBuxZZWNiCHCWWVHzWO8165dG2wVT1vk+XrxF0Efz2dfvsg4NzjmH37lcG0W6a7qFoHWE5Cg13yImTQxc5MVdN6rIeq3iZl28q6fOutmCBBvaCOMxPv55z+o0q9MUfkIOjcSzzzzTJg3b15PM/iMsN98881h+/btPcfKSnDN4KO1x7WJX5ZWKAIiUC4BCXq5vCfVWiy4TOR5T5x+1Un9p06dmpSvdT8JbvQPIY+/zR7/Bp8VuedSVd8eeeSRcPTo0ZDlD39u97HHHgusjulb2T7CB2GnXdqHLfFampwSgZYTkKA3YICZMBF1c7WIiXPNmjVWfRL+6U9/SsI2/cMKEiGPRWfWrFlh48aNgRcPrb8IlWdu+VWFdg3Ys/bYN3ZVli9fnvzhFK6PsvzEr3iVXlbbakcERKCXgAS9l0dtU0yaTJ7mIBM4qzJLjxoiYNOmTUurQfSwMsUhbbyACGLOz8B81fCE6759+8KmTZvSQ+QjnGlGzSL4x2r92LFjgbi5x1hxTZQ9blw75gc+cG2aTx0K1VURqJyABL3yIRjcgfitdyZOJu/Baxi/5E9/+tOeAtTNihZbt25d8vOkngINSTz00EMhFnNWuPAk9Me4qSG/CV277777khf26IP3l+uC1Tri6vOLiiPm3BhZ/b/4xS8sqlAERKBEAhL0EmGP2hQT5wsvvNCzKkN0sVHr5nyEwU/M5GEIw44dOwIiQVusdslvgrFi3b17d4+rrG7p51NPPdXze3P4Hjp0qIdvz4k1TdAfDP/NRcaMG7Gy3oVglW5t8xM72re0whwIqAoRGICABH0ASHUqwsSJGHmfENnbb789lw+PUHcsDtYWkzRtsaJFLBB4VoNmCD1maUIEhTyM8zGrr+gQP/HB2mH1vXfv3nD8+PFEyPfs2WOHkpB+wzdJNOwfbsZ4Iz72f+nSpYExK5o7NxM/+clPUmqee5qpiAiIQKEEJOiF4i2mciZvhNfX/tZbb6UfHhl1MqV+xIHnyHfffbdvJo0jEAgjK2AzBBSzNCGCQh7GTYA3jmP4i1Fn2oCLkB/bRDcI1EcZq+bGG28Mly5dShhxzPItpK+xGNqxJoX0g2uDmxfzG0GHMwwtr4jw0UcfTXc3aLPo9oroQ0frVLdbQkCC3tCBZNJGdFkZ+S4wiTJ5I5yEXtR8uUHiCNyrr76a+Zx2kPP7lcFHDGHF8BPDZ/5yGRbHSXvzNwiUx/xx6vPt82U3n/bxJq/MfT8szrXx5z//ORVX8rkO4ANv0kUZN4NWd9FtWTsKRUAErhOQoF/n0Mh/EXNe4Fq/fn3mh0eYUE34CEkzsQ/bWdpB9LiBQCwQ+kHr4E+Ocv6g5a0cgm/xQUPOMRv0HPrlRWjQ8+peDuaMV9w3bnSKXD3THm3Dp8h2qF/WEAJyszQCEvTSUBfTEJMnP7nq9+ERWkXkEHImc4SdlRpvrZPH8UGNthB0tnX5QyQIBkYaYSTEOGb2z3/+M1nhW9rKU466OI+QmwS+Yf7ggw8GEwXaM7PjliYcxG8+FkP9ixYt6inO+fhAWz0HWpaAL0Z/rWsILe8/cF1YXl4h7TBWVt+w15idp1AERGB4AhL04ZnV8gwmUsQJkUI0EbF+jjKR89a6iTtCz+q9X/l++bSJMYHTNiHWrzz5Vp5y+Mh5hPjNN8z51CoCRB+82XGf528SfD7tmH35y19OXlG8pkUAAAyvSURBVAo7efKkZQWeL9MGPqSZLY7AmP7C3rrJNcAfe+GlRcvLK/R/WjV+8TCvNlSPCHxAQIEjIEF3MNoSZeJGJE3kmMz7iRcTO2KOqLNyJyTdJBb018yvCPlLdexe+L7A4d133w2EPr/tcfrL9YC4W1/5eRnfs897vH0bjAfXmLWpUAREoDgCEvTi2FZes4kcEywrXCZ0wgceeCDwbDt2kImXyR1RR9xZwW/btq1RH5Txn2+9cuVKTxe5yaH/PZkdS3BzBwf+ihxd/89//pN8B55teNJ5GY9P8qpL9YhAZQQa1rAEvWEDNoq7CDwrtd/97neB7W0EnsmdvLhexJ3V1YYNG8LixYuT320j9nG5OqURJR4lxD7RP+trfKyLacb85Zdf7tmlgB03cIx7Hky++tWvptVQd5pQRAREoDACEvTC0Na7YsQdY3Jn1YrgsXpD/GLPz549m6zSbeVOyCS9f//+gOgjApidRxzjBgAj7s3KjRpanfjCz9YIfZ033HBDoG8YffXHuh6HB+PN7o2xYCw///nP5/KBonvvvdeqTa6dNKGICIiAEcg9lKDnjrSZFTLBM7kjfrxsRrh58+awYsWKng4hoog04slLVazq2J7HEFWMOIbwY8T7GcepD6NuM2vU0oQIDuVoe8GCBcmuAfWStvI+xPesGxRfpstxxpwbOsw4nDt3Lvn4DuMCc8sfNoQ79XMe40YoEwERKJaABL1Yvo2tnQl57dq1gb9ENt7qfTIdRCjMEGjEA0OczbgxwCxNyM0D5RBw/6zcfEBA/M/TSNsxhdkEYMSNnBd1SjIu/LSNkLEibxSTqI9CT+eKwGAEegR9sFNUqmsEbNJn1W7izjNSPgvLsX48OMaNAS9IIbSksX7lh83n52cIEVvH7CrgG9vsVs+FCxcsqnAcAowJHI8dO9bzdTmEnBsoTII8DkAdEoGaEJCg12QgmuIGkz8rut/85jfBPguLmJohqj7OTQAv4PHhG45hHCfkGGJMfQg/hvjbx2VIe6McwsM51MHPz0iTb/wQeYvPnTvXogoHINDvz7Ei5uyOYIj8AFUlRRi7JHLtn2HOu1Zc/xcBEZgEgRIFfRLe6ZTGEUDwB3Gackz4iDECjbhjiL99XIa0N8rFAh63df78+TRr1qxZaVyRwQnAGe6MkT8LYefRx9e+9rUwyAdp/GMR/2EfX6fiIiAC+RGQoOfHUjXVgMCZM2dq4EXzXeBmy3ZRYmE/ePBg4IM0bMWPt/K+8847UxDz5s1L44qIgAgUQ6A1gl4MHtXaZAKxEDW5L1X57oWduPnBB2l4YY4VO1vxxO2YhV/84hctGo4fP57GFREBESiGgAS9GK6qtSICXnTGWz1W5F5jm4Ur2/B79+5N/niO7whb8azWEXd+gWDc/Q0VZSzfn6u4CIhAfgQk6AOxVKEmEpCA5D9qq1atCjxjZzue9x98C/BG0Pm5G8/ZuQmIRd2XV1wERCBfAhL0fHmqtooJ2DfKcUPP06FQjCHUJuy8qIh4W0sIO8/Z58+fH2bMmGHZ2nZPSSgiAsUQkKAXw3WoWlW4GAJ//etfi6lYtaYEEHYEne34eNXOJ4P9m+5su6cnKiICIpA7AQl67khVYZUE+A27tY+gWFxh8QQQd1btfKAm3o6ndVbuhDIREIFiCEjQi+Fao1q76woCgnWXQDU95wM1CDur9tgDXp6L85QWARHIh4AEPR+OqqUmBHiWy0rR3NE2r5EoP2QsnnjiiZ6G+XmbRL0HiRIikBsBCXpuKLtZUd17rd8/VztCb7755hgHEHV+uz7mgDJEQARGIiBBHwmfTq4jAf/8Viv0akcI8TYP/NfiGBdW6nokYnQUisDoBCToozNUDYURmFzFS5YsSU9EMLA0Q5HSCHgxp1H+QA+hGccxjY8RUSgCoxGQoI/GT2fXkADPbvUcvfqB8Y872DVhTHhRbsqUKalzfIgGk6inSBQRgUkTkKBPGp1OrDMBRN382717t0V7QiWKI4BAs/q2FvitOnHGZdOmTQFxJ41RTqIOCZkIjEZAgj4aP51dUwIPPPBA6pm+GJeiKC3C83FrzFbnln700UeTz8dmibqVUSgCIjA8AQn68Mx0RgMILFy4MPXSb/GmmYVHutsAb7Dz0psRWLNmjUXTkJU6v1WXqKdIFBGBkQlI0EdGqArqSAChQDTwLd7+JU9WDAG2z72Yszq3cYhbJP/IkSNjtt/jckqLgAgMRkCCPhgnlWoggSeffDL1mme0+/fvT9NNj9TRf4Tcb7Uj2KzCx/OVGy8v6vasfbxzdEwERCCbgAQ9m4tyW0AAQTGBYJW+evXqQNiCrtWuCxs3bgxstZtjCPVEYu7L8oddrl69GljRW75CERCB4QhI0IfjpdINI4BA+D/Ywt/qlqhPNIjDHWdVvmXLlvQkxNyvutMDioiACBRKQIJeKF5VXjUBxGXr1q2B1Tq+IOZ33XVXYHuYtGw0Aog5z82tlunTp495g92OKRQBESiWgAS9WL6qvQYEEHW2fwnNHbaHESME3vIUDkcAhl7M4fvyyy+nN0/9alO+CIhAMQQk6MVwVa01I4DY8JyWLXhzDTFitU4oYTcqE4fsbiDmhFYavtpmNxoKRaAaAhL0arir1YoIsFLn86MIkLnASn3ZsmVh27ZtlqUwgwA3PQg5Fos5XD3TjNNLylIzItBdAhL07o59Z3vO83RW67wBbyLEn/ncsGFDQNy9WHUWUtRxuLCbEbMxloTRKUqKgAiUTECCXjJwNVcfAgg6wr5ixYrUKbbfWYEiYKxI0wMdjcBh6tSpAS4eATdC7HRgPr/tcfVPBOpMQIJe59GRb6UQ2LdvX0DY4+fr/MQNQYtXpaU4VWEj3MjwIZ4sIWclzvY6vIhX6KaaFgERiAhI0CMgSnaTACtOhIoVpwkVwsbKlBU7282IO3ltJUTfEHL6Suj7yc0ObDDi/pjieRFQPSIwGgEJ+mj8dHbLCCDmiBbiTty6h9gh7ojd/PnzA4LX9JU7fTp16lTSF7tpoV/WZ0J7LBHz4JhMBESgXgQk6PUaD3lTEwKsQhF2tpYRNS/uZ8+e7RFBxBCxr7PAI94YfiLa3JhgS5cuTfoS+07/re/sXtRkWOTGCAR0avsJSNDbP8bq4QgEEDME3Yv7Pffck9aISCKGbMcj7IgkRhrxxCiTnlBwhLbwh3YRbiz2izzKxa5YXxFyVuSk4zJKi4AI1JeABL2+YyPPakYAgUPcT58+nbxEh+j5lTvuIpQYgoqoYwg8L5jddNNN4ZZbbgmkEVmOEZL2Rjmf9nHKYz6POPXfeOONPXUj3BgCj2+x0Z958+aFzZs3B/4wCkJO/8iPyyotAuMT0NE6EJCg12EU5EPjCCB6bEvbyh1xJx0LvO/YhQsXwrlz55K/+IbIIvqE3AB4o5xP+zjlMZ9HnHauXLlC0NfwGf8QbcQbe+ONN8LatWv7nqMDIiACzSEgQW/OWMnTmhJAKBFzRB2BZ7VLiJGHIaJLliwJlI0NkcWoA1uzZk2gPHGMY1h8nqU5Rjk7j/a84Qc+IeDEqZtza4pTbonAGALKGIyABH0wTiolAkMRQGQxhBZDRPnWOaIaGyKLmQjv2rUrEXRLcwyLz7M0xyhr59GeN/wYynkVFgERaCQBCXojh01Oi4AIiIAI5EOgPbVI0NszluqJCIiACIhAhwlI0Ds8+Oq6CIiACIhAsQTKrF2CXiZttSUCIiACIiACBRGQoBcEVtWKgAiIgAiIQLEEemuXoPfyUEoEREAEREAEGklAgt7IYZPTIiACIiACItBLIG9B761dKREQAREQAREQgVIISNBLwaxGREAEREAERKBYAs0S9GJZqHYREAEREAERaCwBCXpjh06Oi4AIiIAIiMCHBCToH7JQTAREQAREQAQaS0CC3tihk+MiIAIiIAIi8CEBCfqHLIqNqXYREAEREAERKJCABL1AuKpaBERABERABMoiIEEvi3Sx7ah2ERABERCBjhOQoHf8AlD3RUAEREAE2kFAgt6OcSy2F6pdBERABESg9gQk6LUfIjkoAiIgAiIgAhMTkKBPzEgliiWg2kVABERABHIgIEHPAaKqEAEREAEREIGqCUjQqx4BtV8sAdUuAiIgAh0hIEHvyECrmyIgAiIgAu0mIEFv9/iqd8USUO0iIAIiUBsCEvTaDIUcEQEREAEREIHJE5CgT56dzhSBYgmodhEQAREYgoAEfQhYKioCIiACIiACdSUgQa/ryMgvESiWgGoXARFoGQEJessGVN0RAREQARHoJgEJejfHXb0WgWIJqHYREIHSCUjQS0euBkVABERABEQgfwL/DwAA//9/8XedAAAABklEQVQDAPfMCgovXCvAAAAAAElFTkSuQmCC', NULL, '2026-02-05 14:19:29', '2026-02-05 14:30:59', NULL),
(7, 2, NULL, NULL, 2, NULL, NULL, '2026-04-06', '{\"mon\":{\"normal\":1,\"extra\":1,\"noturna\":1,\"fecha\":\"2026-04-06\"},\"tue\":{\"normal\":1,\"extra\":1,\"noturna\":1,\"fecha\":\"2026-04-07\"},\"wed\":{\"normal\":1,\"extra\":1,\"noturna\":1,\"fecha\":\"2026-04-08\"},\"thu\":{\"normal\":1,\"extra\":1,\"noturna\":1,\"fecha\":\"2026-04-09\"},\"fri\":{\"normal\":1,\"extra\":1,\"noturna\":1,\"fecha\":\"2026-04-10\"},\"sat\":{\"normal\":1,\"extra\":1,\"noturna\":1,\"fecha\":\"2026-04-11\"}}', 0.00, 0.0, 0.0, 0.0, 'aprovado_encarregado', NULL, '2026-02-05 14:59:43', '2026-02-05 15:03:08', NULL, 1, NULL, 'data:image/png;base64,iVBORw0KGgoAAAANSUhEUgAAAfQAAADICAYAAAAeGRPoAAAQAElEQVR4AezdP4skRQPH8cbgMD8DI12DQ4zEQIx0EXZBjMVA8KLLNFEx80xWQREj0wNh9RUYupfs+QoMZREUFO4FXHAsB8/jd7jqm92b2emeqequP9+Hp256enqqqz618LOqu3efOT8//59FA38G/BnwZ8CfAX8Gyv4ZeKbzfwoooIACCihQvEDaQC+exw4ooIACCihQhoCBXsY42UoFFFBAAQWuFCg50K/smB8qoIACCijQkoCB3tJo21cFFFBAgWoFDPR1Q+t+BRRQQAEFChIw0AsaLJuqgAIKKKDAOgEDfZ1M2v3WroACCiigQFQBAz0qp5UpoIACCigwj4CBPo972rNauwIKKKBAcwIGenNDbocVUEABBWoUMNBrHNW0fbJ2BRRQQIEMBQz0DAfFJimggAIKKDBWwEAfK+bxaQWsXQEFFFBgKwEDfSs2v6SAAgoooEBeAgZ6XuNha9IKWLsCCihQrYCBXu3Q2jEFFFBAgZYEDPSWRtu+phWwdgUUUGBGAQN9RnxPrYACCiigQCwBAz2WpPUokFbA2hVQQIErBQz0K3n8UAEFFFBAgTIEDPQyxslWKpBWwNoVUKB4AQO9+CG0AwoooIACCnSdge5PgQIKpBawfgUUmEDAQJ8A2VMooIACCiiQWsBATy1s/QookFbA2hVQYCFgoC8Y/EcBBRRQQIGyBQz0ssfP1iugQFoBa1egGAEDvZihsqEKKKCAAgqsFzDQ19v4iQIKKJBWwNoViChgoEfEtCoFFFBAAQXmEjDQ55L3vAoooEBaAWtvTMBAb2zA7a4CCiigQJ0CBnqd42qvFFBAgbQC1p6dgIGe3ZDYIAUUUEABBcYLGOjjzfyGAgoooEBaAWvfQsBA3wLNryiggAIKKLCNwN9//91Rtvnupu8Y6JuE/FwBBRRQoC6BGXpDiB8dHXU3btzoDg4OutPT0+itMNCjk1qhAgoooIACTwRCkPPKXsKdwnbMYqDH1LQuBRRQQIHWBRb9ZwZOgF+7dq3jdbHz8T+3b9/ubt68+fhdvBcDPZ6lNSmggAIKNCrAjJvgJsAph4eHK4P8/Py8I9BTMBnoKVStUwEFFFCgeoHlEOfaOIG+qtMvvvhid3JyEifIV53g8T4D/TGELwoooIACClwlEAL81q1bHbPwq0I81MNs/OzsrNvf3w+7kr0a6MlorVgBBRRQoHSBEOKEN4VZ+PHx8cZuMSsnyAn0jQdHOiBCoEdqidUooIACCiiQgUAIca6DhxBn36amEeLc7MbyOmHO+03fifm5gR5T07oUUEABBYoUILCZfS+HOHeqb+oMoU2I37lzpyPEeZ1ieX1Vu7IP9FWNdp8CCiiggAIxBEKQh5n40BBnKT3MxAlxQj1Ge3apw0DfRc/vKqCAAgoUJxBCnNn4K6+88tTjZaFDzL6ZbRPeFAKcx86YifOez8KxObw2Hug5DIFtUEABBRRILRBCnJk4heV1ZuOPHj1anJrwZpZNUBPchDaFbfZRcgvwRcOX/jHQlzDcVEABBRSoS4DgZiYeQpxgp4cEOCFNaIdZN0vn7CO4+ZzjSioGesLRsmoFFFBAgekFCG2CnGfFeWUmTisIaQKbWTdBzjb7+KyGYqDXMIr2QQEFFGhYgADn2fB1v/CF0Ca8Q4gzA6+Ry0AvdlRtuAIKKNCmwHKAs5z+2muvdYQ5oR5ElkM8BHn4rNZXA73WkbVfCiigQAUChDdL5iydE9oso3M9nG0CnM8ePHiw6Gm4qY0ApzArJ9gXHzbwj4HewCBv00W/o4ACCkwpsBzchDcz7xDebLOPAA9tIqhZOudGNsKbG9vYbi3EgwevBjoKFgUUUECByQSYVRPQFML6cnCzn2OWG0SAX56Bc3Mb+/hs+dhWtw30Vkd+1n57cgUUaEWAmTcBTQnhzSvvKauCm5k3M20Koc3sm1l46zPwTT8zBvomIT9XQAEFFBgsQECzNE5Yv/feex3Xu9mm8BkVMaOmENgUQpvADsHNe/ZTCHe+Y9ksYKBvNvKIwgRsrgIKTCPA7JuQJqyZdbN0zis3rLHvl19+6QhulsUJZ2bYIbQJcPZRCG2Om6bV9Z7FQK93bO2ZAgooEFWAACeoCW3Cm9k32+wj2AllCsHNLDuEN+8JboI9aoOs7IKAgX6BwzcKbBLwcwXaEgghTnhTQnijQHgT1BRm3KEQ3My6OcYynYCBPp21Z1JAAQWyFyDAuQbOsnmYhRPi7A8Bzow7zL4JcwqfZd+5yhtooFc+wHavLAFbq8BcAiHE33nnnQu/dY2gJrBZQmcGzjYz8Lna6XnXCxjo6238RAEFFKhWgBk3M2+ugTMTZ0ZOqP/5558dy+UE9/IsnH3VYlTSMQO9koG0GwpsFvCI1gVCiHMtnEKgczMbLgQ2S+nMwpmNE+jst5QjYKCXM1a2VAEFFNhKgCBnBh5CnPdURIgT3MzECXGW0lli5zNLeQIGenljZosVyFLARuUnwOybEKewnE4LCezlEGeb/ZbyBQz08sfQHiiggAIXBAhvQpzr42E2TnCznE5h+8IXfFOFgIFexTDaCQVqF7B/QwQIb4L8448/7tjmO4Q3S+q8Mjtnn6VOAQO9znG1Vwoo0JAA4c1snDBn++HDhx0BHoK8IYqmu2qgNz38dl4BBRAouYQg53o5/eBGN25wI9B5b2lHwEBvZ6ztqQIKVCRAgPP8OK90i+V0gpxCqLPP0paAgd7WeNtbBRSYXCD+CXkEjZl5qJnZODe7GeRBpM1XA73NcbfXCihQqABBzl3sND/Mygl03lvaFjDQ2x5/e6+AAgUJEOZhiZ3ZOLNyXgvqgk1NKGCgJ8S1agUUUCCWwEsvvdSFMOc3unGtPFbd1lOHgIFexzjaCwUUqFSAx9BeeOGF7t9//130kOV1fuf64k3yfzxBSQIGekmjZVsVUKApAcKcZ8vv37+/6Pc333yzeL588cZ/FLgkYKBfAvGtAgookIMAYX5wcNA3hVn5p59+2r+vYcM+xBUw0ON6WpsCCigQRYA72Ql1KmOZnevmbFsUWCdgoK+Tcb8CCigwkwBBzt8q5/Q8mkags20ZI9DesQZ6e2NujxVQIHOBjz76qG+hYd5TuLFBwEDfAOTHCiigwJQCzM5//fXXxSmvX7/eudS+oMjunxwbZKDnOCq2SQEFmhXg17qGzn/wwQdh01cFNgoY6BuJPEABBRSYRoBfHEPhbFw7//7779m0NCewXYcN9O3c/JYCCigQXWB5du5Se3Te6is00KsfYjuogAIlCHDtnEJbmZ17MxwSljECQwN9TJ0eq4ACCigwUoDnzsNXnJ0HCV/HCBjoY7Q8VgEFFEgkEJ47p/q33nqLF4sCowTyCPRRTfZgBRRQoC6BsNROr1hu90+iImEZK2CgjxXzeAUUUCCyQLiznWpfffVVXiwKjBZoIdBHo/gFBRRQYEqB5Rm6gT6lfF3nMtDrGk97o4ACBQrcu3evbzVL7v0bNxQYIWCgj8Baeag7FVBAgR0EmJ0vL7l7h/sOmI1/1UBv/AfA7iugQD4Czs7zGYsSW2Kg5z1qtk4BBSoXWJ6d7+3tVd5bu5dSwEBPqWvdCiigwAYBltzDIT5/HiR83UbAQN9GrZbv2A8FFMhKYDncs2qYjSlCwEAvYphspAIKtCDgNfQWRjldHw30dLat12z/FVBgpICBPhLMwy8IGOgXOHyjgAIKKKBAmQIGepnjZqsVUKASgZdffrnvybPPPttvu6HAWAEDfayYxyuggAIRBR4+fNjX9scff/TbbigwVsBAHyvm8S0I2EcFZhHwGvos7NWc1ECvZijtiAIKlCjgo2oljlqebTbQ8xwXW1WzgH1TQAEFEggY6AlQrVIBBRQYKuAy+1Apj9skYKBvEvJzBcoSsLUFC9y7d6/g1tv0uQUM9LlHwPMroEDTAvv7+33/j4+PO6+p9xxujBQw0EeCebgCTQvY+egCLLlfv369r/evv/7qt91QYIyAgT5Gy2MVUECBBALvvvtuX+tXX33Vb7uhwBgBA32MlscqoEBKgWbr/vLLL/u+M0M/PT3t37uhwFABA32olMcpoIACiQRYdg/X0rmG/tNPPyU6k9XWLGCg1zy69k0BBZ4IZL71xRdf9C10ht5TuDFCwEAfgeWhCiigQCoBZugU6meWzh3vbFsUGCpgoA+V8jgFFFBgvUCUTz788MO+nqOjo37bDQWGCBjoQ5Q8RgEFFJhAgBk619M5FbN0Qx0Jy1ABA32olMcpoIACiQUI89u3b/dnYdmdYO/6PW4osF7AQF9v4ycKKKDA5AI3b97smKlzYsL81q1bbFoU2ChgoG8k8gAFFFBgWoE7d+70J+SOd0q/I/6GNVYiYKBXMpB2QwEF6hG4vPTuLL2esU3ZEwM9pa51K6CAAlsKcC19een9s88+27Kmmb/m6ScTMNAno/ZECiigwDiB5aX3H374wb/ENo6vuaMN9OaG3A4roEApAiy9f/vtt31zfYytpwgbvi4JGOhLGG4qoIACuQl88sknHXe+0y4eY6OwbVHgsoCBflnE9woooEBmAlxPZ7ZOs5il8zgb25bEAoVVb6AXNmA2VwEF2hMgzMMsnTB3lt7ez8CQHhvoQ5Q8RgEFFJhZgFl6uOudWTpl5iZ5+t0Eon/bQI9OaoUKKKBAGgHueme2Tu3M0pmts21RAAEDHQWLAgooUIAAYe7SewEDNVMTLwT6TG3wtAoooIACAwVYeifYOZxldwrbFgUMdH8GFFBAgcIE7t692y2HukvvhQ1gouZOGOiJemC1CiigQGMChDkz9dDtg4MDf4tcwGj41UBvePDtugIKlCvAtfQQ6szQuUmu3N7Y8hgC1QR6DAzrUEABBUoSINCXH2Uz1EsavfhtNdDjm1qjAgooMJnAyclJfz2dP7PKbH2yk3uirAQM9EHD4UEKKKBAvgJnZ2d9qL/99tv5NtSWJRUw0JPyWrkCCigwjcDXX3+9ONE///zT+SjbgqK5fwz0DIbcJiiggAK7Crz//vsdy+/UQ6BT2La0I2CgtzPW9lQBBSoX2Nvb6//UKoHuTXKVD/il7hnol0Dqe2uPFFCgFYHwfPryne+np6etdL/5fhrozf8ICKCAAjUJEOrhj7hwx7t3vtc0ulf3xUC/2sdPNwj4sQIK5CcQQp2WEer+Jjkk6i8Gev1jbA8VUKBBAZbdmanT9RDqLr+jUW8x0Osd2wp6ZhcUUGAXAX497HKou/y+i2b+3zXQ8x8jW6iAAgpsLXA51N98803/kMvWmnl/0UDPe3xsXUIBq1agFQFC/fPPP1909/79+x3X1F1+X3BU9Y+BXtVw2hkFFFBgtQC/SY4/5sKnXFN3+R2JuoqBXtd42ptsBGyIAvkJEOgUWkaoM1PnlfeW8gUM9PLH0B4ooIACgwUIdApfIMwNdSTqKAZ6HeNoLxoTsLsK7CLANXVDfRfBPL9roOc5LrZKAQUUSCbAL54hW1Xj+gAABahJREFU0CmcxJk6CuUXA738MbQHCkQWsLpWBAh0Cv011FEouxjoZY+frVdAAQV2Eli1/L5ThX55NgEDfTZ6T6xAmwL2Oi8Blt8JdQotY6Z+48YNNi2FCRjohQ2YzVVAAQViCxDqLL1TqDuEOq+8t5QhYKCXMU62UgEFBgl40LYCq0KdR9r8jXLbik7/PQN9enPPqIACCmQrwCz98h90OT4+zra9NuyJgIH+xMItBRRQ4EqBVj7kevrZ2dmiuyy7Hx0ddZTFDv/JVsBAz3ZobJgCCigwnwBL8IT6/v7+4q+zMUs31OcbjyFnNtCHKHmMAgookFwgvxMQ6iy/swzPTP27777r+KMu+bXUFiFgoKNgUUABBRRYKUCoE+gE+3PPPdcxUz88PFzM2ld+wZ2zCRjos9F7YgUUUGA6gV3PxHX1H3/8sSPgufOdZ9V53bVevx9PwECPZ2lNCiigQNUCXE/nujrhTkeZqXtdHYk8ioGexzjYCgUUUKAYAZbfWYZntk6gHx66BJ/D4BnoOYyCbVBAAQUKEyDQCXZCnaV3fgkNN84V1o2qmmugVzWcdkYBBRSYToAl+Lt37y6uqxPmXFfnprnYLbC+YQIG+jAnj1JAAQUUWCHADJ1QD9fVeayNQsCvONxdCQUM9IS4Vq2AAgq0IECos/zOMjzbzNJZgmcpPv/+19NCA72esbQnCiigwKwCBDqzdUKdGXq4C57tWRvWyMkN9EYG2m4qoIACUwgQ5jzaRrizzV3wLMG3Olufwjycw0APEr4qoIACCkQTINBZhifUCXNm6wS7s/VoxE9VZKA/ReIOBRRQQIEYAtwFz2w9BDvX1rkTnlm7wR5D+GIdBvpFD98poIACCkQW4A54rq3zyoydQGe2zsw98qmars5Ab3r47bwCCigwjQBBzkydwsydMHcZPq597ECP2zprU0ABBRSoSoAwPzk56ShsswzPI27M2qvq6AydMdBnQPeUCiigQOsChDmhzoz9+eef7wh0rq8T8K3bbNv/sgJ92176PQUUUECBLAW4rv7zzz93BDs3ynFtnWAn4LNscMaNMtAzHhybpoACCrQgwPV1gp074nncjWAn0Al2Z+zDfwIM9CdWbimggAIKzChAsBPoBDsBT7A7Yx8+IAb6cCuPVEABBRSYQIBgZwmeYOdaO8EeZuwEPLN29k3QlKJOYaBPNVyeRwEFFFBglADBzo1zBDszd0KcMCfUuTM+LMmzf1TFlR5soFc6sHZLAQUUqEWAYCfQCXYCPizHE+SEO8H++uuvdzzXTuDzjHstfR/TDwN9jFa+x9oyBRRQoHoBgp0l+LAcT8AT9G+88Ub3+++/dwQ5AU+wE/JsE/AEf/U4/3XQQP8Pwf8roIACCpQlQLhTCPTffvutI9zD7J2eEOKEOaFOuFPYZh+fcUxtxUCvbURT9Mc6FVBAgcwFCPcwez8/P18EPGHP8jxNJ8QJc0KdcKcwk2cfM3uOKb0Y6KWPoO1XQAEFFHhKgIAn0MPyfJi9E/ocTMAT5AQ8wX7t2rWOkOc9haDnGI4tpRjopYxUve20ZwoooEBSAcKdICfcCXaW5ym8ZwbPZzSAACfIKYQ6AR8Koc8+/iOA4yh8J6dioOc0GrZFAQUUUCC5AAFPIcwJ9RDyvPKe/ZTloCfICXqCnZAPj82xP3mDB57AQB8I5WGFCthsBRRQYIAAAU+AE+SEOoWAZyYfrsmzj8IxHLu3tzeg5ukOMdCns/ZMCiiggAKFChD4BDmFUKcQ+AR7Ll0y0HMZCdtRooBtVkABBbIRMNCzGQobooACCiigwPYCBvr2dn5TgbQC1q6AAgqMEDDQR2B5qAIKKKCAArkKGOi5joztUiCtgLUroEBlAgZ6ZQNqdxRQQAEF2hQw0Nscd3utQFoBa1dAgckFDPTJyT2hAgoooIAC8QX+DwAA//9+0vBLAAAABklEQVQDALz0sDifzFdmAAAAAElFTkSuQmCC', NULL, '2026-02-05 14:59:37', '2026-02-05 15:03:08', NULL),
(8, 2, NULL, NULL, 2, NULL, NULL, '2026-02-02', '{\"mon\":{\"normal\":1,\"extra\":11,\"noturna\":0,\"fecha\":\"2026-02-02\"},\"tue\":{\"normal\":0,\"extra\":1,\"noturna\":1,\"fecha\":\"2026-02-03\"},\"wed\":{\"normal\":1,\"extra\":1,\"noturna\":11,\"fecha\":\"2026-02-04\"},\"thu\":{\"normal\":1,\"extra\":1,\"noturna\":1,\"fecha\":\"2026-02-05\"},\"fri\":{\"normal\":1,\"extra\":1,\"noturna\":1,\"fecha\":\"2026-02-06\"},\"sat\":{\"normal\":0,\"extra\":1,\"noturna\":11,\"fecha\":\"2026-02-07\"}}', 0.00, 0.0, 0.0, 0.0, 'aprovado_encarregado', NULL, '2026-02-06 14:55:40', '2026-02-06 14:56:28', NULL, 1, NULL, 'data:image/png;base64,iVBORw0KGgoAAAANSUhEUgAAAfQAAADICAYAAAAeGRPoAAAQAElEQVR4AezdP6sc1cMH8OFX3FIsLAQLIxIsbdLGP5AEbFJYWGlAzCsQhCCmCkKq+AZSRbEIKdMljYIBTWWdRgXBwsZO0jwP35Wzd7K59+beu3N2Zs58hJOZnZ05c87nXPjumZld//f06dP/Uxj4G/A34G/A34C/gXn/Dfyv8x8BAgQIECAwe4G6gT57Hh0gQIAAAQLzEBDo8xgnrSRAgAABAkcKzDnQj+yYNwkQIECAwJIEBPqSRltfCRAgQKBZAYF+2NDaToAAAQIEZiQg0Gc0WJpKgAABAgQOExDoh8nU3a52AgQIECAwqIBAH5RTZQQIECBAYBwBgT6Oe92zqp0AAQIEFicg0Bc35DpMgAABAi0KCPQWR7Vun9ROgAABAhMUEOgTHBRNIkCAAAECJxUQ6CcVs39dAbUTIECAwKkEBPqp2BxEgAABAgSmJSDQpzUeWlNXQO0ECBBoVkCgNzu0OkaAAAECSxIQ6EsabX2tK6B2AgQIjCgg0EfEd2oCBAgQIDCUgEAfSlI9BOoKqJ0AAQJHCgj0I3m8SYAAAQIE5iEg0OcxTlpJoK6A2gkQmL2AQJ/9EOoAAQIECBDoOoHur4AAgdoC6idAYAcCAn0HyE5BgAABAgRqCwj02sLqJ0CgroDaCRBYCQj0FYN/CBAgQIDAvAUE+rzHT+sJEKgroHYCsxEQ6LMZKg0lQIAAAQKHCwj0w228Q4AAgboCaicwoIBAHxBTVQQIECBAYCwBgT6WvPMSIECgroDaFyYg0Bc24LpLgAABAm0KCPQ2x1WvCBAgUFdA7ZMTEOiTGxINIkCAAAECJxcQ6Cc3cwQBAgQI1BVQ+ykEBPop0BxCgAABAgSmJiDQpzYi2kOAAAECdQUarV2gNzqwukWAAAECyxIQ6Msab70lQIAAgboCo9Uu0Eejd2ICBAgQIDCcgEAfzlJNBAgQIECgrsARtQv0I3C8RYAAAQIE5iIg0OcyUtpJgAABAgSOEBgg0I+o3VsECBAgQIDATgQE+k6YnYQAAQIECNQVmHyg1+2+2gkQIECAQBsCAr2NcdQLAgQIEFi4wMIDfeGjr/sECBAg0IyAQG9mKHWEAAECBJYsINArjr6qCRAgQIDArgQE+q6knYcAAQIECFQUEOgVcetWrXYCBAgQILAvIND3LawRIECAAIHZCgj02Q5d3YarnQABAgTmJSDQ5zVeWkuAAAECBA4UEOgHsthYV0DtBAgQIDC0gEAfWlR9BAgQIEBgBAGBPgK6U9YVUDsBAgSWKCDQlzjq+kyAAAECzQkI9OaGVIfqCqidAAEC0xQQ6NMcF60iQIAAAQInEhDoJ+KyM4G6AmonQIDAaQUE+mnlHEeAAAECBLYQ+P3337c4+vlDBfrzJrYQaFRAtwgQmILAnTt3ur29ve7s2bPdkKEu0KcwutpAgAABAs0LJMgT4levXl33NdvWL7ZcEehbAjqcAIH/BPxLgMDhAufPn+8S5P0Z+fXr17uUw4862TsC/WRe9iZAgAABAscWyAw8l9d//vnn9THvvvtu9+TJk0HDPJUL9CgoBAhMXEDzCMxLIDPxixcvrmblpeWXLl3qHjx4sCqvv/562TzYUqAPRqkiAgQIECDQdQny3Cv/4YcfVhwJ79u3b3f379/vMjtfbazwj0CvgKpKAgTmJaC1BIYQuHHjxurp9RLkqfPKlSvdw4cPuyy7yv8J9MrAqidAgACBtgXK5fUEeulpZuK5vJ6ZeWboZXvNpUCvqatuAgQIdAhaFnj06FF34cKFrszKE94J8pSE+i77LtB3qe1cBAgQqCSQWWKlqlV7iEBC/L333lv/OEwCPE+vZ3nIIVU3C/SqvConQIBAXYHytag8hCXU61r3a0+Y5+G3su3y5curp9fL6zGWAn0MdeckQIDAFgK3bt1afR0q32/Oj5WUqhLuZd2ynkCc+2GeH4e5d+9evRMes2aBfkwouxEgQGBsgYR3QvzatWtdQqXfnoRKSn/b9utq2BTIzDzjULbn6fWpuAv0MiqWBAgQmKhALqVnRrgZ4mlu7tfmvu1UQiVtarl8++236+59+OGHXZ5iX28YeUWgjzwATk+AAIGjBDIjzP3xLDf3e/vtt1f3bfNk9eZ7c3g9xzb2x+HNN9+cVBcE+qSGQ2MIECCwL5DvNWdmvr9lf+3VV1/tHj9+vL/B2k4Ezp07tz7P3bt310+4rzeOuCLQR8R3agIECBwmkPu0CfSD3s9l9j/++OOgt2xbC9RZuXnzZleuiORWSMYpyzpnO1mtAv1kXvYmQIBAdYEE+UH3y3Pi3LPNj5ZkXdm9QMI8D8KVM+cSfH5YJuM1drAL9DIqlgQIEJiAQMI8ZbMpCZIEeT9MNvfxejcCGYNcJSlnS5Bnpp5nHbIs23e9FOi7Fnc+AgQIHCKQMDgozBMeeZI9y0MOtXmHAv0PV1nvn3rMmbpA74+EdQIECIwkkDBPGPRPnwDPrDylv936NARy+yMlM/YS7FmmbNfC0x0t0E/n5igCBAgMIpDLtXmSfTPM873yBHlCfZATqaSKQMYnoZ4rKBmvLKuc6BiVCvRjINmFAAECNQTKA1VZlvoTEE+fPu0S6GWb5TwEMnZjtvS4gT5mG52bAAECzQnkEntm5pmhl85lppdZXnltSeAkAgL9JFr2JUCAwJYCCfAE+eYl9gR57sVuWb3DFywwjUBf8ADoOgECyxHIpfV8tSnL0us8QJX7rmNfri3tsZyvgECf79hpOQECMxLI19EyM+83OffJE+YJ9f526wROI7CEQD+Ni2MIECAwmEDulyfQ+xXmEnsCvb/NOoFtBAT6NnqOJUCAwAsEMivv3y/PffI8xe4S+wvgvH1iAYF+YrKNA7wkQIDAIQKb98vzFHvKIbvbTGArAYG+FZ+DCRAg8LxAnmTf29tb/681MxvPJfbMzp/f2xYCwwgI9GEca9WiXgIEZiaQJ9gzMy/NvnTpUpcwT6iXbZYEaggI9Bqq6iRAYJECefgt98xL5/PQ2/3798tLSwJVBQR6Vd6JV655BAgMJpAw7z/8lq+jJdAHO4GKCLxAQKC/AMjbBAgQOEog98szKy9hnu+U5yn2LI86znsEhhYQ6EOLqq8IWBJoXiBhfuHChS73zdPZ3CfPzDzrCoFdCwj0XYs7HwECTQgkxPPwW0I9HUqY5+G3rCsExhAQ6GOoO+f2AmogMKJAwjyX2UsT8nU0YV40LMcSEOhjyTsvAQKzFMi98n6Y54diUmbZGY1uSkCgNzWcOjOQgGoIHCiQmXmeZi9vZlae2Xl5bUlgTAGBPqa+cxMgMBuBBHmZmecJ9oR57pvPpgMa2ryAQG9+iHVwcgIaNDuB/J/Scqk9DU+Y50l2YR4NZUoCAn1Ko6EtBAhMTiAz8wR6GpYfikmYZ10hMDUBgT61EdEeAtsJOHpAgVxiLzPzhHnKgNWrisCgAgJ9UE6VESDQgkC+W57vmOchuPTnu+++64R5JJQpCwj0KY+OthGYmsAC2pPL6wnzhHq6m0vsH330UVYVApMWEOiTHh6NI0BglwK5xJ5Azznz8JvfZI+EMhcBgT6XkdJOAu0LjNbDzMb39vb8JvtoI+DEQwgI9CEU1UGAwGwFcp88l9hLB/Krb/mOeXltSWAuAgJ9LiOlnQQIbCdwwNEJ81xmL29dvny588tvRcNybgICfW4jpr0ECAwikK+j9cM8QX7v3r1B6lYJgTEEBPoY6s5JgMCoApmZ5wdjSiMS5rnUXl6fYukQAqMLCPTRh0ADCBDYpUDCvD8zz0+4CvNdjoBz1RIQ6LVk1UuAwOQE8jT7ZpjP4gG4yUlq0BQFBPoUR0WbCBCoItC/zJ6ZuTCvwqzSkQQE+kjwTkuAwG4Fbt26tf6eeX40Rpiv/a00IiDQGxlI3SBA4HCB3De/du3aegf3zNcUVhoSEOgNDaauECBwsED/UvsXX3zR5XL7wXvaOriACncmINB3Ru1EBAiMIZDfZs/DcDl3gvzrr7/OqkKgOQGB3tyQ6hABAn2B/IBMef3VV1+VVcs2BPSiJyDQexhWCRBoSyBhXmbnr732mkvtbQ2v3mwICPQNEC8JEGhH4Ndff1135pVXXlmvWyFwLIGZ7STQZzZgmkuAwPEF/vnnn/XO+R+vrF9YIdCggEBvcFB1iQCB/wTydbX/1rou3z0v65YEJiAweBME+uCkKiRAYAoCuXeeUtoi0IuEZasCAr3VkdUvAgsX6M/OQ5GvrGWpEGhV4JlAb7WT+kWAwPIEzM6XN+ZL77FAX/pfgP4TaFTgxx9/XPfM7HxNYaVhgR0GesOKukaAwOQE+pfc3T+f3PBoUAUBgV4BVZUECIwr0L/cnpa88847WSgEmhZoJtCbHiWdI0BgK4EzZ85sdbyDCcxBQKDPYZS0kQABAgQIvEBAoL8A6L+3/UuAwJwF+vfT59wPbSdwlIBAP0rHewQIzFJg8yG4v//+e5b90GgCJxEQ6CfRqrSvagkQGF6gH+qPHj0a/gRqJDAxAYE+sQHRHAIEhhE4d+7cuqKXX355vW6FQKsCAr3VkV33ywqBZQp88MEH647fuXNnvW6FQKsCAr3VkdUvAgsX6F9yD8Xmd9OzTSHQkoBAb2k0R+iLUxKYqkB+7rUf6mbpUx0p7RpKQKAPJakeAgQmJ5BQL41KoJulFw3LFgUEeouj2kyfdITAdgKffPLJuoKEeUJ9vcEKgcYEBHpjA6o7BAjsC2SGnlK23Lhxo0uwl9eWBFoSEOgtjaa+nEjAzssQePDgQde/l37hwgWhvoyhX1wvBfrihlyHCSxP4Pbt2+tQzww9M/XlKehx6wICvfUR1r+RBJx2SgK57H7lypV1k3Iv3e+7rzmsNCIg0BsZSN0gQOBogevXr3effvrpeqerV6+u160QaEFAoLcwivqwOAEdPp3Al19+2WW2nqNz6f3ixYtZVQg0ISDQmxhGnSBA4DgCeTgu99PLvrnsbqZeNCznLiDQ5z6C2k9gcIG2K9wM9dxP95Bc22O+lN4J9KWMtH4SILAWyANyKWVDAj2lvLYkMEcBgT7HUdNmAjMWmErTc+l9M9Rdfp/K6GjHaQQE+mnUHEOAQBMCefI9pXQml9/feOMNPzxTQCxnJSDQZzVcGkuAwNECJ3s399MT6CnlyD///LM7f/585xJ8EbGci4BAn8tIaScBAtUEEuhPnjzp3nrrrdU5/vrrr1Wg52tt+XrbaqN/CExcQKBPfIA0jwCB3Qhktn7//v0u4V7OmK+15bffM1vPetluSWCKAgJ9iqOiTQQIjCKQUE+gZ7ae9TQiM/QEembrZ8+e7fLg3N27dzsBHx1lSgICfUqjoS0ECExCIGH+8OHDZ2braVjCPQ/Offzxx10J+CwT8gn4lOyTfU9eHEFgOwGBvp2fowkQaFQgoV5m61mWn4ztdzfhnRBPyCfYUzKLLyWvUxL4KdmvlBzbr8s6gW0FBPq2go4nQKBp4QiEewAABJ5JREFUgRLs+f+q51L8zZs3VzP3fIc97x3U+YR1SsI+pYR4Qr2UhP5LL73UZZlyWPDn+JTUd9C5jrvNfu0LCPT2x1gPCRAYSCAB/vnnn68CPT9Mk4BPyXqZxWcmn/2Oc8p///139Z33hHVC+6DgT9CnJPRLyeuU8uEg9/hzfErqOs657dOegEBvb0z1iACBHQokvDNbT6BnFp+SkO+X/rasp+RDQPbJMsempJ6U1Jmy2Y2EdUqCO6V8AEigJ+BTEvp7e3tdStZTPvvss9XDfPkAkH1LKcf368r6Ztlsx/OvbZmCgECfwihoAwECzQkkkEsps/a8znpKCe4sE+YpCfeUBP1myfaU7FeOyTIl9fVLzpMS1HwA+OWXX7oS3iXMs0zAp+SDQJYpWd8s+XCQkg8Hpbz//vurDwnZt9RVzpFlzltK2qHUFxDo9Y2dgQABAqcSSCiXkuBOSaCXYM8yJTP+ful/GHj69GmX79dnW/Yp+2eZulJKvVmWctgHhHQkQf3TTz+tPiRkNp9AT4jnA0EpJfj7y4R/eb8ck+NTUu9hxfbjCQj04znZiwABArMVKB8KEtIJ7LJMmKeUcM+ylIR/Kfkw0C/5kFBel/2zTF0pqT8l5w1aPgCkJLgT/CkJ9IR7Qj7loODPfqXk2JTUpxwsINAPdrGVAAECBI4QSFin5ANCKQnzlP4HgYR/Sj4AlO0J/3JMgj8lp0ropyS4E+QJ/FIS+inl0n/W816WKd98883q53pzXD4spI5SUme/5Fz7pZ01gd7OWOoJAQIEJiuQ8E9wpyTME+opJeQT+P2S7Xk/JR8SSsnxZ86cWffzt99+W/1q3/fff7+6BZCQT6An5Evpz/4PWs9+2Z5js55lv6S+w0r2K+/lQ8O6YSOsCPQR0J2SAAECBJ4XSOiXkuBO8KeUMM8yQV9Kwj4fAnIF4PHjx11ZzzKlv1/2LSV1pv5SSksyo896limZ7aeUwD5oWfbLe/lwkeP7ZZfrAn2X2s5FgAABAtUF+h8KEtoJ8H7JB4MS7lkm+PMBIKW/ng8KLyo5JiX75VzVO3fECQT6ETjeIkCAAAEC0xV4tmUC/VkPrwgQIECAwCwFBPosh02jCRAgQIDAswJDB/qztXtFgAABAgQI7ERAoO+E2UkIECBAgEBdgXkFel0LtRMgQIAAgdkKCPTZDp2GEyBAgACBfQGBvm9hjQABAgQIzFZAoM926DScAAECBAjsCwj0fYu6a2onQIAAAQIVBQR6RVxVEyBAgACBXQkI9F1J1z2P2gkQIEBg4QICfeF/ALpPgAABAm0ICPQ2xrFuL9ROgAABApMXEOiTHyINJECAAAECLxYQ6C82skddAbUTIECAwAACAn0ARFUQIECAAIGxBQT62CPg/HUF1E6AAIGFCAj0hQy0bhIgQIBA2wICve3x1bu6AmonQIDAZAQE+mSGQkMIECBAgMDpBQT66e0cSaCugNoJECBwAgGBfgIsuxIgQIAAgakKCPSpjox2EagroHYCBBoTEOiNDajuECBAgMAyBQT6MsddrwnUFVA7AQI7FxDoOyd3QgIECBAgMLzA/wMAAP//iB5VPgAAAAZJREFUAwDA/GU4THkooAAAAABJRU5ErkJggg==', NULL, '2026-02-06 14:55:39', '2026-02-06 14:56:28', NULL);

-- --------------------------------------------------------

--
-- Estrutura para tabela `clientes`
--

CREATE TABLE `clientes` (
  `id` int(11) NOT NULL,
  `nome` varchar(200) NOT NULL,
  `documento` varchar(50) DEFAULT NULL,
  `nif` varchar(50) DEFAULT NULL,
  `email` varchar(200) DEFAULT NULL,
  `email_financeiro` varchar(200) DEFAULT NULL,
  `telefone` varchar(50) DEFAULT NULL,
  `endereco` text DEFAULT NULL,
  `pessoa_contato` varchar(255) DEFAULT NULL,
  `ativo` tinyint(1) NOT NULL DEFAULT 1,
  `criado_em` timestamp NULL DEFAULT current_timestamp(),
  `atualizado_em` timestamp NULL DEFAULT current_timestamp() ON UPDATE current_timestamp()
) ENGINE=InnoDB DEFAULT CHARSET=utf8mb4 COLLATE=utf8mb4_unicode_ci COMMENT='Clientes com campos completos: documento, NIF, endereco, pessoa_contato, email_financeiro';

--
-- Despejando dados para a tabela `clientes`
--

INSERT INTO `clientes` (`id`, `nome`, `documento`, `nif`, `email`, `email_financeiro`, `telefone`, `endereco`, `pessoa_contato`, `ativo`, `criado_em`, `atualizado_em`) VALUES
(1, 'Construcciones ABC', 'B12345678', NULL, 'info@abc.ad', 'contactes@j2s.ad', '+376 123 456', NULL, NULL, 1, '2026-02-02 18:39:48', '2026-02-02 19:28:27');

-- --------------------------------------------------------

--
-- Estrutura para tabela `configuracoes`
--

CREATE TABLE `configuracoes` (
  `id` int(11) NOT NULL,
  `chave` varchar(100) NOT NULL,
  `valor` text DEFAULT NULL,
  `atualizado_em` timestamp NULL DEFAULT current_timestamp() ON UPDATE current_timestamp()
) ENGINE=InnoDB DEFAULT CHARSET=utf8mb4 COLLATE=utf8mb4_unicode_ci;

--
-- Despejando dados para a tabela `configuracoes`
--

INSERT INTO `configuracoes` (`id`, `chave`, `valor`, `atualizado_em`) VALUES
(1, 'smtp_host', 'email-ssl.com.br', '2026-02-02 18:39:48'),
(2, 'smtp_port', '465', '2026-02-02 18:39:48'),
(3, 'smtp_user', 'contactes@j2s.ad', '2026-02-02 18:39:48'),
(4, 'smtp_password', 'cassio321Cr#', '2026-02-02 18:39:48'),
(5, 'smtp_from', 'contactes@j2s.ad', '2026-02-02 18:39:48'),
(6, 'email_financeiro', 'contactes@j2s.ad', '2026-02-02 18:39:48'),
(7, 'email_admin', 'contactes@j2s.ad', '2026-02-04 15:21:37'),
(8, 'email_j2s', 'contactes@j2s.ad', '2026-02-04 15:21:37');

-- --------------------------------------------------------

--
-- Estrutura para tabela `config_fiscal`
--

CREATE TABLE `config_fiscal` (
  `id` int(11) NOT NULL,
  `cas_desconto_funcionario` decimal(5,2) NOT NULL DEFAULT 6.50 COMMENT 'Percentual de CAS descontado do funcionário',
  `cas_custo_empresa` decimal(5,2) NOT NULL DEFAULT 15.50 COMMENT 'Percentual de CAS custo para empresa',
  `igi_percentual` decimal(5,2) NOT NULL DEFAULT 4.50 COMMENT 'Percentual de IGI sobre faturamento',
  `hora_extra_multiplicador` decimal(3,2) NOT NULL DEFAULT 1.40 COMMENT 'Multiplicador para hora extra (1.4x)',
  `hora_noturna_multiplicador` decimal(3,2) NOT NULL DEFAULT 1.60 COMMENT 'Multiplicador para hora noturna (1.6x)',
  `criado_em` timestamp NULL DEFAULT current_timestamp(),
  `atualizado_em` timestamp NULL DEFAULT current_timestamp() ON UPDATE current_timestamp()
) ENGINE=InnoDB DEFAULT CHARSET=utf8mb4 COLLATE=utf8mb4_unicode_ci;

--
-- Despejando dados para a tabela `config_fiscal`
--

INSERT INTO `config_fiscal` (`id`, `cas_desconto_funcionario`, `cas_custo_empresa`, `igi_percentual`, `hora_extra_multiplicador`, `hora_noturna_multiplicador`, `criado_em`, `atualizado_em`) VALUES
(1, 6.50, 15.50, 4.50, 1.40, 1.60, '2026-02-05 18:35:42', '2026-02-05 18:35:42');

-- --------------------------------------------------------

--
-- Estrutura para tabela `config_valores`
--

CREATE TABLE `config_valores` (
  `id` int(11) NOT NULL,
  `valor_hora_normal` decimal(10,2) DEFAULT 21.00,
  `valor_hora_extra` decimal(10,2) DEFAULT 28.00,
  `valor_hora_noturna` decimal(10,2) DEFAULT 30.00,
  `criado_em` timestamp NULL DEFAULT current_timestamp(),
  `atualizado_em` timestamp NULL DEFAULT current_timestamp()
) ENGINE=InnoDB DEFAULT CHARSET=utf8mb4 COLLATE=utf8mb4_unicode_ci;

--
-- Despejando dados para a tabela `config_valores`
--

INSERT INTO `config_valores` (`id`, `valor_hora_normal`, `valor_hora_extra`, `valor_hora_noturna`, `criado_em`, `atualizado_em`) VALUES
(1, 21.00, 28.00, 30.00, '2026-02-03 22:00:03', '2026-02-03 22:00:03'),
(2, 21.00, 28.00, 30.00, '2026-02-04 15:21:37', '2026-02-04 15:21:37');

-- --------------------------------------------------------

--
-- Estrutura para tabela `config_valores_faturamento`
--

CREATE TABLE `config_valores_faturamento` (
  `id` int(11) NOT NULL,
  `valor_hora_normal_faturamento` decimal(10,2) NOT NULL DEFAULT 30.00 COMMENT 'Valor cobrado do cliente por hora normal',
  `valor_hora_extra_faturamento` decimal(10,2) NOT NULL DEFAULT 42.00 COMMENT 'Valor cobrado do cliente por hora extra',
  `valor_hora_noturna_faturamento` decimal(10,2) NOT NULL DEFAULT 48.00 COMMENT 'Valor cobrado do cliente por hora noturna',
  `criado_em` timestamp NULL DEFAULT current_timestamp(),
  `atualizado_em` timestamp NULL DEFAULT current_timestamp() ON UPDATE current_timestamp()
) ENGINE=InnoDB DEFAULT CHARSET=utf8mb4 COLLATE=utf8mb4_unicode_ci;

--
-- Despejando dados para a tabela `config_valores_faturamento`
--

INSERT INTO `config_valores_faturamento` (`id`, `valor_hora_normal_faturamento`, `valor_hora_extra_faturamento`, `valor_hora_noturna_faturamento`, `criado_em`, `atualizado_em`) VALUES
(1, 30.00, 42.00, 48.00, '2026-02-05 18:35:42', '2026-02-05 18:35:42');

-- --------------------------------------------------------

--
-- Estrutura para tabela `faturamento`
--

CREATE TABLE `faturamento` (
  `id` int(11) NOT NULL,
  `obra_id` int(11) NOT NULL,
  `mes_referencia` varchar(7) NOT NULL COMMENT 'YYYY-MM',
  `horas_normais` decimal(10,2) DEFAULT 0.00,
  `horas_extra` decimal(10,2) DEFAULT 0.00,
  `horas_noturna` decimal(10,2) DEFAULT 0.00,
  `valor_hora_normal` decimal(10,2) NOT NULL,
  `valor_hora_extra` decimal(10,2) NOT NULL,
  `valor_hora_noturna` decimal(10,2) NOT NULL,
  `valor_total_servicos` decimal(10,2) NOT NULL,
  `igi_percentual` decimal(5,2) DEFAULT 4.50,
  `igi_valor` decimal(10,2) GENERATED ALWAYS AS (`valor_total_servicos` * `igi_percentual` / 100) STORED,
  `valor_total_fatura` decimal(10,2) GENERATED ALWAYS AS (`valor_total_servicos` + `valor_total_servicos` * `igi_percentual` / 100) STORED,
  `observacoes` text DEFAULT NULL,
  `criado_em` timestamp NULL DEFAULT current_timestamp(),
  `atualizado_em` timestamp NULL DEFAULT current_timestamp() ON UPDATE current_timestamp()
) ENGINE=InnoDB DEFAULT CHARSET=utf8mb4 COLLATE=utf8mb4_unicode_ci;

--
-- Despejando dados para a tabela `faturamento`
--

INSERT INTO `faturamento` (`id`, `obra_id`, `mes_referencia`, `horas_normais`, `horas_extra`, `horas_noturna`, `valor_hora_normal`, `valor_hora_extra`, `valor_hora_noturna`, `valor_total_servicos`, `igi_percentual`, `observacoes`, `criado_em`, `atualizado_em`) VALUES
(1, 1, '2026-02', 0.00, 0.00, 0.00, 30.00, 42.00, 48.00, 0.00, 4.50, NULL, '2026-02-06 18:10:47', '2026-02-06 18:10:47'),
(2, 2, '2026-02', 0.00, 0.00, 0.00, 30.00, 42.00, 48.00, 0.00, 4.50, NULL, '2026-02-06 18:10:47', '2026-02-06 18:10:47');

-- --------------------------------------------------------

--
-- Estrutura para tabela `folha_pagamento`
--

CREATE TABLE `folha_pagamento` (
  `id` int(11) NOT NULL,
  `funcionario_id` int(11) NOT NULL,
  `obra_id` int(11) NOT NULL,
  `mes_referencia` varchar(7) NOT NULL COMMENT 'YYYY-MM',
  `horas_normais` decimal(10,2) DEFAULT 0.00,
  `horas_extra` decimal(10,2) DEFAULT 0.00,
  `horas_noturna` decimal(10,2) DEFAULT 0.00,
  `salario_base` decimal(10,2) NOT NULL,
  `salario_hora` decimal(10,2) NOT NULL,
  `vale_moradia` decimal(10,2) DEFAULT 0.00,
  `ibf` decimal(10,2) DEFAULT 0.00,
  `cas_desconto_funcionario_percentual` decimal(5,2) DEFAULT 6.50,
  `cas_custo_empresa_percentual` decimal(5,2) DEFAULT 15.50,
  `valor_horas_normais` decimal(10,2) GENERATED ALWAYS AS (`horas_normais` * `salario_hora`) STORED,
  `valor_horas_extra` decimal(10,2) GENERATED ALWAYS AS (`horas_extra` * `salario_hora` * 1.4) STORED,
  `valor_horas_noturna` decimal(10,2) GENERATED ALWAYS AS (`horas_noturna` * `salario_hora` * 1.6) STORED,
  `subtotal_horas` decimal(10,2) GENERATED ALWAYS AS (`horas_normais` * `salario_hora` + `horas_extra` * `salario_hora` * 1.4 + `horas_noturna` * `salario_hora` * 1.6) STORED,
  `cas_desconto_funcionario_valor` decimal(10,2) GENERATED ALWAYS AS (`salario_base` * `cas_desconto_funcionario_percentual` / 100) STORED,
  `cas_custo_empresa_valor` decimal(10,2) GENERATED ALWAYS AS (`salario_base` * `cas_custo_empresa_percentual` / 100) STORED,
  `total_provimentos` decimal(10,2) GENERATED ALWAYS AS (`horas_normais` * `salario_hora` + `horas_extra` * `salario_hora` * 1.4 + `horas_noturna` * `salario_hora` * 1.6 + `vale_moradia` + `ibf`) STORED,
  `total_descontos` decimal(10,2) GENERATED ALWAYS AS (`salario_base` * `cas_desconto_funcionario_percentual` / 100) STORED,
  `liquido_a_pagar` decimal(10,2) GENERATED ALWAYS AS (`horas_normais` * `salario_hora` + `horas_extra` * `salario_hora` * 1.4 + `horas_noturna` * `salario_hora` * 1.6 + `vale_moradia` + `ibf` - `salario_base` * `cas_desconto_funcionario_percentual` / 100) STORED,
  `custo_total_empresa` decimal(10,2) GENERATED ALWAYS AS (`horas_normais` * `salario_hora` + `horas_extra` * `salario_hora` * 1.4 + `horas_noturna` * `salario_hora` * 1.6 + `vale_moradia` + `ibf` + `salario_base` * `cas_custo_empresa_percentual` / 100) STORED,
  `criado_em` timestamp NULL DEFAULT current_timestamp(),
  `atualizado_em` timestamp NULL DEFAULT current_timestamp() ON UPDATE current_timestamp()
) ENGINE=InnoDB DEFAULT CHARSET=utf8mb4 COLLATE=utf8mb4_unicode_ci;

-- --------------------------------------------------------

--
-- Estrutura para tabela `funcionario_obra`
--

CREATE TABLE `funcionario_obra` (
  `id` int(11) NOT NULL,
  `funcionario_id` int(11) NOT NULL,
  `obra_id` int(11) NOT NULL,
  `vinculado_em` timestamp NULL DEFAULT current_timestamp()
) ENGINE=InnoDB DEFAULT CHARSET=utf8mb4 COLLATE=utf8mb4_unicode_ci;

--
-- Despejando dados para a tabela `funcionario_obra`
--

INSERT INTO `funcionario_obra` (`id`, `funcionario_id`, `obra_id`, `vinculado_em`) VALUES
(1, 2, 1, '2026-02-02 18:39:48'),
(3, 3, 1, '2026-02-02 18:39:48'),
(6, 2, 4, '2026-02-05 14:48:56'),
(7, 3, 4, '2026-02-05 14:48:56'),
(11, 2, 2, '2026-02-06 13:09:51');

-- --------------------------------------------------------

--
-- Estrutura para tabela `obras`
--

CREATE TABLE `obras` (
  `id` int(11) NOT NULL,
  `numero` varchar(50) NOT NULL,
  `nome` varchar(200) NOT NULL,
  `cliente_id` int(11) DEFAULT NULL,
  `encarregado_id` int(11) DEFAULT NULL,
  `endereco` text DEFAULT NULL,
  `data_inicio` date DEFAULT NULL,
  `data_fim` date DEFAULT NULL,
  `ativo` tinyint(1) DEFAULT 1,
  `email_financeiro` varchar(255) DEFAULT NULL,
  `ativa` tinyint(1) NOT NULL DEFAULT 1,
  `criado_em` timestamp NULL DEFAULT current_timestamp(),
  `atualizado_em` timestamp NULL DEFAULT current_timestamp() ON UPDATE current_timestamp()
) ENGINE=InnoDB DEFAULT CHARSET=utf8mb4 COLLATE=utf8mb4_unicode_ci;

--
-- Despejando dados para a tabela `obras`
--

INSERT INTO `obras` (`id`, `numero`, `nome`, `cliente_id`, `encarregado_id`, `endereco`, `data_inicio`, `data_fim`, `ativo`, `email_financeiro`, `ativa`, `criado_em`, `atualizado_em`) VALUES
(1, 'OB-001', 'Edificio Central', 1, 1, 'Av. Principal, 123', NULL, NULL, 0, NULL, 0, '2026-02-02 18:39:48', '2026-02-02 23:46:07'),
(2, 'OB-002', 'Residencial Norte', 1, 1, 'Calle Norte, 45', '2026-06-02', '2027-06-02', 1, 'guilherme96v@gmail.com', 1, '2026-02-02 18:39:48', '2026-02-06 13:09:48'),
(3, 'TESTE', 'teste', NULL, NULL, 'teste', NULL, NULL, 0, 'guilherme96v@gmail.com', 0, '2026-02-03 19:42:01', '2026-02-06 12:42:39'),
(4, '111111111', 'GGGGGGGGGGGGGG', 1, 1, 'JJJJJJJJJJ', NULL, NULL, 0, 'contactes@j2s.ad', 0, '2026-02-05 14:48:26', '2026-02-06 12:42:26');

-- --------------------------------------------------------

--
-- Estrutura para tabela `obra_funcionarios`
--

CREATE TABLE `obra_funcionarios` (
  `id` int(11) NOT NULL,
  `obra_id` int(11) NOT NULL,
  `funcionario_id` int(11) NOT NULL,
  `created_at` datetime DEFAULT current_timestamp()
) ENGINE=InnoDB DEFAULT CHARSET=utf8mb4 COLLATE=utf8mb4_unicode_ci;

-- --------------------------------------------------------

--
-- Estrutura para tabela `usuarios`
--

CREATE TABLE `usuarios` (
  `id` int(11) NOT NULL,
  `passaporte` varchar(50) NOT NULL,
  `senha_hash` varchar(255) NOT NULL,
  `nome` varchar(200) NOT NULL,
  `email` varchar(200) DEFAULT NULL,
  `telefone` varchar(50) DEFAULT NULL,
  `funcao` varchar(100) DEFAULT NULL,
  `salario_base` decimal(10,2) DEFAULT NULL,
  `salario_hora` decimal(10,2) DEFAULT NULL,
  `vale_moradia` decimal(10,2) DEFAULT 0.00,
  `ibf` decimal(10,2) DEFAULT 0.00,
  `foto_url` varchar(500) DEFAULT NULL,
  `biometria_credential_id` text DEFAULT NULL,
  `biometria_public_key` text DEFAULT NULL,
  `biometria_cadastrada` tinyint(1) DEFAULT 0,
  `tipo` enum('funcionario','encarregado','admin') NOT NULL DEFAULT 'funcionario',
  `encarregado_id` int(11) DEFAULT NULL,
  `ativo` tinyint(1) NOT NULL DEFAULT 1,
  `criado_em` timestamp NULL DEFAULT current_timestamp(),
  `atualizado_em` timestamp NULL DEFAULT current_timestamp() ON UPDATE current_timestamp()
) ENGINE=InnoDB DEFAULT CHARSET=utf8mb4 COLLATE=utf8mb4_unicode_ci;

--
-- Despejando dados para a tabela `usuarios`
--

INSERT INTO `usuarios` (`id`, `passaporte`, `senha_hash`, `nome`, `email`, `telefone`, `funcao`, `salario_base`, `salario_hora`, `vale_moradia`, `ibf`, `foto_url`, `biometria_credential_id`, `biometria_public_key`, `biometria_cadastrada`, `tipo`, `encarregado_id`, `ativo`, `criado_em`, `atualizado_em`) VALUES
(1, 'ENC001', '$2y$10$juU6Q4d.pL2rbF.X5daI..cweJ2h/rsFm3IEyc9lbr4lM3mQp1zZW', 'Carlos Supervisor', 'carlos@j2s.ad', NULL, NULL, NULL, NULL, 0.00, 0.00, '/login/backend/uploads/fotos/user_1_1770158850.webp', NULL, NULL, 0, 'encarregado', NULL, 1, '2026-02-02 18:39:48', '2026-02-03 22:47:30'),
(2, 'FUNC001', '$2y$10$nrdmwLsGfKYjlW8KEb81ueitzlLyAenx4M4PQMzJP0eSxck1fz8cC', 'Juan García', 'juan@j2s.ad', NULL, NULL, NULL, NULL, 0.00, 0.00, '/login/backend/uploads/fotos/user_2_1770162487.webp', NULL, NULL, 0, 'funcionario', 1, 1, '2026-02-02 18:39:48', '2026-02-03 23:48:07'),
(3, 'FUNC002', '$2y$10$zZ8otZkXjswnEexZZkwmhuVzZ6cRhAD3cQldo62XfA2gU5G44Qtbe', 'Maria López', 'maria@j2s.ad', NULL, NULL, NULL, NULL, 0.00, 0.00, NULL, NULL, NULL, 0, 'funcionario', 1, 0, '2026-02-02 18:39:48', '2026-02-05 18:38:49'),
(4, 'ADMIN', '$2y$10$hyx...vh8ggqDljVRBqil.wNsLXnC0tQ3yHLFH43euV1AsBLa4Y/O', 'Administrador Recursos Humanos', 'admin@j2s.ad', '', '', NULL, NULL, 0.00, 0.00, '/login/backend/uploads/fotos/user_4_1770156207.webp', NULL, NULL, 0, 'admin', NULL, 1, '2026-02-02 21:36:44', '2026-02-03 22:03:27');

-- --------------------------------------------------------

--
-- Estrutura stand-in para view `vw_dashboard_financeiro_obra`
-- (Veja abaixo para a visão atual)
--
CREATE TABLE `vw_dashboard_financeiro_obra` (
`obra_id` int(11)
,`obra_numero` varchar(50)
,`obra_nome` varchar(200)
,`cliente_nome` varchar(200)
,`mes_referencia` varchar(7)
,`receita_total` decimal(10,2)
,`receita_servicos` decimal(10,2)
,`receita_igi` decimal(10,2)
,`custo_total` decimal(32,2)
,`custo_liquido_funcionarios` decimal(32,2)
,`custo_cas_empresa` decimal(32,2)
,`lucro` decimal(33,2)
,`margem_percentual` decimal(42,6)
);

--
-- Índices para tabelas despejadas
--

--
-- Índices de tabela `apontamentos`
--
ALTER TABLE `apontamentos`
  ADD PRIMARY KEY (`id`),
  ADD UNIQUE KEY `unique_funcionario_semana_obra` (`funcionario_id`,`obra_id`,`semana_inicio`),
  ADD KEY `idx_funcionario` (`funcionario_id`),
  ADD KEY `idx_obra` (`obra_id`),
  ADD KEY `idx_status` (`status`),
  ADD KEY `idx_semana` (`semana_inicio`),
  ADD KEY `idx_aprovado_admin_por` (`aprovado_admin_por`),
  ADD KEY `fk_apontamentos_aprovador` (`aprovado_por`),
  ADD KEY `idx_deletado` (`deletado_em`);

--
-- Índices de tabela `clientes`
--
ALTER TABLE `clientes`
  ADD PRIMARY KEY (`id`),
  ADD KEY `idx_ativo` (`ativo`),
  ADD KEY `idx_clientes_documento` (`documento`),
  ADD KEY `idx_clientes_nif` (`nif`);

--
-- Índices de tabela `configuracoes`
--
ALTER TABLE `configuracoes`
  ADD PRIMARY KEY (`id`),
  ADD UNIQUE KEY `chave` (`chave`);

--
-- Índices de tabela `config_fiscal`
--
ALTER TABLE `config_fiscal`
  ADD PRIMARY KEY (`id`);

--
-- Índices de tabela `config_valores`
--
ALTER TABLE `config_valores`
  ADD PRIMARY KEY (`id`);

--
-- Índices de tabela `config_valores_faturamento`
--
ALTER TABLE `config_valores_faturamento`
  ADD PRIMARY KEY (`id`);

--
-- Índices de tabela `faturamento`
--
ALTER TABLE `faturamento`
  ADD PRIMARY KEY (`id`),
  ADD UNIQUE KEY `unique_obra_mes` (`obra_id`,`mes_referencia`),
  ADD KEY `idx_mes_referencia` (`mes_referencia`),
  ADD KEY `idx_obra` (`obra_id`);

--
-- Índices de tabela `folha_pagamento`
--
ALTER TABLE `folha_pagamento`
  ADD PRIMARY KEY (`id`),
  ADD UNIQUE KEY `unique_funcionario_obra_mes` (`funcionario_id`,`obra_id`,`mes_referencia`),
  ADD KEY `idx_mes_referencia` (`mes_referencia`),
  ADD KEY `idx_funcionario` (`funcionario_id`),
  ADD KEY `idx_obra` (`obra_id`);

--
-- Índices de tabela `funcionario_obra`
--
ALTER TABLE `funcionario_obra`
  ADD PRIMARY KEY (`id`),
  ADD UNIQUE KEY `unique_funcionario_obra` (`funcionario_id`,`obra_id`),
  ADD KEY `obra_id` (`obra_id`);

--
-- Índices de tabela `obras`
--
ALTER TABLE `obras`
  ADD PRIMARY KEY (`id`),
  ADD UNIQUE KEY `numero` (`numero`),
  ADD KEY `idx_ativa` (`ativa`),
  ADD KEY `idx_cliente` (`cliente_id`),
  ADD KEY `idx_encarregado` (`encarregado_id`),
  ADD KEY `idx_data_inicio` (`data_inicio`),
  ADD KEY `idx_data_fim` (`data_fim`);

--
-- Índices de tabela `obra_funcionarios`
--
ALTER TABLE `obra_funcionarios`
  ADD PRIMARY KEY (`id`),
  ADD UNIQUE KEY `unique_obra_funcionario` (`obra_id`,`funcionario_id`),
  ADD KEY `funcionario_id` (`funcionario_id`);

--
-- Índices de tabela `usuarios`
--
ALTER TABLE `usuarios`
  ADD PRIMARY KEY (`id`),
  ADD UNIQUE KEY `passaporte` (`passaporte`),
  ADD KEY `idx_tipo` (`tipo`),
  ADD KEY `idx_ativo` (`ativo`),
  ADD KEY `idx_encarregado` (`encarregado_id`),
  ADD KEY `idx_passaporte` (`passaporte`);

--
-- AUTO_INCREMENT para tabelas despejadas
--

--
-- AUTO_INCREMENT de tabela `apontamentos`
--
ALTER TABLE `apontamentos`
  MODIFY `id` int(11) NOT NULL AUTO_INCREMENT, AUTO_INCREMENT=9;

--
-- AUTO_INCREMENT de tabela `clientes`
--
ALTER TABLE `clientes`
  MODIFY `id` int(11) NOT NULL AUTO_INCREMENT, AUTO_INCREMENT=2;

--
-- AUTO_INCREMENT de tabela `configuracoes`
--
ALTER TABLE `configuracoes`
  MODIFY `id` int(11) NOT NULL AUTO_INCREMENT, AUTO_INCREMENT=9;

--
-- AUTO_INCREMENT de tabela `config_fiscal`
--
ALTER TABLE `config_fiscal`
  MODIFY `id` int(11) NOT NULL AUTO_INCREMENT, AUTO_INCREMENT=2;

--
-- AUTO_INCREMENT de tabela `config_valores`
--
ALTER TABLE `config_valores`
  MODIFY `id` int(11) NOT NULL AUTO_INCREMENT, AUTO_INCREMENT=3;

--
-- AUTO_INCREMENT de tabela `config_valores_faturamento`
--
ALTER TABLE `config_valores_faturamento`
  MODIFY `id` int(11) NOT NULL AUTO_INCREMENT, AUTO_INCREMENT=2;

--
-- AUTO_INCREMENT de tabela `faturamento`
--
ALTER TABLE `faturamento`
  MODIFY `id` int(11) NOT NULL AUTO_INCREMENT, AUTO_INCREMENT=3;

--
-- AUTO_INCREMENT de tabela `folha_pagamento`
--
ALTER TABLE `folha_pagamento`
  MODIFY `id` int(11) NOT NULL AUTO_INCREMENT;

--
-- AUTO_INCREMENT de tabela `funcionario_obra`
--
ALTER TABLE `funcionario_obra`
  MODIFY `id` int(11) NOT NULL AUTO_INCREMENT, AUTO_INCREMENT=12;

--
-- AUTO_INCREMENT de tabela `obras`
--
ALTER TABLE `obras`
  MODIFY `id` int(11) NOT NULL AUTO_INCREMENT, AUTO_INCREMENT=5;

--
-- AUTO_INCREMENT de tabela `obra_funcionarios`
--
ALTER TABLE `obra_funcionarios`
  MODIFY `id` int(11) NOT NULL AUTO_INCREMENT;

--
-- AUTO_INCREMENT de tabela `usuarios`
--
ALTER TABLE `usuarios`
  MODIFY `id` int(11) NOT NULL AUTO_INCREMENT, AUTO_INCREMENT=5;

-- --------------------------------------------------------

--
-- Estrutura para view `vw_dashboard_financeiro_obra`
--
DROP TABLE IF EXISTS `vw_dashboard_financeiro_obra`;

CREATE ALGORITHM=UNDEFINED DEFINER=`u268549871_saas`@`127.0.0.1` SQL SECURITY DEFINER VIEW `vw_dashboard_financeiro_obra`  AS SELECT `o`.`id` AS `obra_id`, `o`.`numero` AS `obra_numero`, `o`.`nome` AS `obra_nome`, `c`.`nome` AS `cliente_nome`, `fp`.`mes_referencia` AS `mes_referencia`, coalesce(`f`.`valor_total_fatura`,0) AS `receita_total`, coalesce(`f`.`valor_total_servicos`,0) AS `receita_servicos`, coalesce(`f`.`igi_valor`,0) AS `receita_igi`, coalesce(sum(`fp`.`custo_total_empresa`),0) AS `custo_total`, coalesce(sum(`fp`.`liquido_a_pagar`),0) AS `custo_liquido_funcionarios`, coalesce(sum(`fp`.`cas_custo_empresa_valor`),0) AS `custo_cas_empresa`, coalesce(`f`.`valor_total_fatura`,0) - coalesce(sum(`fp`.`custo_total_empresa`),0) AS `lucro`, CASE WHEN coalesce(`f`.`valor_total_fatura`,0) > 0 THEN (coalesce(`f`.`valor_total_fatura`,0) - coalesce(sum(`fp`.`custo_total_empresa`),0)) / coalesce(`f`.`valor_total_fatura`,0) * 100 ELSE 0 END AS `margem_percentual` FROM (((`obras` `o` left join `clientes` `c` on(`c`.`id` = `o`.`cliente_id`)) left join `folha_pagamento` `fp` on(`fp`.`obra_id` = `o`.`id`)) left join `faturamento` `f` on(`f`.`obra_id` = `o`.`id` and `f`.`mes_referencia` = `fp`.`mes_referencia`)) WHERE `o`.`ativa` = 1 GROUP BY `o`.`id`, `c`.`nome`, `fp`.`mes_referencia`, `f`.`valor_total_fatura`, `f`.`valor_total_servicos`, `f`.`igi_valor` ;

--
-- Restrições para tabelas despejadas
--

--
-- Restrições para tabelas `apontamentos`
--
ALTER TABLE `apontamentos`
  ADD CONSTRAINT `fk_apontamentos_aprovador` FOREIGN KEY (`aprovado_por`) REFERENCES `usuarios` (`id`) ON DELETE SET NULL ON UPDATE CASCADE,
  ADD CONSTRAINT `fk_apontamentos_funcionario` FOREIGN KEY (`funcionario_id`) REFERENCES `usuarios` (`id`) ON UPDATE CASCADE,
  ADD CONSTRAINT `fk_apontamentos_obra` FOREIGN KEY (`obra_id`) REFERENCES `obras` (`id`) ON UPDATE CASCADE,
  ADD CONSTRAINT `fk_aprovado_admin_por` FOREIGN KEY (`aprovado_admin_por`) REFERENCES `usuarios` (`id`) ON DELETE SET NULL;

--
-- Restrições para tabelas `faturamento`
--
ALTER TABLE `faturamento`
  ADD CONSTRAINT `faturamento_ibfk_1` FOREIGN KEY (`obra_id`) REFERENCES `obras` (`id`);

--
-- Restrições para tabelas `folha_pagamento`
--
ALTER TABLE `folha_pagamento`
  ADD CONSTRAINT `folha_pagamento_ibfk_1` FOREIGN KEY (`funcionario_id`) REFERENCES `usuarios` (`id`),
  ADD CONSTRAINT `folha_pagamento_ibfk_2` FOREIGN KEY (`obra_id`) REFERENCES `obras` (`id`);

--
-- Restrições para tabelas `funcionario_obra`
--
ALTER TABLE `funcionario_obra`
  ADD CONSTRAINT `funcionario_obra_ibfk_1` FOREIGN KEY (`funcionario_id`) REFERENCES `usuarios` (`id`) ON DELETE CASCADE,
  ADD CONSTRAINT `funcionario_obra_ibfk_2` FOREIGN KEY (`obra_id`) REFERENCES `obras` (`id`) ON DELETE CASCADE;

--
-- Restrições para tabelas `obras`
--
ALTER TABLE `obras`
  ADD CONSTRAINT `obras_ibfk_1` FOREIGN KEY (`cliente_id`) REFERENCES `clientes` (`id`) ON DELETE SET NULL,
  ADD CONSTRAINT `obras_ibfk_2` FOREIGN KEY (`encarregado_id`) REFERENCES `usuarios` (`id`) ON DELETE SET NULL,
  ADD CONSTRAINT `obras_ibfk_3` FOREIGN KEY (`encarregado_id`) REFERENCES `usuarios` (`id`) ON DELETE SET NULL;

--
-- Restrições para tabelas `obra_funcionarios`
--
ALTER TABLE `obra_funcionarios`
  ADD CONSTRAINT `obra_funcionarios_ibfk_1` FOREIGN KEY (`obra_id`) REFERENCES `obras` (`id`) ON DELETE CASCADE,
  ADD CONSTRAINT `obra_funcionarios_ibfk_2` FOREIGN KEY (`funcionario_id`) REFERENCES `usuarios` (`id`) ON DELETE CASCADE;

--
-- Restrições para tabelas `usuarios`
--
ALTER TABLE `usuarios`
  ADD CONSTRAINT `usuarios_ibfk_1` FOREIGN KEY (`encarregado_id`) REFERENCES `usuarios` (`id`) ON DELETE SET NULL;
COMMIT;

/*!40101 SET CHARACTER_SET_CLIENT=@OLD_CHARACTER_SET_CLIENT */;
/*!40101 SET CHARACTER_SET_RESULTS=@OLD_CHARACTER_SET_RESULTS */;
/*!40101 SET COLLATION_CONNECTION=@OLD_COLLATION_CONNECTION */;
